ano,cpb,titulo,direcao,genero,produtora_maj,produtora_min,distribuidora,uf_bruto,uf2_bruto,max_salas,publico,renda_corrente,uf_maj,n_ufs,coproducao,decada,filmes_diretor_antes,filmes_distribuidora_antes,filmes_produtora_antes,estreia_do_diretor,experiencia_da_direcao,porte_da_distribuidora,contratos_fsa,projetos_incentivo,recebeu_fsa,recebeu_incentivo,origem_do_fomento,deflator,renda_deflacionada_2024,populacao_br,filmes_no_ano,sucesso_global,mediana_publico_do_ano,sucesso_no_ano
1995,B0400064200000,A Causa Secreta,Sérgio Bianchi,Ficção,Agravo Produções Cinematográficas,,Riofilme,SP,,,3000,15000.0,SP,1.0,0,1990,0,0,0,1,estreante,nova,0.0,0.0,0.0,0.0,sem fomento,6.092157965966169,91382.36948949253,,14,1,14230.5,0
1995,B0500310700000,"Carlota Joaquina, Princesa Do Brazil",Carla Camurati,Ficção,Copacabana Filmes E Produções,,Elimar,RJ,,33,1286000,6430000.0,RJ,1.0,0,1990,0,0,0,1,estreante,nova,0.0,0.0,0.0,0.0,sem fomento,6.092157965966169,39172575.72116246,,14,1,14230.5,1
1995,B0500264600000,Carmen Miranda - Bananas Is My Business,Helena Solberg,Documentário,Radiante Filmes,,Riofilme,RJ,,,15470,90000.0,RJ,1.0,0,1990,0,0,0,1,estreante,nova,0.0,0.0,0.0,0.0,sem fomento,6.092157965966169,548294.2169369552,,14,1,14230.5,1
1995,,Cinema De Lágrimas,Nelson Pereira Dos Santos,Ficção,Meta Vídeo Produções,,Riofilme,RJ,,,1575,7500.0,RJ,1.0,0,1990,0,0,0,1,estreante,nova,,,,,,6.092157965966169,45691.184744746264,,14,0,14230.5,0
1995,B0300012900000,Efeito Ilha,Luiz Alberto Pereira,Ficção,Lapfilme,,Riofilme,SP,,,3000,15000.0,SP,1.0,0,1990,0,0,0,1,estreante,nova,0.0,0.0,0.0,0.0,sem fomento,6.092157965966169,91382.36948949253,,14,1,14230.5,0
1995,B0500311400000,Louco Por Cinema,André Luiz Oliveira,Ficção,Asacine Produções,,Riofilme,DF,,,12991,60000.0,DF,1.0,0,1990,0,0,0,1,estreante,nova,0.0,0.0,0.0,0.0,sem fomento,6.092157965966169,365529.4779579701,,14,1,14230.5,0
1995,B0700675000000,Menino Maluquinho - O Filme,Helvécio Ratton,Ficção,Grupo Novo De Cinema E Tv,,S. Ribeiro/Riofilme,RJ,,32,397072,1533032.8,RJ,1.0,0,1990,0,0,0,1,estreante,nova,0.0,0.0,0.0,0.0,sem fomento,6.092157965966169,9339477.98460742,,14,1,14230.5,1
1995,B1101392800000,O Mandarim,Julio Bressane,Ficção,Julio Bressane,,Riofilme,RJ,,,7616,35000.0,RJ,1.0,0,1990,0,0,0,1,estreante,nova,0.0,0.0,0.0,0.0,sem fomento,6.092157965966169,213225.5288088159,,14,1,14230.5,0
1995,B0500309200000,O Quatrilho,Fábio Barreto,Ficção,Filmes Do Equador,,S. Ribeiro,RJ,,64,1117154,4513302.0,RJ,1.0,0,1990,0,0,0,1,estreante,nova,0.0,0.0,0.0,0.0,sem fomento,6.092157965966169,27495748.73211104,,14,1,14230.5,1
1995,B0500434300000,Perfume De Gardênia,Guilherme De Almeida Prado,Ficção,Star Filmes,,Riofilme,SP,,,9077,55000.0,SP,1.0,0,1990,0,0,0,1,estreante,nova,0.0,0.0,0.0,0.0,sem fomento,6.092157965966169,335068.6881281393,,14,1,14230.5,0
1995,,Super Colosso,Luiz Ferré,Ficção,Play Vídeo Produções Para Cinema E Televisão,,Paris,SP,,216,154762,506027.0,SP,1.0,0,1990,0,0,0,1,estreante,nova,,,,,,6.092157965966169,3082796.4190439624,,14,1,14230.5,1
1995,B0500277600000,Sábado,Ugo Giorgetti,Ficção,Iguana Filmes,,Mais Filmes,SP,,,155000,906750.0,SP,1.0,0,1990,0,0,0,1,estreante,nova,0.0,0.0,0.0,0.0,sem fomento,6.092157965966169,5524064.235639824,,14,1,14230.5,1
1995,B0500310300000,Terra Estrangeira,Daniela Thomas/Walter Salles,Ficção,Videofilmes,,Riofilme,RJ,,,112840,500000.0,RJ,1.0,0,1990,0,0,0,1,estreante,nova,0.0,0.0,0.0,0.0,sem fomento,6.092157965966169,3046078.9829830844,,14,1,14230.5,1
1995,B0400073200000,Yndio Do Brasil,Sylvio Back,Documentário,Usina De Kyno,,Riofilme,RJ,,,3000,15000.0,RJ,1.0,0,1990,0,0,0,1,estreante,nova,0.0,0.0,0.0,0.0,sem fomento,6.092157965966169,91382.36948949253,,14,1,14230.5,0
1996,"B0400061500000/
B0400085400000/
B0400057300000/
B0400051000000",A Felicidade É...,José Roberto Torero/Cecílio Neto/Jorge Furtado/José Pedro Goulart,Ficção,Casa De Cinema De Porto Alegre/Superfilmes/Zeppelin Filmes,,Riofilme,RS/SP/RS,,,3000,15000.0,RS,2.0,0,1990,0,9,0,1,estreante,pequena,0.0,0.0,0.0,0.0,sem fomento,5.262865325451494,78942.97988177241,,18,1,14043.5,0
1996,B0400052400000,As Meninas,Emiliano Ribeiro,Ficção,Ipê Artes,,Riofilme,RJ,,3,13527,49957.0,RJ,1.0,0,1990,0,9,0,1,estreante,pequena,0.0,0.0,0.0,0.0,sem fomento,5.262865325451494,262916.9630635803,,18,1,14043.5,0
1996,,Cassiopéia,Clóvis Vieira,Animação,N.D.R. Filmes Produções,,Riofilme,SP,,34,14224,60359.0,SP,1.0,0,1990,0,9,0,1,estreante,pequena,,,,,,5.262865325451494,317661.28817892674,,18,1,14043.5,1
1996,B0500289500000,Como Nascem Os Anjos,Murilo Salles,Ficção,Cinema Brasil Digital,,Riofilme,RJ,,2,41945,200000.0,RJ,1.0,0,1990,0,9,0,1,estreante,pequena,0.0,0.0,0.0,0.0,sem fomento,5.262865325451494,1052573.065090299,,18,1,14043.5,1
1996,B0500310500000,Corisco E Dadá,Rosemberg Cariry,Ficção,Cariri Filmes,,Riofilme,CE,,,13863,62904.7,CE,1.0,0,1990,0,9,0,1,estreante,pequena,0.0,0.0,0.0,0.0,sem fomento,5.262865325451494,331058.9644379286,,18,1,14043.5,0
1996,B0500311200000,Doces Poderes,Lucia Murat,Ficção,Taiga Filmes E Vídeo,,Riofilme,RJ,,,13809,60000.0,RJ,1.0,0,1990,0,9,0,1,estreante,pequena,0.0,0.0,0.0,0.0,sem fomento,5.262865325451494,315771.91952708963,,18,1,14043.5,0
1996,B0700789100000,Fica Comigo,Tizuka Yamasaki,Ficção,Ponto Filmes/Quanta-Rio/Scena Filmes/Skylight,,Riofilme,RJ/RJ/RJ/RJ,,,2866,13000.0,RJ,1.0,0,1990,0,9,0,1,estreante,pequena,0.0,0.0,0.0,0.0,sem fomento,5.262865325451494,68417.24923086942,,18,1,14043.5,0
1996,B0500298800000,Jenipapo,Monique Gardenberg,Ficção,Dueto Filmes,,Riofilme,RJ,,,72133,350000.0,RJ,1.0,0,1990,0,9,0,1,estreante,pequena,0.0,1.0,0.0,1.0,só incentivo,5.262865325451494,1842002.8639080229,,18,1,14043.5,1
1996,,Mil E Uma,Suzana De Moraes,Ficção,1001 Filmes,,Riofilme,RJ,,,2403,12000.0,RJ,1.0,0,1990,0,9,0,1,estreante,pequena,,,,,,5.262865325451494,63154.383905417926,,18,0,14043.5,0
1996,B0600547500000,O Cego Que Gritava Luz,João Batista De Andrade,Ficção,Raiz Produções,,Riofilme,SP,,,1647,8500.0,SP,1.0,0,1990,0,9,0,1,estreante,pequena,0.0,1.0,0.0,1.0,só incentivo,5.262865325451494,44734.3552663377,,18,0,14043.5,0
1996,B0500255000000,O Corpo,José Antônio Garcia,Ficção,Olympus Filme,,Riofilme,SP,,,26984,120000.0,SP,1.0,0,1990,0,9,0,1,estreante,pequena,0.0,0.0,0.0,0.0,sem fomento,5.262865325451494,631543.8390541793,,18,1,14043.5,1
1996,B0400090100000,O Guarani,Norma Bengell,Ficção,Nb Produções,,Riofilme,RJ,,,26190,120000.0,RJ,1.0,0,1990,0,9,0,1,estreante,pequena,0.0,0.0,0.0,0.0,sem fomento,5.262865325451494,631543.8390541793,,18,1,14043.5,1
1996,B0400102700000,O Judeu,Jom Tob Azulay,Ficção,Aeb Produçôes/Tatu Filmes,,Riofilme,RJ/SP,,1,11817,62630.0,RJ,2.0,0,1990,0,9,0,1,estreante,pequena,0.0,1.0,0.0,1.0,só incentivo,5.262865325451494,329613.25533302705,,18,1,14043.5,0
1996,B0700798500000,O Monge E A Filha Do Carrasco,Walter Lima Junior,Ficção,Jbr Filmes,,Riofilme,RJ,,9,16824,72173.0,RJ,1.0,0,1990,0,9,0,1,estreante,pequena,0.0,0.0,0.0,0.0,sem fomento,5.262865325451494,379836.77913381066,,18,1,14043.5,1
1996,B0500444400000,Quem Matou Pixote?,José Joffily,Ficção,Coevo Filmes,,Riofilme,RJ,,57,32220,148534.0,RJ,1.0,0,1990,0,9,0,1,estreante,pequena,0.0,1.0,0.0,1.0,só incentivo,5.262865325451494,781714.4382506122,,18,1,14043.5,1
1996,B0500274700000,Sombras De Julho,Marco Altberg,Ficção,M. Altberg Cinema E Vídeo,,Riofilme,RJ,,,767,5000.0,RJ,1.0,0,1990,0,9,0,1,estreante,pequena,0.0,0.0,0.0,0.0,sem fomento,5.262865325451494,26314.32662725747,,18,0,14043.5,0
1996,B0500263900000,Tieta Do Agreste,Cacá Diegues,Ficção,Skylight,,Columbia,RJ,,133,511954,2380586.0,RJ,1.0,0,1990,0,0,0,1,estreante,nova,0.0,1.0,0.0,1.0,só incentivo,5.262865325451494,12528703.51365527,,18,1,14043.5,1
1996,,Todos Os Corações Do Mundo,Murilo Salles,Documentário,Sports Target Media,,S. Ribeiro,RJ,,86,265017,1004415.0,RJ,1.0,0,1990,0,1,0,1,estreante,nova,,,,,,5.262865325451494,5286100.875863362,,18,1,14043.5,1
1997,B0500311100000,A Ostra E O Vento,Walter Lima Junior,Ficção,Tambellini Filmes,,Riofilme,RJ,,9,86616,372814.0,RJ,1.0,0,1990,1,25,0,0,iniciante,media,0.0,0.0,0.0,0.0,sem fomento,4.921980802972464,1834983.3510793762,,21,1,73062.0,1
1997,B0600520300000,Anahy De Las Misiones,Sérgio Silva,Ficção,M. Schmiedt Produções,,S. Ribeiro,RS,,15,131000,492560.0,RS,1.0,0,1990,0,2,0,1,estreante,nova,0.0,1.0,0.0,1.0,só incentivo,4.921980802972464,2424370.864312117,,21,1,73062.0,1
1997,B0400059500000,Baile Perfumado,Lírio Ferreira/Paulo Caldas,Ficção,Raccord Produções,,Riofilme,RJ,,7,73062,326879.0,RJ,1.0,0,1990,0,25,0,1,estreante,media,0.0,1.0,0.0,1.0,só incentivo,4.921980802972464,1608892.1628948362,,21,1,73062.0,0
1997,B0500313900000,Buena Sorte,Tânia Lamarca,Ficção,Acquafredda Cinema/Skylight,,Columbia,SC/RJ,,7,10674,37654.0,SC,2.0,0,1990,0,1,0,1,estreante,nova,0.0,1.0,0.0,1.0,só incentivo,4.921980802972464,185332.26515512518,,21,1,73062.0,0
1997,,Crede-Mi,Bia Lessa/Dany Roland,Ficção,Bia Lessa Produções Artísticas,,Riofilme,SP,,1,2134,10585.0,SP,1.0,0,1990,0,25,0,1,estreante,media,,,,,,4.921980802972464,52099.166799463535,,21,0,73062.0,0
1997,B0500313800000,Ed Mort,Alain Fresnot,Ficção,A.F. Cinema,,Riofilme,SP,,16,74195,370809.0,SP,1.0,0,1990,0,25,0,1,estreante,media,0.0,0.0,0.0,0.0,sem fomento,4.921980802972464,1825114.7795694165,,21,1,73062.0,1
1997,B0300027400000,Guerra De Canudos,Sergio Rezende,Ficção,Morena Filmes,,Columbia,RJ,,78,655016,2725130.0,RJ,1.0,0,1990,0,1,0,1,estreante,nova,0.0,0.0,0.0,0.0,sem fomento,4.921980802972464,13413037.545604352,,21,1,73062.0,1
1997,B0500321300000,Lua De Outubro,Henrique De Freitas Lima,Ficção,Cinematográfica Pampeana,,Paris,RS,,17,33894,114351.0,RS,1.0,0,1990,0,1,0,1,estreante,nova,0.0,1.0,0.0,1.0,só incentivo,4.921980802972464,562833.4268007042,,21,1,73062.0,0
1997,B1101390800000,Miramar,Julio Bressane,Ficção,Julio Bressane,,Riofilme,RJ,,2,7616,39451.0,RJ,1.0,0,1990,1,25,1,0,iniciante,media,0.0,1.0,0.0,1.0,só incentivo,4.921980802972464,194177.0646580667,,21,1,73062.0,0
1997,,Navalha Na Carne,Neville D'Almeida,Ficção,Terra Brasilis,,S. Ribeiro,RJ,,101,170929,784214.0,RJ,1.0,0,1990,0,2,0,1,estreante,nova,,,,,,4.921980802972464,3859886.253422248,,21,1,73062.0,1
1997,B0800853700000,O Amor Está No Ar,Amylton De Oliveira,Ficção,Lca Produções,,Riofilme,ES,,3,5877,31816.0,ES,1.0,0,1990,0,25,0,1,estreante,media,0.0,1.0,0.0,1.0,só incentivo,4.921980802972464,156597.7412273719,,21,1,73062.0,0
1997,B0800842700000,O Cangaceiro,Anibal Massaini Neto,Ficção,Cinearte Produções Cinematográficas,,S. Ribeiro,SP,,10,140932,618692.0,SP,1.0,0,1990,0,2,0,1,estreante,nova,0.0,1.0,0.0,1.0,só incentivo,4.921980802972464,3045190.14695264,,21,1,73062.0,1
1997,B0400076600000,O Homem Nu,Hugo Carvana,Ficção,Mac Comunicacão,,Riofilme,RJ,,14,74188,450321.0,RJ,1.0,0,1990,0,25,0,1,estreante,media,0.0,0.0,0.0,0.0,sem fomento,4.921980802972464,2216471.317175363,,21,1,73062.0,1
1997,B0500336500000,O Noviço Rebelde,Tizuka Yamasaki,Ficção,Renato Aragão Produções,,Columbia/Art Filmes,RJ,,174,1501035,6019150.0,RJ,1.0,0,1990,1,0,0,0,iniciante,nova,0.0,0.0,0.0,0.0,sem fomento,4.921980802972464,29626140.75021171,,21,1,73062.0,1
1997,B0500261400000,O Que É Isso Companheiro?,Bruno Barreto,Ficção,Filmes Do Equador,,Columbia,RJ,,48,321450,1787262.0,RJ,1.0,0,1990,0,1,1,1,estreante,nova,0.0,0.0,0.0,0.0,sem fomento,4.921980802972464,8796869.253882172,,21,1,73062.0,1
1997,B1001308600000,O Sertão Das Memórias,José Araújo,Documentário,Ganesh Produções,,Riofilme,CE,,,3110,15000.0,CE,1.0,0,1990,0,25,0,1,estreante,media,0.0,0.0,0.0,0.0,sem fomento,4.921980802972464,73829.71204458697,,21,1,73062.0,0
1997,B0500239200000,O Velho - A História De Luiz Carlos Prestes,Toni Venturi,Documentário,Olhar Imaginário,,Riofilme,SP,,2,11874,44290.0,SP,1.0,0,1990,0,25,0,1,estreante,media,0.0,0.0,0.0,0.0,sem fomento,4.921980802972464,217994.52976365044,,21,1,73062.0,0
1997,B0500420200000,Os Matadores,Beto Brant,Ficção,Casa De Produção,,Riofilme,SP,,6,27014,128998.0,SP,1.0,0,1990,0,25,0,1,estreante,media,0.0,0.0,0.0,0.0,sem fomento,4.921980802972464,634925.6796218419,,21,1,73062.0,0
1997,B0500311000000,Pequeno Dicionário Amoroso,Sandra Werneck,Ficção,Cineluz Produções,,Lumière/Riofilme,RJ,,23,402430,2100685.0,RJ,1.0,0,1990,0,0,0,1,estreante,nova,0.0,0.0,0.0,0.0,sem fomento,4.921980802972464,10339531.243092211,,21,1,73062.0,1
1997,B0500311300000,Silvino Santos - O Cineasta Da Selva,Aurélio Michelis,Documentário,Superfilmes,,Riofilme,SP,,2,4560,21386.0,SP,1.0,0,1990,0,25,0,1,estreante,media,0.0,1.0,0.0,1.0,só incentivo,4.921980802972464,105261.48145236912,,21,1,73062.0,0
1997,B0600478000000,Um Céu De Estrelas,Tata Amaral,Ficção,Tata Amaral,,Riofilme,SP,,1,13307,72390.0,SP,1.0,0,1990,0,25,0,1,estreante,media,0.0,0.0,0.0,0.0,sem fomento,4.921980802972464,356302.19032717665,,21,1,73062.0,0
1998,B0500262300000,A Grande Noitada,Denoy De Oliveira,Ficção,Palmares,,Riofilme,SP,,1,1587,7594.0,SP,1.0,0,1990,0,37,0,1,estreante,media,0.0,1.0,0.0,1.0,só incentivo,4.769535577602724,36219.85317631509,,23,0,37572.0,0
1998,,Alô,Mara Mourão,Ficção,Mamo Filmes,,Riofilme,SP,,,2703,13000.0,SP,1.0,0,1990,0,37,0,1,estreante,media,,,,,,4.769535577602724,62003.962508835415,,23,0,37572.0,0
1998,B0500312600000,Amor E Cia,Helvécio Ratton,Ficção,Quimera Filmes,,S. Ribeiro/Riofilme,MG,,24,47179,237310.0,MG,1.0,0,1990,1,1,0,0,iniciante,nova,0.0,1.0,0.0,1.0,só incentivo,4.769535577602724,1131858.4879209024,,23,1,37572.0,1
1998,B0500261200000,Amores,Domingos De Oliveira,Ficção,Tv Zero Produções,,S. Ribeiro/Riofilme,RJ,,6,33192,164418.0,RJ,1.0,0,1990,0,1,0,1,estreante,nova,0.0,1.0,0.0,1.0,só incentivo,4.769535577602724,784197.5005982846,,23,1,37572.0,0
1998,B0500286200000,Ação Entre Amigos,Beto Brant,Ficção,Dezenove Som E Imagens,,S. Ribeiro/Riofilme,SP,,3,38957,194330.0,SP,1.0,0,1990,1,1,0,0,iniciante,nova,0.0,1.0,0.0,1.0,só incentivo,4.769535577602724,926863.8487955374,,23,1,37572.0,1
1998,B0300023600000,Bahia De Todos Os Sambas,Leon Hirszman/Paulo César Saraceni,Documentário,Shater Produções Artísticas,,Riofilme,RJ,,1,1037,5107.0,RJ,1.0,0,1990,0,37,0,1,estreante,media,0.0,1.0,0.0,1.0,só incentivo,4.769535577602724,24358.018194817112,,23,0,37572.0,0
1998,B0500326400000,Bela Donna,Fábio Barreto,Ficção,Filmes Do Equador,,S. Ribeiro/Riofilme,RJ,,74,68151,370060.0,RJ,1.0,0,1990,1,1,2,0,iniciante,nova,0.0,0.0,0.0,0.0,sem fomento,4.769535577602724,1765014.3358476642,,23,1,37572.0,1
1998,B0400052500000,Bocage - O Triunfo Do Amor,Djalma Limongi Batista,Ficção,Cinema Do Século Xxi,,Riofilme,SP,,2,16621,73281.0,SP,1.0,0,1990,0,37,0,1,estreante,media,0.0,1.0,0.0,1.0,só incentivo,4.769535577602724,349516.3366623052,,23,1,37572.0,0
1998,B0600556000000,"Boleiros, Era Uma Vez O Futebol",Ugo Giorgetti,Ficção,Sp Filmes De São Paulo,,Tabu Arte,SP,,,60000,300000.0,SP,1.0,0,1990,1,0,0,0,iniciante,nova,0.0,1.0,0.0,1.0,só incentivo,4.769535577602724,1430860.6732808172,,23,1,37572.0,1
1998,B0500310900000,Central Do Brasil,Walter Salles,Ficção,Videofilmes,,S. Ribeiro/Riofilme,RJ,,79,1593967,8087276.0,RJ,1.0,0,1990,0,1,1,1,estreante,nova,0.0,0.0,0.0,0.0,sem fomento,4.769535577602724,38572550.60789265,,23,1,37572.0,1
1998,,Cinderela Bahiana,Conrado Sanchez,Ficção,Galante Filmes,,Art Filmes,SC,,,32000,180000.0,SC,1.0,0,1990,0,0,0,1,estreante,nova,,,,,,4.769535577602724,858516.4039684903,,23,1,37572.0,0
1998,B0500272900000,Como Ser Solteiro,Rosane Svartman,Ficção,Raccord Produções,,S. Ribeiro/Riofilme,RJ,,25,150778,825101.0,RJ,1.0,0,1990,0,1,1,1,estreante,nova,0.0,1.0,0.0,1.0,só incentivo,4.769535577602724,3935348.574615585,,23,1,37572.0,1
1998,B0500403300000,Coração Iluminado,Hector Babenco,Ficção,Hb Filmes,,Columbia,SP,,19,17850,92892.0,SP,1.0,0,1990,0,4,0,1,estreante,nova,0.0,0.0,0.0,0.0,sem fomento,4.769535577602724,443051.69887467223,,23,1,37572.0,0
1998,B0500403400000,For All - O Trampolim Da Vitória,Buza Ferraz/Luiz Carlos Lacerda,Ficção,Bigdeni Filmes,,Columbia,RJ,,35,62604,348628.0,RJ,1.0,0,1990,0,4,0,1,estreante,nova,0.0,1.0,0.0,1.0,só incentivo,4.769535577602724,1662793.6493484825,,23,1,37572.0,1
1998,B0400110800000,Kenoma,Eliane Caffé,Ficção,A.F. Cinema,,Riofilme,SP,,,8197,40000.0,SP,1.0,0,1990,0,37,1,1,estreante,media,0.0,0.0,0.0,0.0,sem fomento,4.769535577602724,190781.42310410898,,23,1,37572.0,0
1998,B0500310800000,La Serva Padrona,Carla Camurati,Ficção,Copacabana Filmes E Produções,,Elimar,RJ,,,50000,250000.0,RJ,1.0,0,1990,1,1,1,0,iniciante,nova,0.0,0.0,0.0,0.0,sem fomento,4.769535577602724,1192383.8944006811,,23,1,37572.0,1
1998,B0500242600000,Menino Maluquinho 2 - A Aventura,Fabrízia Alves Pinto/Fernando Meirelles,Ficção,Grupo Novo De Cinema E Tv,,S. Ribeiro/Riofilme,RJ,,94,367482,898694.54,RJ,1.0,0,1990,0,1,1,1,estreante,nova,0.0,1.0,0.0,1.0,só incentivo,4.769535577602724,4286355.581927314,,23,1,37572.0,1
1998,B0800834800000,O Toque Do Oboé,Cláudio Macdowell,Ficção,Imágica Produções,Riofilme,Riofilme,RJ,RJ,,2368,12000.0,RJ,1.0,1,1990,0,37,0,1,estreante,media,0.0,1.0,0.0,1.0,só incentivo,4.769535577602724,57234.42693123269,,23,0,37572.0,0
1998,B0500334800000,Policarpo Quaresma - Herói Do Brasil,Paulo Thiago,Ficção,Vitória Produções,,S. Ribeiro/Riofilme,RJ,,11,76761,183538.0,RJ,1.0,0,1990,0,1,0,1,estreante,nova,0.0,0.0,0.0,0.0,sem fomento,4.769535577602724,875391.0208420488,,23,1,37572.0,1
1998,B0500335300000,"Simão, O Fantasma Trapalhão",Paulo Aragão,Ficção,Renato Aragão Produções,,Columbia,RJ,,246,1658136,6118522.0,RJ,1.0,0,1990,0,4,1,1,estreante,nova,0.0,0.0,0.0,0.0,sem fomento,4.769535577602724,29182508.361344974,,23,1,37572.0,1
1998,B1101381700000,Terra Do Mar,Eduardo Caron/Mirella Martinelli,Documentário,Bad Machine,,Riofilme,SP,,2,1531,7596.0,SP,1.0,0,1990,0,37,0,1,estreante,media,0.0,0.0,0.0,0.0,sem fomento,4.769535577602724,36229.39224747029,,23,0,37572.0,0
1998,B0500307600000,Traição,Arthur Fontes/Claudio Torres/José Henrique Fonseca,Ficção,Conspiração Filmes,,Lumière,RJ,,7,37572,202207.0,RJ,1.0,0,1990,0,0,0,1,estreante,nova,0.0,1.0,0.0,1.0,só incentivo,4.769535577602724,964433.480540314,,23,1,37572.0,0
1998,B0600491200000,Tudo É Brasil,Rogério Sganzerla,Documentário,Mercúrio Produções,,Riofilme,SP,,1,1910,5348.0,SP,1.0,0,1990,0,37,0,1,estreante,media,0.0,0.0,0.0,0.0,sem fomento,4.769535577602724,25507.476269019367,,23,0,37572.0,0
1999,B0500436200000,A Hora Mágica,Guilherme De Almeida Prado,Ficção,Star Filmes,,Riofilme,SP,,7,5999,31891.0,SP,1.0,0,1990,1,45,1,0,iniciante,media,0.0,0.0,0.0,0.0,sem fomento,4.548544419254897,145057.63007445793,,28,1,21812.0,0
1999,B0400055300000,Até Que A Vida Nos Separe,José Zaragoza,Ficção,Zaragoza Produções,,Riofilme,SP,,36,43815,243629.0,SP,1.0,0,1990,0,45,0,1,estreante,media,0.0,1.0,0.0,1.0,só incentivo,4.548544419254897,1108157.3283186513,,28,1,21812.0,1
1999,B0700724300000,Caminho Dos Sonhos,Luca Amberg,Ficção,Amberg Filmes,,Uip,SP,,22,14646,68060.0,SP,1.0,0,1990,0,0,0,1,estreante,nova,0.0,1.0,0.0,1.0,só incentivo,4.548544419254897,309573.9331744883,,28,1,21812.0,0
1999,B0500313700000,"Castelo Rá-Tim-Bum, O Filme",Cao Hamburger,Ficção,A.F. Cinema/Caos Produções,,Columbia,SP/SP,,134,725329,3031875.0,SP,1.0,0,1990,0,7,0,1,estreante,pequena,0.0,1.0,0.0,1.0,só incentivo,4.548544419254897,13790618.111128442,,28,1,21812.0,1
1999,,Contos De Lygia E Morte,Del Rangel,Ficção,Cinema Profissional,,Lumière,SP,,2,649,3257.0,SP,1.0,0,1990,0,1,0,1,estreante,nova,,,,,,4.548544419254897,14814.6091735132,,28,0,21812.0,0
1999,B0500286100000,Dois Córregos,Carlos Reichenbach,Ficção,Dezenove Som E Imagens/Tv Cultura,,Riofilme,SP/SP,,13,38017,189716.0,SP,1.0,0,1990,0,45,0,1,estreante,media,0.0,1.0,0.0,1.0,só incentivo,4.548544419254897,862931.6530433621,,28,1,21812.0,1
1999,B0500304300000,Fé,Ricardo Dias,Documentário,Superfilmes,,Riofilme,SP,,4,8248,42349.0,SP,1.0,0,1990,0,45,1,1,estreante,media,0.0,1.0,0.0,1.0,só incentivo,4.548544419254897,192626.30761102564,,28,1,21812.0,0
1999,,Histórias Do Flamengo,Alexandre Niemyer,Documentário,Produções Carlos Niemeyer Filmes,,Riofilme,RJ,,14,11157,56465.0,RJ,1.0,0,1990,0,45,0,1,estreante,media,,,,,,4.548544419254897,256833.56063322778,,28,1,21812.0,0
1999,B0400086000000,Mauá - O Imperador E O Rei,Sergio Rezende,Ficção,Lagoa Cultural,,Buena Vista/Riofilme,RJ,,78,195790,923684.0,RJ,1.0,0,1990,1,0,0,0,iniciante,nova,0.0,0.0,0.0,0.0,sem fomento,4.548544419254897,4201417.70335504,,28,1,21812.0,1
1999,B0600618500000,Mário,Hermano Penna,Ficção,Luz Xxi/Estudios Quanta,,Riofilme,SP/SP,,1,2249,11929.0,SP,1.0,0,1990,0,45,0,1,estreante,media,0.0,1.0,0.0,1.0,só incentivo,4.548544419254897,54259.58637729167,,28,0,21812.0,0
1999,B0500310100000,No Coração Dos Deuses,Geraldo Moraes,Ficção,Aquarela,,Riofilme,DF,,25,23217,90530.0,DF,1.0,0,1990,0,45,0,1,estreante,media,0.0,0.0,0.0,0.0,sem fomento,4.548544419254897,411779.72627514583,,28,1,21812.0,1
1999,B0300021500000,Nós Que Aqui Estamos Por Vós Esperamos,Marcelo Masagão,Documentário,Um Minuto,,Riofilme,SP,,4,58577,285130.0,SP,1.0,0,1990,0,45,0,1,estreante,media,0.0,0.0,0.0,0.0,sem fomento,4.548544419254897,1296926.4702621489,,28,1,21812.0,1
1999,B0500446400000,O Primeiro Dia,Daniela Thomas/Walter Salles,Ficção,Videofilmes,,Lumière/Riofilme,RJ,,17,64383,347917.0,RJ,1.0,0,1990,1,1,2,0,iniciante,nova,0.0,0.0,0.0,0.0,sem fomento,4.548544419254897,1582515.928713906,,28,1,21812.0,1
1999,B0500336400000,O Trapalhão E A Luz Azul,Alexandre Boury/Paulo Aragão,Ficção,Globo Filmes/Renato Aragão Produções,,Lumière,RJ/RJ,,239,771831,2947356.0,RJ,1.0,0,1990,0,1,0,1,estreante,nova,0.0,1.0,0.0,1.0,só incentivo,4.548544419254897,13406179.685357437,,28,1,21812.0,1
1999,B0600450400000,O Tronco,João Batista De Andrade,Ficção,Raiz Produções,,Pandora,SP,,,1000,5000.0,SP,1.0,0,1990,1,0,1,0,iniciante,nova,0.0,1.0,0.0,1.0,só incentivo,4.548544419254897,22742.722096274487,,28,0,21812.0,0
1999,B0600460600000,O Viajante,Paulo César Saraceni,Ficção,Shater Produções Artísticas,,Riofilme,RJ,,2,5970,24809.0,RJ,1.0,0,1990,0,45,1,1,estreante,media,0.0,1.0,0.0,1.0,só incentivo,4.548544419254897,112844.83849729474,,28,1,21812.0,0
1999,B0800822000000,Orfeu,Cacá Diegues,Ficção,Globo Filmes/Rio Vermelho Filmes,,Warner,RJ/RJ,,147,961961,4455409.0,RJ,1.0,0,1990,1,0,0,0,iniciante,nova,0.0,1.0,0.0,1.0,só incentivo,4.548544419254897,20265625.742448043,,28,1,21812.0,1
1999,B0800819200000,Os Carvoeiros,Nigel Noble,Documentário,Zazen Produções,,Zazen,RJ,,,1000,5000.0,RJ,1.0,0,1990,0,0,0,1,estreante,nova,0.0,1.0,0.0,1.0,só incentivo,4.548544419254897,22742.722096274487,,28,0,21812.0,0
1999,,Outras Estórias,Pedro Bial,Ficção,Theo Filmes,,Riofilme,RJ,,6,21515,102060.0,RJ,1.0,0,1990,0,45,0,1,estreante,media,,,,,,4.548544419254897,464224.4434291548,,28,1,21812.0,0
1999,B0600508700000,Paixão Perdida,Walter Hugo Khouri,Ficção,Tv Cultura/Videcom,,Riofilme,SP/SP,,6,3596,19516.0,SP,1.0,0,1990,0,45,0,1,estreante,media,0.0,1.0,0.0,1.0,só incentivo,4.548544419254897,88769.39288617857,,28,1,21812.0,0
1999,B0300013900000,Por Trás Do Pano,Luiz Villaça,Ficção,Nia Filmes,,Riofilme,SP,,7,22109,118411.0,SP,1.0,0,1990,0,45,0,1,estreante,media,0.0,0.0,0.0,0.0,sem fomento,4.548544419254897,538597.6932283916,,28,1,21812.0,1
1999,B0901021800000,Santo Forte,Eduardo Coutinho,Documentário,Cecip - Centro De Criação De Imagem Popular,,Riofilme,RJ,,4,18353,92133.0,RJ,1.0,0,1990,0,45,0,1,estreante,media,0.0,0.0,0.0,0.0,sem fomento,4.548544419254897,419071.04297921143,,28,1,21812.0,0
1999,B0300047700000,São Jerônimo,Julio Bressane,Ficção,Tb Produções,,Riofilme,RJ,,2,5000,27722.0,RJ,1.0,0,1990,2,45,0,0,iniciante,media,0.0,0.0,0.0,0.0,sem fomento,4.548544419254897,126094.74839058425,,28,1,21812.0,0
1999,B0400064000000,Tiradentes,Oswaldo Caldeira,Ficção,Oswaldo Caldeira Produções Cinematográficas/Riofilme,,Riofilme,RJ/RJ,,3,7489,34253.0,RJ,1.0,0,1990,0,45,0,1,estreante,media,0.0,0.0,0.0,0.0,sem fomento,4.548544419254897,155801.291992738,,28,1,21812.0,0
1999,B0500310200000,Um Copo De Cólera,Aluizio Abranches,Ficção,Tambellini Filmes,,Riofilme,RJ,,7,58337,309094.0,RJ,1.0,0,1990,0,45,1,1,estreante,media,0.0,0.0,0.0,0.0,sem fomento,4.548544419254897,1405927.788725173,,28,1,21812.0,1
1999,B0800854000000,Uma Aventura Do Zico,Antonio Carlos Da Fontoura,Ficção,Filmes Do Equador/Quanta-Rio,,Lumière,RJ/RJ,,60,36727,158373.0,RJ,1.0,0,1990,0,1,0,1,estreante,nova,0.0,1.0,0.0,1.0,só incentivo,4.548544419254897,720366.6253106558,,28,1,21812.0,1
1999,B0500186500000,Xuxa Requebra,Tizuka Yamasaki,Ficção,Diler & Associados,,Fox,RJ,,218,2074461,8173376.0,RJ,1.0,0,1990,2,0,0,0,iniciante,nova,0.0,0.0,0.0,0.0,sem fomento,4.548544419254897,37176963.79127192,,28,1,21812.0,1
1999,,Zoando Na Tv,José Alvarenga Jr.,Ficção,Angélica Produções Artísticas/Globo Filmes//Lereby,,Columbia,RJ/RJ/RJ,,143,911394,3463297.0,RJ,1.0,0,1990,0,7,0,1,estreante,pequena,,,,,,4.548544419254897,15752960.241572227,,28,1,21812.0,1
2000,B0400065500000,A Terceira Morte De Joaquim Bolivar,Flávio Cândido,Ficção,Cândido&Moraes,,Riofilme,RJ,,1,2330,11497.0,RJ,1.0,0,2000,0,61,0,1,estreante,grande,0.0,0.0,0.0,0.0,sem fomento,4.249231757407583,48853.41751491498,,23,0,24431.0,0
2000,B0500309500000,Amélia,Ana Carolina,Ficção,Crystal Cinematográfica,,Riofilme,RJ,,6,24431,140283.0,RJ,1.0,0,2000,0,61,0,1,estreante,grande,0.0,0.0,0.0,0.0,sem fomento,4.249231757407583,596094.9786244079,,23,1,24431.0,0
2000,B0600534900000,Através Da Janela,Tata Amaral,Ficção,A.F. Cinema/Tangerina Entretenimento,,Riofilme,SP/SP,,5,10271,53960.0,SP,1.0,0,2000,1,61,0,0,iniciante,grande,0.0,1.0,0.0,1.0,só incentivo,4.249231757407583,229288.54562971316,,23,1,24431.0,0
2000,B0500386700000,Bossa Nova,Bruno Barreto,Ficção,Filmes Do Equador/Lc Barreto,,Columbia,RJ/RJ,,158,520614,3165333.0,RJ,1.0,0,2000,1,9,0,0,iniciante,pequena,0.0,1.0,0.0,1.0,só incentivo,4.249231757407583,13450233.506370217,,23,1,24431.0,1
2000,B0700686200000,Cronicamente Inviável,Sérgio Bianchi,Ficção,Agravo Produções Cinematográficas,,Riofilme,SP,,6,69443,378287.0,SP,1.0,0,2000,1,61,1,0,iniciante,grande,0.0,1.0,0.0,1.0,só incentivo,4.249231757407583,1607429.1338144422,,23,1,24431.0,1
2000,B0500312500000,Cruz E Sousa - O Poeta Do Desterro,Sylvio Back,Ficção,Usina De Kyno,,Riofilme,PR,,2,3608,15510.0,PR,1.0,0,2000,1,61,1,0,iniciante,grande,0.0,0.0,0.0,0.0,sem fomento,4.249231757407583,65905.58455739162,,23,1,24431.0,0
2000,B0500311600000,Estorvo,Ruy Guerra,Ficção,Skylight,,Riofilme,RJ,,4,11532,66325.0,RJ,1.0,0,2000,0,61,1,1,estreante,grande,0.0,1.0,0.0,1.0,só incentivo,4.249231757407583,281830.2963100579,,23,1,24431.0,0
2000,B0500237200000,"Eu, Tu, Eles",Andrucha Waddington,Ficção,Conspiração Filmes,,Columbia,RJ,,132,695682,4111481.0,RJ,1.0,0,2000,0,9,1,1,estreante,pequena,0.0,0.0,0.0,0.0,sem fomento,4.249231757407583,17470635.635177888,,23,1,24431.0,1
2000,B0500363900000,Gêmeas,Andrucha Waddington,Ficção,Conspiração Filmes,,Columbia,RJ,,18,40368,234781.0,RJ,1.0,0,2000,0,9,1,1,estreante,pequena,0.0,1.0,0.0,1.0,só incentivo,4.249231757407583,997638.8812359098,,23,1,24431.0,1
2000,B0600561200000,Hans Staden,Luiz Alberto Pereira,Ficção,Lapfilme,,Riofilme,SP,,9,46646,238389.0,SP,1.0,0,2000,1,61,1,0,iniciante,grande,0.0,1.0,0.0,1.0,só incentivo,4.249231757407583,1012970.1094166363,,23,1,24431.0,1
2000,B0500310400000,Iremos A Beirute,Marcus Moura,Ficção,Estação Luz Filmes,,Riofilme,CE,,3,1639,8751.0,CE,1.0,0,2000,0,61,0,1,estreante,grande,0.0,0.0,0.0,0.0,sem fomento,4.249231757407583,37185.02710907376,,23,0,24431.0,0
2000,B0500312100000,Minha Vida Em Suas Mãos,José Antônio Garcia,Ficção,Roderaf Produções Artísticas,,Warner,RJ,,15,10222,45733.0,RJ,1.0,0,2000,1,1,0,0,iniciante,nova,0.0,1.0,0.0,1.0,só incentivo,4.249231757407583,194330.115961521,,23,1,24431.0,0
2000,B0800875000000,O Auto Da Compadecida,Guel Arraes,Ficção,Globo Filmes,,Columbia,RJ,,202,2158640,11517140.85,RJ,1.0,0,2000,0,9,0,1,estreante,pequena,0.0,0.0,0.0,0.0,sem fomento,4.249231757407583,48939000.65435616,,23,1,24431.0,1
2000,B0500309400000,O Dia Da Caça,Alberto Graça,Ficção,Mpc Filmes,,Uip/Riofilme,RJ,,50,43531,239708.0,RJ,1.0,0,2000,0,0,0,1,estreante,nova,0.0,0.0,0.0,0.0,sem fomento,4.249231757407583,1018574.8461046569,,23,1,24431.0,1
2000,B0500310600000,O Rap Do Pequeno Príncipe Contra As Almas Sebosas,Marcelo Luna/Paulo Caldas,Documentário,Raccord Produções,,Riofilme,RJ,,9,22577,73489.0,RJ,1.0,0,2000,0,61,2,1,estreante,grande,0.0,0.0,0.0,0.0,sem fomento,4.249231757407583,312271.79262012587,,23,1,24431.0,0
2000,B0300011200000,Oriundi,Ricardo Bravo,Ficção,Laz Audiovisual,,Warner,PR,,68,38755,223608.0,PR,1.0,0,2000,0,1,0,1,estreante,nova,0.0,1.0,0.0,1.0,só incentivo,4.249231757407583,950162.2148103948,,23,1,24431.0,1
2000,B0500406100000,Os Três Zuretas,Cecílio Neto,Ficção,Cn Cine,,Riofilme,SP,,18,6760,33899.0,SP,1.0,0,2000,0,61,0,1,estreante,grande,0.0,0.0,0.0,0.0,sem fomento,4.249231757407583,144044.70734435966,,23,1,24431.0,0
2000,B0400163400000,Pierre Verger: Mensageiro Entre Dois Mundos,Lula Buarque De Hollanda,Documentário,Conspiração Filmes/Globosat,,Riofilme,RJ/RJ,,,3400,,RJ,1.0,0,2000,0,61,0,1,estreante,grande,0.0,0.0,0.0,0.0,sem fomento,4.249231757407583,,,23,1,24431.0,0
2000,B0500247700000,Quase Nada,Sergio Rezende,Ficção,Morena Filmes,,Riofilme,RJ,,11,10691,63937.0,RJ,1.0,0,2000,2,61,1,0,iniciante,grande,0.0,1.0,0.0,1.0,só incentivo,4.249231757407583,271683.13087336865,,23,1,24431.0,0
2000,B0800899400000,Tolerância,Carlos Gerbase,Ficção,Casa De Cinema De Porto Alegre,,Columbia,RS,,90,84620,497953.0,RS,1.0,0,2000,0,9,0,1,estreante,pequena,0.0,0.0,0.0,0.0,sem fomento,4.249231757407583,2115917.701296378,,23,1,24431.0,1
2000,B0500266700000,Um Certo Dorival Caymmi,Aluisio Didier,Documentário,Brasiliana Produções,,Riofilme,RJ,,2,2076,10509.0,RJ,1.0,0,2000,0,61,0,1,estreante,grande,0.0,0.0,0.0,0.0,sem fomento,4.249231757407583,44655.176538596286,,23,0,24431.0,0
2000,B0400132100000,Villa Lobos - Uma Vida De Paixão,Zelito Viana,Ficção,Mapa Filmes,,Uip/Riofilme,RJ,,50,143981,874453.0,RJ,1.0,0,2000,0,0,0,1,estreante,nova,0.0,1.0,0.0,1.0,só incentivo,4.249231757407583,3715753.457960333,,23,1,24431.0,1
2000,B0500297900000,Xuxa Popstar,Paulo Sérgio Almeida/Tizuka Yamasaki,Ficção,Diler & Associados,Warner,Warner,RJ,SP,304,2394326,9625191.0,RJ,1.0,1,2000,0,1,1,1,estreante,nova,0.0,1.0,0.0,1.0,só incentivo,4.249231757407583,40899667.26831365,,23,1,24431.0,1
2001,B0400100600000,2000 Nordestes,David França Mendes/Sandra Magalhães Delgado/Vicente Amorim,Documentário,Filmes Do Equador,,Riofilme,RJ,,2,4297,20707.0,RJ,1.0,0,2000,0,74,3,1,estreante,grande,0.0,0.0,0.0,0.0,sem fomento,3.9771742873072258,82355.34796727072,172385826.0,30,1,44248.0,0
2001,B0901027200000,A Hora Marcada,Marcelo Taranto,Ficção,Mt Filmes,,Uip,RJ,,18,16441,92213.0,RJ,1.0,0,2000,0,1,0,1,estreante,nova,0.0,0.0,0.0,0.0,sem fomento,3.9771742873072258,366747.17255546123,172385826.0,30,1,44248.0,0
2001,B0500309300000,A Partilha,Daniel Filho,Ficção,Lereby,,Columbia,RJ,,155,1449411,8797925.0,RJ,1.0,0,2000,0,14,0,1,estreante,pequena,0.0,0.0,0.0,0.0,sem fomento,3.9771742873072258,34990881.09165742,172385826.0,30,1,44248.0,1
2001,B0500308900000,Abril Despedaçado,Walter Salles,Ficção,Videofilmes,,Lumière,RJ,,49,353713,2063956.0,RJ,1.0,0,2000,1,4,3,0,iniciante,nova,0.0,0.0,0.0,0.0,sem fomento,3.9771742873072258,8208712.733333472,172385826.0,30,1,44248.0,1
2001,B0500309600000,Amores Possíveis,Sandra Werneck,Ficção,Cineluz Produções,Labocine/Estudios Quanta,Fox,RJ,RJ/SP,80,396224,2658663.0,RJ,1.0,1,2000,1,1,1,0,iniciante,nova,0.0,1.0,0.0,1.0,só incentivo,3.9771742873072258,10573966.12221509,172385826.0,30,1,44248.0,1
2001,B0500254900000,Anésia - Um Vôo No Tempo,Ludmila Ferolla,Documentário,Mares Produções,,Riofilme,RJ,,3,1498,6436.0,RJ,1.0,0,2000,0,74,0,1,estreante,grande,0.0,1.0,0.0,1.0,só incentivo,3.9771742873072258,25597.093713109305,172385826.0,30,0,44248.0,0
2001,B0500311700000,As Feras,Walter Hugo Khouri,Ficção,Cinearte Produções Cinematográficas,,Riofilme,SP,,5,3645,14922.0,SP,1.0,0,2000,1,74,1,0,iniciante,grande,0.0,0.0,0.0,0.0,sem fomento,3.9771742873072258,59347.394715198425,172385826.0,30,1,44248.0,0
2001,B0500312300000,Babilônia 2000,Eduardo Coutinho,Documentário,Videofilmes,,Riofilme,RJ,,3,15301,86496.0,RJ,1.0,0,2000,1,74,3,0,iniciante,grande,0.0,0.0,0.0,0.0,sem fomento,3.9771742873072258,344009.6671549258,172385826.0,30,1,44248.0,0
2001,B0500312400000,Barra 68 - Sem Perder A Ternura,Vladimir Carvalho,Documentário,Folkino Produções Audiovisuais,,Riofilme,DF,,3,6989,31427.0,DF,1.0,0,2000,0,74,0,1,estreante,grande,0.0,0.0,0.0,0.0,sem fomento,3.9771742873072258,124990.65632720418,172385826.0,30,1,44248.0,0
2001,B0500309800000,Bicho De Sete Cabeças,Laís Bodanzky,Ficção,Buriti Filmes/Dezenove Som E Imagens,Gullane,Columbia,SP/SP,SP,50,401586,2184934.0,SP,1.0,1,2000,0,14,0,1,estreante,pequena,0.0,1.0,0.0,1.0,só incentivo,3.9771742873072258,8689863.324263327,172385826.0,30,1,44248.0,1
2001,B0700637600000,Brava Gente Brasileira,Lucia Murat,Ficção,Taiga Filmes E Vídeo,,Riofilme,RJ,,14,23170,102507.0,RJ,1.0,0,2000,1,74,1,0,iniciante,grande,0.0,1.0,0.0,1.0,só incentivo,3.9771742873072258,407688.2046690018,172385826.0,30,1,44248.0,0
2001,B0500309100000,Bufo & Spallanzani,Flávio Ramos Tambellini,Ficção,Tambellini Filmes,,Warner,RJ,,39,47017,251836.0,RJ,1.0,0,2000,0,4,2,1,estreante,nova,0.0,0.0,0.0,0.0,sem fomento,3.9771742873072258,1001595.6638183026,172385826.0,30,1,44248.0,1
2001,B0500312200000,Caramuru - A Invenção Do Brasil,Guel Arraes,Ficção,Globo Filmes,,Columbia,RJ,,170,246023,1500740.0,RJ,1.0,0,2000,1,14,1,0,iniciante,pequena,0.0,0.0,0.0,0.0,sem fomento,3.9771742873072258,5968704.539933446,172385826.0,30,1,44248.0,1
2001,B0500312000000,Condenado À Liberdade,Emiliano Ribeiro,Ficção,Ipê Artes,,Uip,RJ,,38,15262,77169.0,RJ,1.0,0,2000,1,1,1,0,iniciante,nova,0.0,1.0,0.0,1.0,só incentivo,3.9771742873072258,306914.5625772113,172385826.0,30,1,44248.0,0
2001,B0500310000000,Copacabana,Carla Camurati,Ficção,Copacabana Filmes E Produções,,Elimar,RJ,,13,234014,1422805.0,RJ,1.0,0,2000,2,2,2,0,iniciante,nova,0.0,1.0,0.0,1.0,só incentivo,3.9771742873072258,5658743.4618521575,172385826.0,30,1,44248.0,1
2001,B0500300000000,"Domésticas, O Filme",Fernando Meirelles/Nando Olival,Ficção,O2 Filmes,,Pandora,SP,,5,91488,422675.0,SP,1.0,0,2000,0,1,0,1,estreante,nova,0.0,0.0,0.0,0.0,sem fomento,3.9771742873072258,1681052.1418875817,172385826.0,30,1,44248.0,1
2001,B0500277300000,Lavoura Arcaica,Luiz Fernando Carvalho,Ficção,Luiz Fernando De Carvalho Produções Artísticas,Videofilmes,Riofilme,RJ,RJ,10,143860,874018.0,RJ,1.0,1,2000,0,74,0,1,estreante,grande,0.0,1.0,0.0,1.0,só incentivo,3.9771742873072258,3476121.916243687,172385826.0,30,1,44248.0,1
2001,B0300047000000,Memórias Póstumas,André Klotzel,Ficção,Brás Filmes/Tv Cultura,,Lumière,SP/SP,,57,186380,855484.0,SP,1.0,0,2000,0,4,0,1,estreante,nova,0.0,1.0,0.0,1.0,só incentivo,3.9771742873072258,3402408.9680027347,172385826.0,30,1,44248.0,1
2001,B0300006100000,Nelson Gonçalves,Elizeu Ewald,Documentário,Diler & Associados/Proview/Rob Filmes/Tele Image,,Riofilme,RJ/RJ/RJ/SP,,3,4381,20881.0,RJ,2.0,0,2000,0,74,0,1,estreante,grande,0.0,1.0,0.0,1.0,só incentivo,3.9771742873072258,83047.37629326218,172385826.0,30,1,44248.0,0
2001,B0500314000000,Netto Perde Sua Alma,Beto Souza/Tabajara Ruas,Ficção,Imagem B/Walper Ruas Produções,,Riofilme,RS/RS,,22,41479,187837.0,RS,1.0,0,2000,0,74,0,1,estreante,grande,0.0,1.0,0.0,1.0,só incentivo,3.9771742873072258,747060.4866049273,172385826.0,30,1,44248.0,0
2001,B0500309700000,O Casamento De Louise,Betse De Paula,Ficção,Aurora Cinematográfica,,Riofilme,RJ,,5,8761,49126.0,RJ,1.0,0,2000,0,74,0,1,estreante,grande,0.0,1.0,0.0,1.0,só incentivo,3.9771742873072258,195382.66403825476,172385826.0,30,1,44248.0,0
2001,B0600454600000,O Chamado De Deus,José Joffily,Documentário,Coevo Filmes,,Riofilme,RJ,,2,4535,25316.0,RJ,1.0,0,2000,1,74,1,0,iniciante,grande,0.0,0.0,0.0,0.0,sem fomento,3.9771742873072258,100686.14425746973,172385826.0,30,1,44248.0,0
2001,B0500288800000,O Grilo Feliz,Walbercy Ribas,Animação,Startanima,,Hoyts,SP,,29,216611,1022404.0,SP,1.0,0,2000,0,0,0,1,estreante,nova,0.0,0.0,0.0,0.0,sem fomento,3.9771742873072258,4066278.900040057,172385826.0,30,1,44248.0,1
2001,B0500258400000,"O Sonho De Rose, 10 Ano Depois",Tetê Moraes,Documentário,Vemver Brasil,,Riofilme,RJ,,5,12232,46561.0,RJ,1.0,0,2000,0,74,0,1,estreante,grande,0.0,0.0,0.0,0.0,sem fomento,3.9771742873072258,185181.21199131175,172385826.0,30,1,44248.0,0
2001,B0300004700000,O Xangô De Baker Street,Miguel Faria Jr.,Ficção,Skylight/Tibet Filme,,Columbia,RJ/RJ,,76,366353,2275052.0,RJ,1.0,0,2000,0,14,0,1,estreante,pequena,0.0,1.0,0.0,1.0,só incentivo,3.9771742873072258,9048278.316686878,172385826.0,30,1,44248.0,1
2001,B0500265600000,Senta A Pua!,Erik De Castro,Documentário,Bsb Cinema,,Riofilme,DF,,8,13181,78756.0,DF,1.0,0,2000,0,74,0,1,estreante,grande,0.0,0.0,0.0,0.0,sem fomento,3.9771742873072258,313226.3381711679,172385826.0,30,1,44248.0,0
2001,B0500288700000,Tainá - Uma Aventura Na Amazônia,Sérgio Bloch/Tânia Lamarca,Ficção,Tietê Produções,,Art Filmes/Mam,RJ,,100,853210,3054492.0,RJ,1.0,0,2000,0,0,0,1,estreante,nova,0.0,0.0,0.0,0.0,sem fomento,3.9771742873072258,12148247.043185623,172385826.0,30,1,44248.0,1
2001,B0600549900000,Tônica Dominante,Lina Chamie,Ficção,Superfilmes,,Riofilme,SP,,3,8020,46159.0,SP,1.0,0,2000,0,74,2,1,estreante,grande,0.0,1.0,0.0,1.0,só incentivo,3.9771742873072258,183582.38792781424,172385826.0,30,1,44248.0,0
2001,B0500335400000,Um Anjo Trapalhão,Alexandre Boury/Marcelo Travesso,Ficção,Renato Aragão Produções,,Fox,RJ,,153,125913,513632.0,RJ,1.0,0,2000,0,1,2,1,estreante,nova,0.0,0.0,0.0,0.0,sem fomento,3.9771742873072258,2042803.983538185,172385826.0,30,1,44248.0,1
2001,B0500186600000,Xuxa E Os Duendes,Paulo Sérgio Almeida/Rogério Gomes,Ficção,Diler & Associados,,Warner,RJ,,311,2657091,11691200.0,RJ,1.0,0,2000,0,4,2,1,estreante,nova,0.0,1.0,0.0,1.0,só incentivo,3.9771742873072258,46497940.027766235,172385826.0,30,1,44248.0,1
2002,B0500311900000,A Paixão De Jacobina,Fábio Barreto,Ficção,Filmes Do Equador,,Playarte,RJ,,45,146062,682110.0,RJ,1.0,0,2000,2,0,4,0,iniciante,nova,0.0,0.0,0.0,0.0,sem fomento,3.667289137390465,2501494.59350541,174632960.0,29,1,15295.0,1
2002,B0500309000000,As Três Marias,Aluizio Abranches,Ficção,Hare Filmes,,Lumière,RJ,,10,13003,76819.0,RJ,1.0,0,2000,1,6,0,0,iniciante,pequena,0.0,0.0,0.0,0.0,sem fomento,3.667289137390465,281717.48424519814,174632960.0,29,1,15295.0,0
2002,B0300009600000,Avassaladoras,Mara Mourão,Ficção,Mamo Filmes,Total Entertainment,Fox,SP,RJ,103,310260,1722883.0,SP,1.0,1,2000,1,3,1,0,iniciante,nova,0.0,1.0,0.0,1.0,só incentivo,3.667289137390465,6318310.110894697,174632960.0,29,1,15295.0,1
2002,B0500309900000,Bellini E A Esfinge,Roberto Santucci,Ficção,Ananã Produções/Santa Fé Filmes,,Copacabana Filmes,RJ/RJ,,21,60073,300000.0,RJ,1.0,0,2000,0,0,0,1,estreante,nova,0.0,1.0,0.0,1.0,só incentivo,3.667289137390465,1100186.7412171394,174632960.0,29,1,15295.0,1
2002,B0300002800000,Cidade De Deus,Fernando Meirelles,Ficção,O2 Filmes,,Lumière,SP,,176,3371247,19070407.0,SP,1.0,0,2000,0,6,1,1,estreante,pequena,0.0,1.0,0.0,1.0,só incentivo,3.667289137390465,69936696.43671508,174632960.0,29,1,15295.0,1
2002,B0300031500000,Dias De Nietzsche Em Turim,Julio Bressane,Ficção,Tb Produções,,Riofilme,RJ,,2,15017,85993.0,RJ,1.0,0,2000,3,88,1,0,estabelecida,grande,0.0,0.0,0.0,0.0,sem fomento,3.667289137390465,315361.19479161827,174632960.0,29,1,15295.0,0
2002,B0500291000000,Duas Vezes Com Helena,Mauro Farias,Ficção,Fraiha Produções,,Riofilme,RJ,,5,6374,40056.0,RJ,1.0,0,2000,0,88,0,1,estreante,grande,0.0,0.0,0.0,0.0,sem fomento,3.667289137390465,146896.93368731247,174632960.0,29,1,15295.0,0
2002,B0500288900000,Edifício Master,Eduardo Coutinho,Documentário,Videofilmes,,Riofilme,RJ,,8,86824,607728.0,RJ,1.0,0,2000,2,88,5,0,iniciante,grande,0.0,0.0,0.0,0.0,sem fomento,3.667289137390465,2228714.2928880327,174632960.0,29,1,15295.0,1
2002,B1201554100000,Eu Não Conhecia Tururu,Florinda Bolkan,Ficção,Jandaira Produções,,Riofilme,CE,,2,823,5621.0,CE,1.0,0,2000,0,88,0,1,estreante,grande,0.0,1.0,0.0,1.0,só incentivo,3.667289137390465,20613.832241271804,174632960.0,29,0,15295.0,0
2002,B0500404500000,Gregório De Mattos,Ana Carolina,Ficção,Crystal Cinematográfica,,Riofilme,RJ,,2,3812,23660.0,RJ,1.0,0,2000,1,88,1,0,iniciante,grande,0.0,0.0,0.0,0.0,sem fomento,3.667289137390465,86768.0609906584,174632960.0,29,1,15295.0,0
2002,B0500298200000,Houve Uma Vez Dois Verões,Jorge Furtado,Ficção,Casa De Cinema De Porto Alegre,,Columbia,RS,,11,68487,384212.0,RS,1.0,0,2000,0,18,1,1,estreante,pequena,0.0,0.0,0.0,0.0,sem fomento,3.667289137390465,1409016.4940550653,174632960.0,29,1,15295.0,1
2002,B0600513700000,Invasor,Beto Brant,Ficção,Drama Filmes,Brasil Filmes/Ricca Produções,Pandora,SP,SP/SP,16,103810,669762.0,SP,1.0,1,2000,2,2,0,0,iniciante,nova,0.0,1.0,0.0,1.0,só incentivo,3.667289137390465,2456210.9072369128,174632960.0,29,1,15295.0,1
2002,B0500301000000,Janela Da Alma,João Jardim/Walter Carvalho,Documentário,Dueto Filmes/Tambellini Filmes,,Copacabana Filmes,RJ/RJ,,4,141360,795856.0,RJ,1.0,0,2000,0,0,0,1,estreante,nova,0.0,1.0,0.0,1.0,só incentivo,3.667289137390465,2918634.063727026,174632960.0,29,1,15295.0,1
2002,B0400148200000,Lara,Ana Maria Magalhães,Ficção,Nova Era Produções,,Riofilme,RJ,,9,2639,15504.0,RJ,1.0,0,2000,0,88,0,1,estreante,grande,0.0,0.0,0.0,0.0,sem fomento,3.667289137390465,56857.65078610177,174632960.0,29,0,15295.0,0
2002,B0500311800000,Latitude Zero,Toni Venturi,Ficção,Olhar Imaginário,,Riofilme,SP,,6,7867,44829.0,SP,1.0,0,2000,1,88,1,0,iniciante,grande,0.0,0.0,0.0,0.0,sem fomento,3.667289137390465,164400.90474007715,174632960.0,29,1,15295.0,0
2002,B0300008800000,Madame Satã,Karim Aïnouz,Ficção,Videofilmes,,Lumière,RJ,,24,163409,1157444.0,RJ,1.0,0,2000,0,6,5,1,estreante,pequena,0.0,1.0,0.0,1.0,só incentivo,3.667289137390465,4244681.8083377695,174632960.0,29,1,15295.0,1
2002,B0500294200000,"Nem Gravata, Nem Honra",Marcelo Masagão,Documentário,Um Minuto,,Riofilme,SP,,2,3237,15789.0,SP,1.0,0,2000,1,88,1,0,iniciante,grande,0.0,0.0,0.0,0.0,sem fomento,3.667289137390465,57902.82819025805,174632960.0,29,1,15295.0,0
2002,B0500308800000,O Príncipe,Ugo Giorgetti,Ficção,Sp Filmes De São Paulo,,Mais Filmes,SP,,11,15295,94037.0,SP,1.0,0,2000,2,1,1,0,iniciante,nova,0.0,1.0,0.0,1.0,só incentivo,3.667289137390465,344860.86861278716,174632960.0,29,1,15295.0,0
2002,B0500274200000,Onde A Terra Acaba,Sérgio Machado,Documentário,Videofilmes,,Riofilme,RJ,,2,3786,20543.0,RJ,1.0,0,2000,0,88,5,1,estreante,grande,0.0,0.0,0.0,0.0,sem fomento,3.667289137390465,75337.12074941232,174632960.0,29,1,15295.0,0
2002,B0500311500000,Poeta De Sete Faces,Paulo Thiago,Documentário,Vitória Produções,,Riofilme,RJ,,3,4495,20972.0,RJ,1.0,0,2000,1,88,1,0,iniciante,grande,0.0,0.0,0.0,0.0,sem fomento,3.667289137390465,76910.38778935283,174632960.0,29,1,15295.0,0
2002,B0300005900000,Rocha Que Voa,Eryk Rocha,Documentário,Grupo Novo De Cinema E Tv,,M21,RJ,,1,5929,30000.0,RJ,1.0,0,2000,0,0,2,1,estreante,nova,0.0,0.0,0.0,0.0,sem fomento,3.667289137390465,110018.67412171395,174632960.0,29,1,15295.0,0
2002,B0300029800000,Sonhos Tropicais,André Sturm,Ficção,Pandora Filmes,,Pandora,SP,,12,36304,169438.0,SP,1.0,0,2000,0,2,0,1,estreante,nova,0.0,1.0,0.0,1.0,só incentivo,3.667289137390465,621378.1368611656,174632960.0,29,1,15295.0,1
2002,B0500377900000,Surf Adventures,Arthur Fontes,Documentário,Massangana Filmes/Curt E Alex Associados,,Lumière,RJ/SP,,77,200853,1295502.0,RJ,2.0,0,2000,0,6,0,1,estreante,pequena,0.0,1.0,0.0,1.0,só incentivo,3.667289137390465,4750980.412067622,174632960.0,29,1,15295.0,1
2002,B0500249000000,Timor Lorosae - O Massacre Que O Mundo Não Viu,Lucélia Santos,Documentário,Nhock Produções Artísticas,,Riofilme,RJ,,5,7683,28797.0,RJ,1.0,0,2000,0,88,0,1,estreante,grande,0.0,0.0,0.0,0.0,sem fomento,3.667289137390465,105606.92528943322,174632960.0,29,1,15295.0,0
2002,B0500312900000,Uma Onda No Ar,Helvécio Ratton,Ficção,Quimera Filmes,,Mais Filmes,MG,,11,34837,153644.0,MG,1.0,0,2000,2,1,1,0,iniciante,nova,0.0,1.0,0.0,1.0,só incentivo,3.667289137390465,563456.9722252206,174632960.0,29,1,15295.0,1
2002,B0500293200000,Uma Vida Em Segredo,Suzana Amaral,Ficção,Raiz Produções,,Riofilme,SP,,10,14279,86160.0,SP,1.0,0,2000,0,88,2,1,estreante,grande,0.0,1.0,0.0,1.0,só incentivo,3.667289137390465,315973.63207756245,174632960.0,29,1,15295.0,0
2002,B0500313000000,Viva São João,Andrucha Waddington,Documentário,Conspiração Filmes,,Columbia,RJ,,13,7092,43963.0,RJ,1.0,0,2000,2,18,3,0,iniciante,pequena,0.0,0.0,0.0,0.0,sem fomento,3.667289137390465,161225.032347097,174632960.0,29,1,15295.0,0
2002,B0300029600000,Xuxa E Os Duendes 2,Paulo Sérgio Almeida/Rogério Gomes,Ficção,Diler & Associados/Labocine/Quanta-Rio/Tele Image,,Warner,RJ/RJ/RJ/SP,,303,2301152,11485979.0,RJ,2.0,0,2000,1,6,0,0,iniciante,pequena,0.0,1.0,0.0,1.0,só incentivo,3.667289137390465,42122406.018994994,174632960.0,29,1,15295.0,1
2002,B0500254200000,Ônibus 174,José Padilha,Documentário,Zazen Produções,,Riofilme,RJ,,5,35290,203962.0,RJ,1.0,0,2000,0,88,1,1,estreante,grande,0.0,0.0,0.0,0.0,sem fomento,3.667289137390465,747987.627040434,174632960.0,29,1,15295.0,1
2003,B0400152400000,Acquaria,Flávia Moraes,Ficção,Four Team Promoções Artísticas,Universal Music/Teleimage Productions/Spectra Midia Produções,Fox,SP,RJ/SP/SP,340,837695,4466393.0,SP,1.0,1,2000,0,4,0,1,estreante,nova,0.0,1.0,0.0,1.0,só incentivo,3.1968848435149173,14278544.086881122,176871437.0,30,1,106579.0,1
2003,B0300010000000,Amarelo Manga,Claudio Assis,Ficção,Olhos De Cão,,Riofilme,SP,,16,129021,769750.0,SP,1.0,0,2000,0,101,0,1,estreante,grande,0.0,1.0,0.0,1.0,só incentivo,3.1968848435149173,2460802.1082956074,176871437.0,30,1,106579.0,1
2003,B0300008300000,"Apolônio Brasil, Campeão Da Alegria",Hugo Carvana,Ficção,Mac Comunicacão,Riofilme,Riofilme,RJ,RJ,6,12176,79348.0,RJ,1.0,1,2000,1,101,1,0,iniciante,grande,0.0,0.0,0.0,0.0,sem fomento,3.1968848435149173,253666.41856322167,176871437.0,30,1,106579.0,0
2003,B0300039900000,As Alegres Comadres,Leila Hipólito,Ficção,Ananã Produções/Conexão Cinema/Zohar Cinema,,Imagem,RJ/RJ/RJ,,11,2977,21486.0,RJ,1.0,0,2000,0,0,0,1,estreante,nova,0.0,1.0,0.0,1.0,só incentivo,3.1968848435149173,68688.2677477615,176871437.0,30,1,106579.0,0
2003,B0300002400000,Banda De Ipanema - Folia De Albino,Paulo César Saraceni,Documentário,Shater Produções Artísticas,,Riofilme,RJ,,3,2004,9854.0,RJ,1.0,0,2000,1,101,2,0,iniciante,grande,0.0,0.0,0.0,0.0,sem fomento,3.1968848435149173,31502.103247995994,176871437.0,30,0,106579.0,0
2003,B0300006200000,Carandiru,Hector Babenco,Ficção,Hb Filmes,,Columbia,SP,,298,4693853,29623481.0,SP,1.0,0,2000,1,20,1,0,iniciante,media,0.0,1.0,0.0,1.0,só incentivo,3.1968848435149173,94702857.42105213,176871437.0,30,1,106579.0,1
2003,B0300041500000,Casseta & Planeta - A Taça Do Mundo É Nossa,Lula Buarque De Hollanda,Ficção,Conspiração Filmes,Warner/Estudios Mega,Warner,RJ,SP/RJ,274,690709,4346394.0,RJ,1.0,1,2000,1,7,4,0,iniciante,pequena,0.0,1.0,0.0,1.0,só incentivo,3.1968848435149173,13894921.102544175,176871437.0,30,1,106579.0,1
2003,B0300004100000,Cristina Quer Casar,Luiz Villaça,Ficção,Nia Filmes,Fox Film Do Brasil/Estudios Mega/Ramalho Filmes/Tibet Filme,Fox,SP,SP/RJ/SP/RJ,43,113208,764230.0,SP,1.0,1,2000,1,4,1,0,iniciante,nova,0.0,1.0,0.0,1.0,só incentivo,3.1968848435149173,2443155.303959405,176871437.0,30,1,106579.0,1
2003,B0200001300000,Desmundo,Alain Fresnot,Ficção,A.F. Cinema/Labocine,,Columbia,SP/RJ,,41,98514,692921.0,SP,2.0,0,2000,1,20,0,0,iniciante,media,0.0,1.0,0.0,1.0,só incentivo,3.1968848435149173,2215188.6426532,176871437.0,30,1,106579.0,0
2003,B0300001600000,Deus É Brasileiro,Cacá Diegues,Ficção,Rio Vermelho Filmes,,Columbia,RJ,,162,1635212,10655438.0,RJ,1.0,0,2000,2,20,0,0,iniciante,media,0.0,1.0,0.0,1.0,só incentivo,3.1968848435149173,34064208.2432129,176871437.0,30,1,106579.0,1
2003,B0300015600000,"Didi, O Cupido Trapalhão",Alexandre Boury/Paulo Aragão,Ficção,Diler & Associados,,Columbia,RJ,,147,1758579,8984535.0,RJ,1.0,0,2000,1,20,3,0,iniciante,media,0.0,1.0,0.0,1.0,só incentivo,3.1968848435149173,28722523.767529298,176871437.0,30,1,106579.0,1
2003,B0400145800000,Dois Perdidos Numa Noite Suja,José Joffily,Ficção,Coevo Filmes/Riofilme,,Pandora/Riofilme,RJ/RJ,,9,43780,176541.0,RJ,1.0,0,2000,2,0,0,0,iniciante,nova,0.0,1.0,0.0,1.0,só incentivo,3.1968848435149173,564381.247158967,176871437.0,30,1,106579.0,0
2003,B0300020800000,Dom,Moacyr Góes,Ficção,Diler & Associados,,Warner,RJ,,70,108499,390784.0,RJ,1.0,0,2000,0,7,3,1,estreante,pequena,0.0,1.0,0.0,1.0,só incentivo,3.1968848435149173,1249291.4466881335,176871437.0,30,1,106579.0,1
2003,B0200001000000,Durval Discos,Anna Muylaert,Ficção,África Filmes/Dezenove Som E Imagens,,Europa/Mam,SP/SP,,8,60108,424454.85,SP,1.0,0,2000,0,0,0,1,estreante,nova,0.0,1.0,0.0,1.0,só incentivo,3.1968848435149173,1356933.2767213976,176871437.0,30,1,106579.0,0
2003,B0500276200000,Histórias Do Olhar,Isa Albuquerque,Ficção,Íris Cinematográfica Tv,,Imovision,RJ,,3,1511,10524.58,RJ,1.0,0,2000,0,0,0,1,estreante,nova,0.0,1.0,0.0,1.0,só incentivo,3.1968848435149173,33645.87028636023,176871437.0,30,0,106579.0,0
2003,B0300009400000,Ilha Rá-Tim-Bum Em O Martelo De Vulcano,Eliana Fonseca,Ficção,Tv Cultura,Teleimage Productions,Warner,SP,SP,157,187297,991184.0,SP,1.0,1,2000,0,7,0,1,estreante,pequena,0.0,0.0,0.0,0.0,sem fomento,3.1968848435149173,3168701.10673449,176871437.0,30,1,106579.0,1
2003,B0300019500000,Lisbela E O Prisioneiro,Guel Arraes,Ficção,Uns Produções E Filmes,Estudios Mega,Fox,RJ,RJ,245,3174643,19915933.0,RJ,1.0,1,2000,2,4,0,0,iniciante,nova,0.0,1.0,0.0,1.0,só incentivo,3.1968848435149173,63668944.352158576,176871437.0,30,1,106579.0,1
2003,B0300034800000,"Maria, Mãe Do Filho De Deus",Moacyr Góes,Ficção,Diler & Associados,,Columbia,RJ,,303,2332873,12842085.0,RJ,1.0,0,2000,0,20,3,1,estreante,media,0.0,1.0,0.0,1.0,só incentivo,3.1968848435149173,41054666.89563027,176871437.0,30,1,106579.0,1
2003,B0300008900000,Nelson Freire,João Moreira Salles,Documentário,Videofilmes,,Videofilmes,RJ,,4,64302,456676.49,RJ,1.0,0,2000,0,0,8,1,estreante,nova,0.0,0.0,0.0,0.0,sem fomento,3.1968848435149173,1459942.1492705916,176871437.0,30,1,106579.0,0
2003,B0300007900000,O Caminho Das Nuvens,Vicente Amorim,Ficção,Filmes Do Equador,,Buena Vista,RJ,,73,214830,1705750.0,RJ,1.0,0,2000,0,0,5,1,estreante,nova,0.0,1.0,0.0,1.0,só incentivo,3.1968848435149173,5453086.32182557,176871437.0,30,1,106579.0,1
2003,B0300002900000,O Homem Do Ano,José Henrique Fonseca,Ficção,Conspiração Filmes/Estudios Mega/Estudios Quanta,,Warner,RJ/RJ/SP,,21,104659,726383.0,RJ,2.0,0,2000,0,7,0,1,estreante,pequena,0.0,1.0,0.0,1.0,só incentivo,3.1968848435149173,2322162.803286896,176871437.0,30,1,106579.0,0
2003,B0300002700000,O Homem Que Copiava,Jorge Furtado,Ficção,Casa De Cinema De Porto Alegre,,Columbia,RS,,70,664651,4692436.0,RS,1.0,0,2000,1,20,2,0,iniciante,media,0.0,1.0,0.0,1.0,só incentivo,3.1968848435149173,15001177.527563764,176871437.0,30,1,106579.0,1
2003,B0300021600000,Os Normais - O Filme,José Alvarenga Jr.,Ficção,Globo Filmes/M I 5 Filmes,,Lumière,RJ/RJ,,249,2996470,19874910.0,RJ,1.0,0,2000,1,10,0,0,iniciante,pequena,0.0,1.0,0.0,1.0,só incentivo,3.1968848435149173,63537798.545223065,176871437.0,30,1,106579.0,1
2003,B0400076000000,Paulinho Da Viola - Meu Tempo É Hoje,Izabel Jaguaribe,Documentário,Videofilmes,,Videofilmes,RJ,,6,54025,358726.0,RJ,1.0,0,2000,0,0,8,1,estreante,nova,0.0,0.0,0.0,0.0,sem fomento,3.1968848435149173,1146805.7123747321,176871437.0,30,1,106579.0,0
2003,B0200001200000,Rua Seis Sem Número,João Batista De Andrade,Ficção,Oeste Filmes,,Pandora,SP,,1,1315,5918.0,SP,1.0,0,2000,2,4,0,0,iniciante,nova,0.0,1.0,0.0,1.0,só incentivo,3.1968848435149173,18919.16450392128,176871437.0,30,0,106579.0,0
2003,B0200000400000,Seja O Que Deus Quiser,Murilo Salles,Ficção,Brasil Filmes/Cinema Brasil Digital/Riofilme,,Europa/Mam/Riofilme,SP/RJ/RJ,,11,16254,102038.0,SP,2.0,0,2000,2,0,0,0,iniciante,nova,0.0,2.0,0.0,1.0,só incentivo,3.1968848435149173,326203.7356625751,176871437.0,30,1,106579.0,0
2003,B0500255100000,Separações,Domingos De Oliveira,Ficção,Caradecão Filmes/Raccord Produções,,Riofilme,RJ/RJ,,10,69697,519101.0,RJ,1.0,0,2000,1,101,0,0,iniciante,grande,0.0,1.0,0.0,1.0,só incentivo,3.1968848435149173,1659506.1191534372,176871437.0,30,1,106579.0,0
2003,B0300017900000,Um Passaporte Húngaro,Sandra Kogut,Documentário,República Pureza Filmes,,Riofilme,RJ,,2,9069,58000.0,RJ,1.0,0,2000,0,101,0,1,estreante,grande,0.0,0.0,0.0,0.0,sem fomento,3.1968848435149173,185419.3209238652,176871437.0,30,1,106579.0,0
2003,B0300046000000,Xuxa Abracadabra,Moacyr Góes,Ficção,Diler & Associados,,Warner,RJ,,307,2214481,11677129.0,RJ,1.0,0,2000,0,7,3,1,estreante,pequena,0.0,1.0,0.0,1.0,só incentivo,3.1968848435149173,37330436.7158685,176871437.0,30,1,106579.0,1
2003,B0300002500000,"Zico, O Filme",Elizeu Ewald,Documentário,Diler & Associados/Labocine/Quanta-Rio/Tele Image,,Diler Prod.,RJ/RJ/RJ/SP,,,1000,5000.0,RJ,2.0,0,2000,1,0,1,0,iniciante,nova,0.0,1.0,0.0,1.0,só incentivo,3.1968848435149173,15984.424217574586,176871437.0,30,0,106579.0,0
2004,B0400055700000,"1,99 - Um Supermercado Que Vende Palavras",Marcelo Masagão,Ficção,Um Minuto,Bits Filmes,Imovision,SP,SP,3,11572,81156.0,SP,1.0,1,2000,2,1,2,0,iniciante,nova,0.0,2.0,0.0,1.0,só incentivo,2.9990101671051748,243387.66912158756,181569056.0,49,1,25336.5,0
2004,B0300045900000,33,Kiko Goifman,Documentário,Plateau Produções,,Paleotv,SP,,,11500,,SP,1.0,0,2000,0,0,0,1,estreante,nova,0.0,0.0,0.0,0.0,sem fomento,2.9990101671051748,,181569056.0,49,1,25336.5,0
2004,B0400053500000,A Cartomante,Pablo Uranga/Wagner De Assis,Ficção,Cinética Filmes/Labocine/Tropical Storm Entertainment,,Imovision,RJ/RJ/RJ,,46,36094,238667.0,RJ,1.0,0,2000,0,1,0,1,estreante,nova,0.0,0.0,0.0,0.0,sem fomento,2.9990101671051748,715764.7595524908,181569056.0,49,1,25336.5,1
2004,B0400127100000,A Dona Da História,Daniel Filho,Ficção,Lereby,Globo Filmes,Buena Vista,RJ,RJ,260,1271415,9025423.0,RJ,1.0,1,2000,1,1,1,0,iniciante,nova,0.0,1.0,0.0,1.0,só incentivo,2.9990101671051748,27067335.33942489,181569056.0,49,1,25336.5,1
2004,B0400053800000,Benjamim,Monique Gardenberg,Ficção,Dueto Filmes,Estudios Mega,Europa/Mam,RJ,RJ,25,98301,759726.0,RJ,1.0,1,2000,1,1,1,0,iniciante,nova,0.0,1.0,0.0,1.0,só incentivo,2.9990101671051748,2278425.998214146,181569056.0,49,1,25336.5,1
2004,B0300003000000,Cama De Gato,Alexandre Stockler,Ficção,A Exceção E A Regra Produções Artísticas/Prodigo Films,,A Exceção E A Regra Produções Artísticas,SP/SP,,1,25315,186823.0,SP,1.0,0,2000,0,0,0,1,estreante,nova,0.0,0.0,0.0,0.0,sem fomento,2.9990101671051748,560284.07644909,181569056.0,49,1,25336.5,0
2004,B0400081100000,Cazuza - O Tempo Não Para,Sandra Werneck/Walter Carvalho,Ficção,Lereby,Columbia Tristar Filmes Do Brasil/Globo Filmes/Cineluz Produções,Columbia,RJ,SP/RJ/RJ,292,3082522,21230606.0,RJ,1.0,1,2000,0,26,1,1,estreante,media,0.0,1.0,0.0,1.0,só incentivo,2.9990101671051748,63670803.24780413,181569056.0,49,1,25336.5,1
2004,B0400103400000,Cine Gibi Da Turma Da Mônica - O Filme,José Márcio Nicolosi,Animação,Lojinha Da Mônica,,Uip,SP,,104,305752,1823899.0,SP,1.0,0,2000,0,3,0,1,estreante,nova,0.0,0.0,0.0,0.0,sem fomento,2.9990101671051748,5469891.644772961,181569056.0,49,1,25336.5,1
2004,B0400096900000,Como Fazer Um Filme De Amor,José Roberto Torero,Ficção,Superfilmes,,Lumière,SP,,37,53545,388309.0,SP,1.0,0,2000,0,11,3,1,estreante,pequena,0.0,1.0,0.0,1.0,só incentivo,2.9990101671051748,1164542.6389784433,181569056.0,49,1,25336.5,1
2004,B0300039800000,Concerto Campestre,Henrique De Freitas Lima,Ficção,Casa De Imagens/Cinematográfica Pampeana/Labocine/Sony Pictures,,Imagem,PE/RS/RJ/SP,,12,13010,67205.0,PE,4.0,0,2000,1,1,0,0,iniciante,nova,0.0,0.0,0.0,0.0,sem fomento,2.9990101671051748,201548.47828030327,181569056.0,49,1,25336.5,0
2004,B0400066300000,Contra Todos,Roberto Moreira,Ficção,Coração Da Selva/O2 Filmes,,Warner,SP/SP,,20,25358,187641.0,SP,1.0,0,2000,0,12,0,1,estreante,pequena,0.0,1.0,0.0,1.0,só incentivo,2.9990101671051748,562737.2667657821,181569056.0,49,1,25336.5,1
2004,B0300040300000,De Passagem,Ricardo Elias,Ficção,Raiz Produções,,Lumière,SP,,20,11419,75632.0,SP,1.0,0,2000,0,11,3,1,estreante,pequena,0.0,1.0,0.0,1.0,só incentivo,2.9990101671051748,226821.13695849857,181569056.0,49,1,25336.5,0
2004,B0400102600000,Didi Quer Ser Criança,Alexandre Boury/Reynaldo Boury,Ficção,Diler & Associados,,Columbia,RJ,,154,982175,5583242.0,RJ,1.0,0,2000,0,26,7,1,estreante,media,0.0,1.0,0.0,1.0,só incentivo,2.9990101671051748,16744199.52340863,181569056.0,49,1,25336.5,1
2004,B0400138500000,Entreatos,João Moreira Salles,Documentário,Videofilmes,,Videofilmes,RJ,,7,38341,313023.0,RJ,1.0,0,2000,1,2,10,0,iniciante,nova,0.0,0.0,0.0,0.0,sem fomento,2.9990101671051748,938759.1595377631,181569056.0,49,1,25336.5,1
2004,B0400085800000,Espelho D'Água - Uma Viagem No Rio São Francisco,Marcus Vinicius Cezar,Ficção,Copacabana Filmes E Produções,,Europa/Mam,RJ,,12,18096,121469.0,RJ,1.0,0,2000,0,1,3,1,estreante,nova,0.0,1.0,0.0,1.0,só incentivo,2.9990101671051748,364286.76598809846,181569056.0,49,1,25336.5,0
2004,B0300035200000,Evandro Teixeira - Instantâneos Da Realidade,Paulo Fontenelle,Documentário,Canal Imaginário,,Riofilme,RJ,,3,875,5874.0,RJ,1.0,0,2000,0,106,0,1,estreante,grande,0.0,0.0,0.0,0.0,sem fomento,2.9990101671051748,17616.185721575795,181569056.0,49,0,25336.5,0
2004,B0400053200000,Fala Tu,Guilherme Coelho,Documentário,Matizar/Videofilmes,,Riofilme,RJ/RJ,,6,10526,71929.0,RJ,1.0,0,2000,0,106,0,1,estreante,grande,0.0,0.0,0.0,0.0,sem fomento,2.9990101671051748,215715.80230970812,181569056.0,49,1,25336.5,0
2004,B0300023400000,Filme De Amor,Julio Bressane,Ficção,Grupo Novo De Cinema E Tv,,Riofilme,RJ,,5,10742,70761.0,RJ,1.0,0,2000,4,106,3,0,estabelecida,grande,0.0,1.0,0.0,1.0,só incentivo,2.9990101671051748,212212.95843452928,181569056.0,49,1,25336.5,0
2004,B0500446000000,Fábio Fabuloso,Antônio Ricardo/Pedro Cesar/Ricardo Bocão,Documentário,Surf Co,Artezanato Eletrônico,Lumière,SP,RJ,9,12458,94961.0,SP,1.0,1,2000,0,11,0,1,estreante,pequena,0.0,0.0,0.0,0.0,sem fomento,2.9990101671051748,284789.0044784745,181569056.0,49,1,25336.5,0
2004,B0300040100000,Garotas Do Abc,Carlos Reichenbach,Ficção,Dezenove Som E Imagens,,Europa/Mam,SP,,19,10746,71962.0,SP,1.0,0,2000,1,1,1,0,iniciante,nova,0.0,1.0,0.0,1.0,só incentivo,2.9990101671051748,215814.76964522258,181569056.0,49,1,25336.5,0
2004,B0300048300000,"Glauber O Filme, Labirinto Do Brasil",Silvio Tendler,Documentário,Caliban Produções Cinematográficas,,Riofilme,RJ,,6,13456,85179.0,RJ,1.0,0,2000,0,106,0,1,estreante,grande,0.0,0.0,0.0,0.0,sem fomento,2.9990101671051748,255452.68702385167,181569056.0,49,1,25336.5,0
2004,B0400121700000,Irmãos De Fé,Moacyr Góes,Ficção,Diler & Associados,,Columbia,RJ,,294,966021,5652025.0,RJ,1.0,0,2000,3,26,7,0,estabelecida,media,0.0,1.0,0.0,1.0,só incentivo,2.9990101671051748,16950480.439732626,181569056.0,49,1,25336.5,1
2004,B0400085500000,Justiça,Maria Augusta Ramos,Documentário,Limite Produções,,Mais Filmes,RJ,,3,28635,138770.0,RJ,1.0,0,2000,0,3,0,1,estreante,nova,0.0,1.0,0.0,1.0,só incentivo,2.9990101671051748,416172.6408891851,181569056.0,49,1,25336.5,1
2004,B0300001800000,Lost Zweig,Sylvio Back,Ficção,Usina De Kyno,,Riofilme,RJ,,1,2398,20214.0,RJ,1.0,0,2000,2,106,2,0,iniciante,grande,0.0,0.0,0.0,0.0,sem fomento,2.9990101671051748,60621.991517864,181569056.0,49,0,25336.5,0
2004,B0400098900000,Língua - Vidas Em Português,Victor Lopes,Documentário,Sambascope Produções/Tv Zero Produções,,Riofilme,RJ/RJ,,5,11943,26545.0,RJ,1.0,0,2000,0,106,0,1,estreante,grande,0.0,0.0,0.0,0.0,sem fomento,2.9990101671051748,79608.72488580686,181569056.0,49,1,25336.5,0
2004,B0400170600000,Meu Tio Matou Um Cara,Jorge Furtado,Ficção,Casa De Cinema De Porto Alegre,,Fox,RS,,121,591120,4095008.0,RS,1.0,0,2000,2,7,3,0,iniciante,pequena,0.0,1.0,0.0,1.0,só incentivo,2.9990101671051748,12280970.626377027,181569056.0,49,1,25336.5,1
2004,B0500408600000,Motoboys - Vida Loca,Caito Ortiz,Ficção,Prodigo Films,,Mais Filmes,SP,,,,,SP,1.0,0,2000,0,3,0,1,estreante,nova,0.0,0.0,0.0,0.0,sem fomento,2.9990101671051748,,181569056.0,49,,25336.5,
2004,B0300005800000,Narradores De Javé,Eliane Caffé,Ficção,Bananeira Filmes/Gullane,,Lumière,RJ/SP,,29,67004,456307.0,RJ,2.0,0,2000,1,11,0,0,iniciante,pequena,0.0,1.0,0.0,1.0,só incentivo,2.9990101671051748,1368469.332321261,181569056.0,49,1,25336.5,1
2004,B0400052300000,Nina,Heitor Dhalia,Ficção,Gullane,,Columbia,SP,,10,25268,178834.0,SP,1.0,0,2000,0,26,0,1,estreante,media,0.0,1.0,0.0,1.0,só incentivo,2.9990101671051748,536324.9842240869,181569056.0,49,1,25336.5,0
2004,B0400063000000,Noite De São João,Sérgio Silva,Ficção,Producers - Ngm Produções,,Ngm Produções,RS,,5,5355,25704.0,RS,1.0,0,2000,1,0,0,0,iniciante,nova,0.0,0.0,0.0,0.0,sem fomento,2.9990101671051748,77086.55733527141,181569056.0,49,1,25336.5,0
2004,B0400054400000,O Outro Lado Da Rua,Marcos Bernstein,Ficção,Neanderthal Mb Cinema,,Columbia,RJ,,37,92165,661465.0,RJ,1.0,0,2000,0,26,0,1,estreante,media,0.0,1.0,0.0,1.0,só incentivo,2.9990101671051748,1983740.2601842245,181569056.0,49,1,25336.5,1
2004,B0400050200000,O Prisioneiro Da Grade De Ferro,Paulo Sacramento,Documentário,Olhos De Cão,,Imovision,SP,,13,27848,156931.0,SP,1.0,0,2000,0,1,1,1,estreante,nova,0.0,0.0,0.0,0.0,sem fomento,2.9990101671051748,470637.66453398217,181569056.0,49,1,25336.5,1
2004,B0300040900000,O Vestido,Paulo Thiago,Ficção,Vitória Produções,,Columbia,RJ,,41,30683,220274.0,RJ,1.0,0,2000,2,26,2,0,iniciante,media,0.0,1.0,0.0,1.0,só incentivo,2.9990101671051748,660603.9655489252,181569056.0,49,1,25336.5,1
2004,B0400097900000,Olga,Jayme Monjardim,Ficção,Nexus Cinema,,Lumière,SP,,339,3078030,20375397.0,SP,1.0,0,2000,0,11,0,1,estreante,pequena,0.0,1.0,0.0,1.0,só incentivo,2.9990101671051748,61106022.761804275,181569056.0,49,1,25336.5,1
2004,B0300040400000,Onde Anda Você,Sergio Rezende,Ficção,Morena Filmes,,Uip,RJ,,40,50958,411530.0,RJ,1.0,0,2000,3,3,2,0,estabelecida,nova,0.0,1.0,0.0,1.0,só incentivo,2.9990101671051748,1234182.6540687925,181569056.0,49,1,25336.5,1
2004,B0400100300000,Pelé Eterno,Anibal Massaini Neto,Documentário,Anima Produções Audiovisuais/Cinearte Produções Cinematográficas,,Uip,SP/SP,,150,257932,1851866.0,SP,1.0,0,2000,1,3,0,0,iniciante,nova,0.0,0.0,0.0,0.0,sem fomento,2.9990101671051748,5553764.962116391,181569056.0,49,1,25336.5,1
2004,B0400138600000,Peões,Eduardo Coutinho,Documentário,Videofilmes,,Videofilmes,RJ,,7,18005,142501.0,RJ,1.0,0,2000,3,2,10,0,estabelecida,nova,0.0,0.0,0.0,0.0,sem fomento,2.9990101671051748,427361.9478226545,181569056.0,49,1,25336.5,0
2004,B0400100100000,Procuradas,José Frazão/Zeca Pires,Ficção,Mundo Imaginário Produções Cinematográficas,Teleimage Productions,Imagem,SC,SP,10,2920,19720.0,SC,1.0,1,2000,0,1,0,1,estreante,nova,0.0,0.0,0.0,0.0,sem fomento,2.9990101671051748,59140.48049531405,181569056.0,49,1,25336.5,0
2004,B0300003400000,Querido Estranho,Ricardo Pinto E Silva,Ficção,Lereby/Tele Image/Veredas Comunicação E Arte,,Imagem,RJ/SP/SP,,27,18103,122520.0,RJ,2.0,0,2000,0,1,0,1,estreante,nova,0.0,1.0,0.0,1.0,só incentivo,2.9990101671051748,367438.725673726,181569056.0,49,1,25336.5,0
2004,B0400062800000,Raízes Do Brasil,Nelson Pereira Dos Santos,Documentário,Regina Filmes/Riofilme/Videofilmes,,Riofilme,RJ/RJ/RJ,,5,19420,120366.0,RJ,1.0,0,2000,1,106,0,0,iniciante,grande,0.0,0.0,0.0,0.0,sem fomento,2.9990101671051748,360978.85777378146,181569056.0,49,1,25336.5,0
2004,B0400126400000,Redentor,Cláudio Torres,Ficção,Conspiração Filmes/Estudios Mega/Estudios Quanta/Globo Filmes/Lereby,,Warner,RJ/RJ/SP/RJ/RJ,,81,247893,1880401.0,RJ,2.0,0,2000,0,12,0,1,estreante,pequena,0.0,1.0,0.0,1.0,só incentivo,2.9990101671051748,5639341.717234738,181569056.0,49,1,25336.5,1
2004,B0300046200000,Rio De Jano,Anna Azevedo/Eduardo Souza Lima/Renata Baldi,Documentário,Hy Brazil Filmes,,Riofilme,RJ,,3,8284,55948.0,RJ,1.0,0,2000,0,106,0,1,estreante,grande,0.0,0.0,0.0,0.0,sem fomento,2.9990101671051748,167788.6208292003,181569056.0,49,1,25336.5,0
2004,B0500293500000,Samba Riachão,Jorge Alfredo,Documentário,Truque,,Pandora,BA,,3,1330,7418.0,BA,1.0,0,2000,0,5,0,1,estreante,pequena,0.0,1.0,0.0,1.0,só incentivo,2.9990101671051748,22246.657419586187,181569056.0,49,0,25336.5,0
2004,B0400050100000,"Sexo, Amor E Traição",Jorge Fernando,Ficção,Total Entertainment,,Fox,RJ,,157,2219423,15775132.0,RJ,1.0,0,2000,0,7,0,1,estreante,pequena,0.0,1.0,0.0,1.0,só incentivo,2.9990101671051748,47309781.25542619,181569056.0,49,1,25336.5,1
2004,B0300050000000,Um Show De Verão,Moacyr Góes,Ficção,Diler & Associados,,Warner,RJ,,111,137507,741047.0,RJ,1.0,0,2000,3,12,7,0,estabelecida,pequena,0.0,1.0,0.0,1.0,só incentivo,2.9990101671051748,2222407.4873027885,181569056.0,49,1,25336.5,1
2004,B0300026000000,Viva Sapato!,Luiz Carlos Lacerda,Ficção,Europa Filmes/Terra Brasilis,,Europa/Mam,SP/RJ,,8,3507,24187.0,SP,2.0,0,2000,0,1,0,1,estreante,nova,0.0,1.0,0.0,1.0,só incentivo,2.9990101671051748,72537.05891177287,181569056.0,49,1,25336.5,0
2004,B0300007100000,Viva Voz,Paulo Morelli,Ficção,O2 Filmes,,Buena Vista,SP,,79,206568,1522763.0,SP,1.0,0,2000,0,1,2,1,estreante,nova,0.0,0.0,0.0,0.0,sem fomento,2.9990101671051748,4566781.719091577,181569056.0,49,1,25336.5,1
2004,B0400154400000,Xuxa E O Tesouro Da Cidade Perdida,Moacyr Góes,Ficção,Diler & Associados,,Warner,RJ,,300,1331652,7108730.0,RJ,1.0,0,2000,3,12,7,0,estabelecida,pequena,0.0,1.0,0.0,1.0,só incentivo,2.9990101671051748,21319153.54520557,181569056.0,49,1,25336.5,1
2004,B0400055000000,À Margem Da Imagem,Evaldo Mocarzel,Documentário,Sp Filmes De São Paulo,,Mais Filmes,SP,,1,1728,12354.0,SP,1.0,0,2000,0,3,2,1,estreante,nova,0.0,1.0,0.0,1.0,só incentivo,2.9990101671051748,37049.77160441733,181569056.0,49,0,25336.5,0
2005,B0500302600000,2 Filhos De Francisco: A História De Zezé Di Camargo E Luciano,Breno Silveira,Ficção,Conspiração Filmes/Globo Filmes/Lereby/Z.C.L. Comércio Promoções E Produções,,Columbia,RJ/RJ/RJ/SP,,329,5319677,36728278.0,RJ,2.0,0,2000,0,32,0,1,estreante,media,0.0,1.0,0.0,1.0,só incentivo,2.8062179069267095,103067551.4141823,184184264.0,46,1,17289.0,1
2005,B0400131700000,A Pessoa É Para O Que Nasce,Roberto Berliner,Documentário,Tv Zero Produções,,Copacabana Filmes/Riofilme,RJ,,8,24475,152261.0,RJ,1.0,0,2000,0,0,1,1,estreante,nova,0.0,0.0,0.0,0.0,sem fomento,2.8062179069267095,427277.5447265677,184184264.0,46,1,17289.0,1
2005,B0500199900000,As Vidas De Maria,Renato Barbieri,Ficção,Gaia Filmes,,Pandora,DF,,10,2746,17530.0,DF,1.0,0,2000,0,6,0,1,estreante,pequena,0.0,0.0,0.0,0.0,sem fomento,2.8062179069267095,49192.99990842522,184184264.0,46,0,17289.0,0
2005,B0400129700000,Bendito Fruto,Sergio Goldenberg,Ficção,Riofilme/Trópicos Arte E Comunicação,,Paris/Riofilme,RJ/RJ,,14,52022,453503.0,RJ,1.0,0,2000,0,0,0,1,estreante,nova,0.0,1.0,0.0,1.0,só incentivo,2.8062179069267095,1272628.2394449834,184184264.0,46,1,17289.0,1
2005,B0500251200000,Bens Confiscados,Carlos Reichenbach,Ficção,Dezenove Som E Imagens,,Imovision/Riofilme,SP,,3,4669,26754.0,SP,1.0,0,2000,2,0,2,0,iniciante,nova,0.0,1.0,0.0,1.0,só incentivo,2.8062179069267095,75077.55388191718,184184264.0,46,1,17289.0,0
2005,B0400131400000,Cabra-Cega,Toni Venturi,Ficção,Olhar Imaginário,,Europa/Mam,SP,,9,28620,220339.0,SP,1.0,0,2000,2,5,2,0,iniciante,pequena,0.0,0.0,0.0,0.0,sem fomento,2.8062179069267095,618319.2473943243,184184264.0,46,1,17289.0,1
2005,B0500250700000,Casa De Areia,Andrucha Waddington,Ficção,Conspiração Filmes/Filmes Do Equador,,Columbia,RJ/RJ,,35,187296,1557698.0,RJ,1.0,0,2000,3,32,0,0,estabelecida,media,0.0,1.0,0.0,1.0,só incentivo,2.8062179069267095,4371240.021183921,184184264.0,46,1,17289.0,1
2005,B0300008200000,Celeste & Estrela,Betse De Paula,Ficção,Aurora Cinematográfica,,Bpp Produções Audiovisuais,RJ,,1,4965,24175.0,RJ,1.0,0,2000,1,0,1,0,iniciante,nova,0.0,0.0,0.0,0.0,sem fomento,2.8062179069267095,67840.3178999532,184184264.0,46,1,17289.0,0
2005,B0500265000000,Cidade Baixa,Sérgio Machado,Ficção,Videofilmes,,Videofilmes/Lumière,RJ,,31,128134,1021626.0,RJ,1.0,0,2000,1,0,12,0,iniciante,nova,0.0,1.0,0.0,1.0,só incentivo,2.8062179069267095,2866905.1753819063,184184264.0,46,1,17289.0,1
2005,B0500255500000,"Cinema, Aspirinas E Urubus",Marcelo Gomes,Ficção,Rec Produtores Associados,Dezenove Som E Imagens,Imovision,PE,SP,17,105526,882373.0,PE,1.0,1,2000,0,4,0,1,estreante,nova,0.0,1.0,0.0,1.0,só incentivo,2.8062179069267095,2476130.9131886414,184184264.0,46,1,17289.0,1
2005,B0500281700000,Coisa De Mulher,Eliana Fonseca,Ficção,Diler & Associados,,Warner,RJ,,100,98963,714666.0,RJ,1.0,0,2000,1,16,11,0,iniciante,pequena,0.0,1.0,0.0,1.0,só incentivo,2.8062179069267095,2005508.5266716836,184184264.0,46,1,17289.0,1
2005,B0500277500000,Coisa Mais Linda,Paulo Thiago,Documentário,Vitória Produções,Tele Image,Columbia,RJ,SP,11,35861,319251.0,RJ,1.0,1,2000,3,32,3,0,estabelecida,media,0.0,1.0,0.0,1.0,só incentivo,2.8062179069267095,895887.873004259,184184264.0,46,1,17289.0,1
2005,B0500241100000,Confronto Final,Alonso Gonçalves,Ficção,Karina Filmes,,Polifilmes,MG,,5,2081,12278.0,MG,1.0,0,2000,0,0,0,1,estreante,nova,0.0,0.0,0.0,0.0,sem fomento,2.8062179069267095,34454.74346124614,184184264.0,46,0,17289.0,0
2005,B0500294600000,Diário De Um Novo Mundo,Paulo Nascimento,Ficção,Accorde Filmes/Linha De Produção Cinema Comunicação E Imagem/Panda Filmes,,Casablanca,RS/RS/RS,,7,12685,67809.0,RS,1.0,0,2000,0,0,0,1,estreante,nova,0.0,1.0,0.0,1.0,só incentivo,2.8062179069267095,190286.83005079324,184184264.0,46,1,17289.0,0
2005,B0500282100000,Doutores Da Alegria,Mara Mourão,Documentário,Grifa Filmes/Mamo Filmes,,Imovision,SP/SP,,20,26294,212313.0,SP,1.0,0,2000,2,4,0,0,iniciante,nova,0.0,1.0,0.0,1.0,só incentivo,2.8062179069267095,595796.5424733305,184184264.0,46,1,17289.0,1
2005,B0400158100000,Eliana Em O Segredo Dos Golfinhos,Eliana Fonseca,Ficção,Canal Azul/Teleimage Productions,Intercross Imóveis E Participações/Emb Promotora E Controladora,Fox,SP/SP,SP/SP,106,330742,2022729.0,SP,1.0,1,2000,1,9,0,0,iniciante,pequena,0.0,0.0,0.0,0.0,sem fomento,2.8062179069267095,5676218.340659956,184184264.0,46,1,17289.0,1
2005,B0400142200000,Extremo Sul,Monica Schmiedt/Sylvestre Campe,Documentário,Europa Filmes/M. Schmiedt Produções,,Europa/Mam,SP/RS,,5,13571,92149.0,SP,2.0,0,2000,0,5,0,1,estreante,pequena,0.0,1.0,0.0,1.0,só incentivo,2.8062179069267095,258590.17390538935,184184264.0,46,1,17289.0,0
2005,B0400165500000,Feminices,Domingos De Oliveira,Ficção,Teatro Ilustre Produções Artísticas,Afinal Filmes/Antenna Produtora,Copacabana Filmes,RJ,RJ/RJ,3,7091,63556.0,RJ,1.0,1,2000,2,2,0,0,iniciante,nova,0.0,0.0,0.0,0.0,sem fomento,2.8062179069267095,178351.98529263394,184184264.0,46,1,17289.0,0
2005,B0400123500000,Filhas Do Vento,Joel Zito Araújo,Ficção,Asacine Produções/Casa De Criação Cinema,,Riofilme,RJ/DF,,15,16578,117448.0,RJ,2.0,0,2000,0,114,0,1,estreante,grande,0.0,0.0,0.0,0.0,sem fomento,2.8062179069267095,329584.68073272816,184184264.0,46,1,17289.0,0
2005,B0500222600000,Gaijin Ama - Me Como Sou,Tizuka Yamasaki,Ficção,Scena Filmes,Art Films/Riofilme,Art Filmes,RJ,RJ/RJ,101,52898,388800.0,RJ,1.0,1,2000,3,1,0,0,estabelecida,nova,0.0,1.0,0.0,1.0,só incentivo,2.8062179069267095,1091057.5222131046,184184264.0,46,1,17289.0,1
2005,B0300046600000,"Garrincha, Estrela Solitária",Milton Alencar Jr,Ficção,Fam Produções,,Polifilmes,MG,,20,7877,54977.0,MG,1.0,0,2000,0,0,0,1,estreante,nova,0.0,1.0,0.0,1.0,só incentivo,2.8062179069267095,154277.4418691097,184184264.0,46,1,17289.0,0
2005,B0300041300000,Harmada,Maurice Capovilla,Ficção,Saturna Produções,Estudios Quanta,Riofilme,RJ,SP,2,1261,8499.0,RJ,1.0,1,2000,0,114,0,1,estreante,grande,0.0,1.0,0.0,1.0,só incentivo,2.8062179069267095,23850.045990970102,184184264.0,46,0,17289.0,0
2005,B0400129600000,Jogo Subterrâneo - Underground Games,Roberto Gervitz,Ficção,Columbia Tristar Filmes Do Brasil/Estudios Mega/Locall/Ramalho Filmes/Vagalume,,Buena Vista,SP/RJ/SP/SP/SP,,31,20928,163781.0,SP,2.0,0,2000,0,3,0,1,estreante,nova,0.0,1.0,0.0,1.0,só incentivo,2.8062179069267095,459605.1750143634,184184264.0,46,1,17289.0,1
2005,B0500220600000,Mais Uma Vez Amor,Rosane Svartman,Ficção,Raccord Produções/Total Entertainment,Warner,Warner,RJ/RJ,SP,144,228567,1662516.0,RJ,1.0,1,2000,1,16,0,0,iniciante,pequena,0.0,1.0,0.0,1.0,só incentivo,2.8062179069267095,4665382.169752166,184184264.0,46,1,17289.0,1
2005,B0500216600000,Mensageiras Da Luz - Parteiras Da Amazônia,Evaldo Mocarzel,Documentário,Casa Azul Produções/Sp Filmes De São Paulo,,Sp Filmes,SP/SP,,1,135,1287.0,SP,1.0,0,2000,1,0,0,0,iniciante,nova,0.0,1.0,0.0,1.0,só incentivo,2.8062179069267095,3611.602446214675,184184264.0,46,0,17289.0,0
2005,B0600575000000,Moro No Brasil,Mika Kaurismaki,Documentário,Magnatel,,Pandora,RJ,,2,2680,11911.0,RJ,1.0,0,2000,0,6,0,1,estreante,pequena,0.0,1.0,0.0,1.0,só incentivo,2.8062179069267095,33424.86148940404,184184264.0,46,0,17289.0,0
2005,B0500365600000,Morro Da Conceição,Cristiana Grumbach,Documentário,Crisis Produtivas,V. Filmes & Comunicação,Pipa,RJ,RJ,7,4943,40124.0,RJ,1.0,1,2000,0,0,0,1,estreante,nova,0.0,1.0,0.0,1.0,só incentivo,2.8062179069267095,112596.68729752729,184184264.0,46,1,17289.0,0
2005,B0400168800000,O Casamento De Romeu E Julieta,Bruno Barreto,Ficção,Filmes Do Equador,,Buena Vista,RJ,,215,969278,7303657.0,RJ,1.0,0,2000,2,3,6,0,iniciante,nova,0.0,1.0,0.0,1.0,só incentivo,2.8062179069267095,20495653.05945061,184184264.0,46,1,17289.0,1
2005,B0500370500000,O Coronel E O Lobisomem,Maurício Farias,Ficção,Uns Produções E Filmes,Brasil Filmes/Digital 21/Megacolor,Fox,RJ,SP/SP/SP,166,654983,4678543.0,RJ,1.0,1,2000,0,9,1,1,estreante,pequena,0.0,1.0,0.0,1.0,só incentivo,2.8062179069267095,13129011.144926608,184184264.0,46,1,17289.0,1
2005,B0400106000000,O Cárcere E A Rua,Liliana Sulzbach,Documentário,Zeppelin Filmes,,Pandora,RS,,17,7792,37424.0,RS,1.0,0,2000,0,6,0,1,estreante,pequena,0.0,0.0,0.0,0.0,sem fomento,2.8062179069267095,105019.89894882517,184184264.0,46,1,17289.0,0
2005,B0400129500000,O Diabo A Quatro,Alice De Andrade,Ficção,Tambellini Filmes,,Riofilme,RJ,,4,7247,52512.0,RJ,1.0,0,2000,0,114,3,1,estreante,grande,0.0,1.0,0.0,1.0,só incentivo,2.8062179069267095,147360.11472853538,184184264.0,46,1,17289.0,0
2005,B0500378800000,O Fim E O Princípio,Eduardo Coutinho,Documentário,Videofilmes,,Videofilmes,RJ,,3,9674,81146.0,RJ,1.0,0,2000,4,4,12,0,estabelecida,nova,0.0,1.0,0.0,1.0,só incentivo,2.8062179069267095,227713.35827547478,184184264.0,46,1,17289.0,0
2005,B0300039300000,O Signo Do Caos,Rogério Sganzerla,Ficção,Mercúrio Produções,,Riofilme,SP,,3,1255,9130.0,SP,1.0,0,2000,1,114,1,0,iniciante,grande,0.0,0.0,0.0,0.0,sem fomento,2.8062179069267095,25620.76949024086,184184264.0,46,0,17289.0,0
2005,B0500279400000,Preto E Branco,Carlos Nader,Documentário,Iucatan Produções/Já Filmes,,Polifilmes,SP/SP,,,,,SP,1.0,0,2000,0,0,0,1,estreante,nova,0.0,0.0,0.0,0.0,sem fomento,2.8062179069267095,,184184264.0,46,,17289.0,
2005,B0500247600000,Preto No Branco,Ronaldo German,Ficção,Daron Cine Video,,Distribuição Própria,RJ,,1,65,,RJ,1.0,0,2000,0,0,0,1,estreante,nova,0.0,0.0,0.0,0.0,sem fomento,2.8062179069267095,,184184264.0,46,0,17289.0,0
2005,B0500238500000,Quanto Vale Ou É Por Quilo ?,Sérgio Bianchi,Ficção,Agravo Produções Cinematográficas,,Riofilme,SP,,8,32863,195672.0,SP,1.0,0,2000,2,114,2,0,iniciante,grande,0.0,1.0,0.0,1.0,só incentivo,2.8062179069267095,549098.2702841631,184184264.0,46,1,17289.0,1
2005,B0400102900000,Quase Dois Irmãos,Lucia Murat,Ficção,Taiga Filmes E Vídeo,,Imovision,RJ,,23,58928,460087.0,RJ,1.0,0,2000,2,4,2,0,iniciante,nova,0.0,1.0,0.0,1.0,só incentivo,2.8062179069267095,1291104.378144189,184184264.0,46,1,17289.0,1
2005,B0500334900000,Sal De Prata,Carlos Gerbase,Ficção,Casa De Cinema De Porto Alegre,Quanta-Rio,Columbia,RS,RJ,41,17289,124880.0,RS,1.0,1,2000,1,32,4,0,iniciante,media,0.0,2.0,0.0,1.0,só incentivo,2.8062179069267095,350440.4922170075,184184264.0,46,1,17289.0,0
2005,B0400148300000,Soldado De Deus,Sérgio Sanz,Documentário,J.Sanz Produção Audiovisual,,Riofilme,RJ,,2,2528,18919.0,RJ,1.0,0,2000,0,114,0,1,estreante,grande,0.0,0.0,0.0,0.0,sem fomento,2.8062179069267095,53090.83658114642,184184264.0,46,0,17289.0,0
2005,B0500280100000,Sou Feia Mas Tô Na Moda,Denise Garcia,Documentário,Toscographics,,Imovision,RJ,,4,5575,44447.0,RJ,1.0,0,2000,0,4,0,1,estreante,nova,0.0,0.0,0.0,0.0,sem fomento,2.8062179069267095,124727.96730917145,184184264.0,46,1,17289.0,0
2005,B0400129900000,Tainá 2 - A Aventura Continua,Mauro Lima,Ficção,Sony Pictures/Tietê Produções,,Columbia,SP/RJ,,164,788442,4612264.0,SP,2.0,0,2000,0,32,0,1,estreante,media,0.0,1.0,0.0,1.0,só incentivo,2.8062179069267095,12943017.828273412,184184264.0,46,1,17289.0,1
2005,B0400171000000,Vida De Menina,Helena Solberg,Ficção,Radiante Filmes,,Europa/Mam,RJ,,8,27648,210049.0,RJ,1.0,0,2000,1,5,1,0,iniciante,pequena,0.0,1.0,0.0,1.0,só incentivo,2.8062179069267095,589443.2651320484,184184264.0,46,1,17289.0,1
2005,B0500293600000,Vinícius,Miguel Faria Jr.,Documentário,1001 Filmes,,Uip,RJ,,32,271979,2378985.0,RJ,1.0,0,2000,1,6,1,0,iniciante,pequena,0.0,1.0,0.0,1.0,só incentivo,2.8062179069267095,6675950.307310038,184184264.0,46,1,17289.0,1
2005,B0500340300000,Vlado: 30 Anos Depois,João Batista De Andrade,Documentário,Oeste Filmes/Tao Produções,João Batista De Andrade,Oeste Filmes Brasileiros,SP/SP,,2,3283,24902.0,SP,1.0,1,2000,3,0,0,0,estabelecida,nova,0.0,0.0,0.0,0.0,sem fomento,2.8062179069267095,69880.43831828891,184184264.0,46,1,17289.0,0
2005,B0500385000000,Vocação Do Poder,Eduardo Escorel/José Joffily,Documentário,Cinefilmes/Coevo Filmes,,Videofilmes,RJ/RJ,,3,1995,14914.0,RJ,1.0,0,2000,0,4,0,1,estreante,nova,0.0,1.0,0.0,1.0,só incentivo,2.8062179069267095,41851.933863904946,184184264.0,46,0,17289.0,0
2005,B0500433700000,Xuxinha E Guto Contra Os Monstros Do Espaço,Clewerson Saremba/Moacyr Góes,Animação,Diler & Associados,,Warner,RJ,,52,596218,4259097.0,RJ,1.0,0,2000,0,16,11,1,estreante,pequena,0.0,1.0,0.0,1.0,só incentivo,2.8062179069267095,11951954.268737828,184184264.0,46,1,17289.0,1
2006,B0600599800000,1972,José Emílio Rondeau,Ficção,Grupo Novo De Cinema E Tv/Labocine,,Buena Vista,RJ/RJ,,21,6756,57994.0,RJ,1.0,0,2000,0,5,0,1,estreante,pequena,0.0,1.0,0.0,1.0,só incentivo,2.693528371209061,156208.48435989828,186770562.0,71,1,9443.5,0
2006,B0500440400000,A Concepção,José Eduardo Belmonte,Ficção,Olhos De Cão,34 Filmes/Risco Filmes/Estudios Quanta/Brasil Filmes/Megacolor/Matheus Nachtergaele,Imovision,SP,DF/SP/SP/SP/SP/-,15,20827,145883.0,SP,1.0,1,2000,0,8,2,1,estreante,pequena,0.0,0.0,0.0,0.0,sem fomento,2.693528371209061,392939.9993770914,186770562.0,71,1,9443.5,1
2006,B0400128700000,A Conspiração Do Silêncio,Ronaldo Duque,Ficção,Asacine Produções/Ronaldo Duque & Associados,,Polifilmes,DF/GO,,6,5676,38784.0,DF,2.0,0,2000,0,3,0,1,estreante,nova,0.0,1.0,0.0,1.0,só incentivo,2.693528371209061,104465.80434897222,186770562.0,71,1,9443.5,0
2006,B0600500500000,A Festa De Margarette,Renato Falcão,Ficção,Filmik,,Accorde Audiovisuais,RS,,2,9486,,RS,1.0,0,2000,0,0,0,1,estreante,nova,0.0,0.0,0.0,0.0,sem fomento,2.693528371209061,,186770562.0,71,1,9443.5,1
2006,B0600494700000,A Ilha Do Terrível Rapaterra,Ariane Porto,Ficção,Raiz Produções,,Califórnia,SP,,37,5240,37729.0,SP,1.0,0,2000,0,0,4,1,estreante,nova,0.0,1.0,0.0,1.0,só incentivo,2.693528371209061,101624.13191734666,186770562.0,71,1,9443.5,0
2006,B0500321500000,A Mochila Do Mascate,Antonia Ratto/Gabriela Greeb,Documentário,Tibet Filme,,Copacabana Filmes,RJ,,4,2191,6892.0,RJ,1.0,0,2000,0,3,0,1,estreante,nova,0.0,0.0,0.0,0.0,sem fomento,2.693528371209061,18563.797534372847,186770562.0,71,0,9443.5,0
2006,B0500377400000,A Máquina,João Falcão,Ficção,Diler & Associados,,Buena Vista,RJ,,70,56088,440711.0,RJ,1.0,0,2000,0,5,13,1,estreante,pequena,0.0,1.0,0.0,1.0,só incentivo,2.693528371209061,1187067.5820039164,186770562.0,71,1,9443.5,1
2006,B0600476000000,A Odisséia Musical De Gilberto Mendes,Carlos De Moura Ribeiro Mendes,Documentário,Berço Esplêndido Produções Cinematográficas,,Berço Esplêndido,SP,,,,,SP,1.0,0,2000,0,0,0,1,estreante,nova,0.0,0.0,0.0,0.0,sem fomento,2.693528371209061,,186770562.0,71,,9443.5,
2006,B0400119600000,A Oitava Cor Do Arco-Íris,Amauri Tangará,Ficção,Cia D'Artes Do Brasil,,Polifilmes,MT,,2,274,2292.0,MT,1.0,0,2000,0,3,0,1,estreante,nova,0.0,0.0,0.0,0.0,sem fomento,2.693528371209061,6173.567026811168,186770562.0,71,0,9443.5,0
2006,B0500323500000,Achados E Perdidos,José Joffily,Ficção,Coevo Filmes,,Imagem,RJ,,20,14328,109076.0,RJ,1.0,0,2000,3,4,2,0,estabelecida,nova,0.0,1.0,0.0,1.0,só incentivo,2.693528371209061,293799.3006179995,186770562.0,71,1,9443.5,1
2006,B0600459600000,"Acredite, Um Espírito Baixou Em Mim",Jorge Moreno,Ficção,Fam Produções,,Fam Filmes,MG,,6,30458,211042.0,MG,1.0,0,2000,0,0,1,1,estreante,nova,0.0,0.0,0.0,0.0,sem fomento,2.693528371209061,568447.6145167026,186770562.0,71,1,9443.5,1
2006,B0600461400000,Anjos Do Sol,Rudi Lagemann,Ficção,Caradecão Filmes,,Downtown,RJ,,44,79800,623063.0,RJ,1.0,0,2000,0,0,0,1,estreante,nova,0.0,1.0,0.0,1.0,só incentivo,2.693528371209061,1678237.867550631,186770562.0,71,1,9443.5,1
2006,B0600475100000,Boleiros 2,Ugo Giorgetti,Ficção,Sp Filmes De São Paulo,Maria Luisa Cardoso De Oliveira,Mais Filmes,SP,SP,22,10316,93786.0,SP,1.0,1,2000,3,6,3,0,estabelecida,pequena,0.0,1.0,0.0,1.0,só incentivo,2.693528371209061,252615.251822213,186770562.0,71,1,9443.5,1
2006,B0600490100000,Brasília 18%,Nelson Pereira Dos Santos,Ficção,Regina Filmes/Videofilmes,Chin Produções Artísticas,Sony,RJ/RJ,RJ,46,15587,136947.0,RJ,1.0,1,2000,2,0,0,0,iniciante,nova,0.0,1.0,0.0,1.0,só incentivo,2.693528371209061,368870.6298519673,186770562.0,71,1,9443.5,1
2006,B0500222300000,Brilhante,Conceição Senna,Documentário,Mp2 Produções,,Mp2,RJ,,3,1581,9720.0,RJ,1.0,0,2000,0,0,0,1,estreante,nova,0.0,0.0,0.0,0.0,sem fomento,2.693528371209061,26181.095768152074,186770562.0,71,0,9443.5,0
2006,B0400163200000,Cafundó,Clóvis Bueno/Paulo Betti,Ficção,Prole De Adão Produção Artísticas,Laz Audiovisual,Laz,RJ,PR,7,33534,185707.0,RJ,1.0,1,2000,0,0,0,1,estreante,nova,0.0,0.0,0.0,0.0,sem fomento,2.693528371209061,500207.07323212107,186770562.0,71,1,9443.5,1
2006,B0500431600000,Cafuné,Bruno Vianna,Ficção,Raccord Produções,,Filmes Do Estação,RJ,,1,4236,33727.0,RJ,1.0,0,2000,0,0,3,1,estreante,nova,0.0,1.0,0.0,1.0,só incentivo,2.693528371209061,90844.631375768,186770562.0,71,1,9443.5,0
2006,B0600509100000,Canta Maria,Francisco Ramalho Jr.,Ficção,Ramalho Filmes,,Califórnia,SP,,34,7949,57359.0,SP,1.0,0,2000,0,0,0,1,estreante,nova,0.0,1.0,0.0,1.0,só incentivo,2.693528371209061,154498.09384418052,186770562.0,71,1,9443.5,0
2006,B0600466700000,"Carnaval, Bexiga, Funk E Sombrinha",Marcus Vinícius Faustini,Documentário,Kl Produções,,Kl Produções,RJ,,,6955,59041.0,RJ,1.0,0,2000,0,0,0,1,estreante,nova,0.0,0.0,0.0,0.0,sem fomento,2.693528371209061,159028.60856455416,186770562.0,71,1,9443.5,0
2006,B0600555800000,Casseta E Planeta - Seus Problemas Acabaram,José Lavigne,Ficção,Globo Filmes,,Europa/Mam,RJ,,180,596624,4262366.0,RJ,1.0,0,2000,0,8,2,1,estreante,pequena,0.0,0.0,0.0,0.0,sem fomento,2.693528371209061,11480803.74947688,186770562.0,71,1,9443.5,1
2006,B0500440200000,Cerro Do Jarau,Beto Souza,Ficção,Imagem B,Walper Ruas Produções,Europa/Mam,RS,RS,3,6252,19195.0,RS,1.0,1,2000,0,8,0,1,estreante,pequena,0.0,1.0,0.0,1.0,só incentivo,2.693528371209061,51702.27708535793,186770562.0,71,1,9443.5,0
2006,B0500324300000,Crime Delicado,Beto Brant,Ficção,Drama Filmes,Ricca Produções/Megacolor/Brasil Filmes/Locall,Downtown,SP,SP/SP/SP/SP,4,21891,181460.0,SP,1.0,1,2000,3,0,1,0,estabelecida,nova,0.0,1.0,0.0,1.0,só incentivo,2.693528371209061,488767.6582395962,186770562.0,71,1,9443.5,1
2006,B0600467200000,Depois Daquele Baile,Roberto Bomtempo,Ficção,Movimento Carioca Produções Artísticas,,Mais Filmes,RJ,,22,28869,247791.0,RJ,1.0,0,2000,0,6,0,1,estreante,pequena,0.0,1.0,0.0,1.0,só incentivo,2.693528371209061,667432.0886302644,186770562.0,71,1,9443.5,1
2006,B0600481600000,Dia De Festa,Toni Venturi,Documentário,Olhar Imaginário,,Pandora,SP,,2,1620,9975.0,SP,1.0,0,2000,3,9,3,0,estabelecida,pequena,0.0,0.0,0.0,0.0,sem fomento,2.693528371209061,26867.945502810384,186770562.0,71,0,9443.5,0
2006,B0500444600000,"Didi, O Caçador De Tesouros",Marcus Figueiredo,Ficção,Diler & Associados,,Buena Vista,RJ,,199,1024732,6220016.0,RJ,1.0,0,2000,0,5,13,1,estreante,pequena,0.0,1.0,0.0,1.0,só incentivo,2.693528371209061,16753789.565374298,186770562.0,71,1,9443.5,1
2006,B0500286600000,Do Luto À Luta,Evaldo Mocarzel,Documentário,Casa Azul Produções,,Mais Filmes,SP,,5,3107,26991.0,SP,1.0,0,2000,2,6,0,0,iniciante,pequena,0.0,0.0,0.0,0.0,sem fomento,2.693528371209061,72701.02426730376,186770562.0,71,1,9443.5,0
2006,B1101450100000,Do Outro Lado Do Rio,Lucas Bambozzi,Documentário,Illud Tempus,,Distribuição Própria,SP,,,,,SP,1.0,0,2000,0,1,0,1,estreante,nova,0.0,0.0,0.0,0.0,sem fomento,2.693528371209061,,186770562.0,71,,9443.5,
2006,B0500376500000,Dom Helder Camara - O Santo Rebelde,Erika Bauer,Documentário,Cor Filmes,,Pandora,DF,,2,3592,23410.0,DF,1.0,0,2000,0,9,0,1,estreante,pequena,0.0,1.0,0.0,1.0,só incentivo,2.693528371209061,63055.499170004114,186770562.0,71,1,9443.5,0
2006,B0500209900000,Estamira,Marcos Prado,Documentário,Zazen Produções,,Riofilme,RJ,,8,40992,317423.0,RJ,1.0,0,2000,0,120,2,1,estreante,grande,0.0,1.0,0.0,1.0,só incentivo,2.693528371209061,854987.8561742938,186770562.0,71,1,9443.5,1
2006,B0500441200000,Eu Me Lembro,Edgard Navarro,Ficção,Truque,,Pandora,BA,,5,15094,124394.0,BA,1.0,0,2000,0,9,1,1,estreante,pequena,0.0,1.0,0.0,1.0,só incentivo,2.693528371209061,335058.7682081799,186770562.0,71,1,9443.5,1
2006,B0400127500000,Família Alcântara,Daniel Solá Santiago/Lilian Solá Santiago,Documentário,Daniel Solá Santiago Produções,,Daniel Solá Santiago,SP,,1,307,2345.0,SP,1.0,0,2000,0,0,0,1,estreante,nova,0.0,0.0,0.0,0.0,sem fomento,2.693528371209061,6316.324030485248,186770562.0,71,0,9443.5,0
2006,B0600566800000,Fica Comigo Esta Noite,João Falcão,Ficção,Diler & Associados,,Buena Vista,RJ,,80,249248,1925083.0,RJ,1.0,0,2000,0,5,13,1,estreante,pequena,0.0,1.0,0.0,1.0,só incentivo,2.693528371209061,5185265.677432253,186770562.0,71,1,9443.5,1
2006,B0600467100000,Gatão De Meia Idade,Antonio Carlos Da Fontoura,Ficção,Ipê Artes,,Downtown,RJ,,38,81947,751249.0,RJ,1.0,0,2000,1,0,2,0,iniciante,nova,0.0,1.0,0.0,1.0,só incentivo,2.693528371209061,2023510.4953424358,186770562.0,71,1,9443.5,1
2006,B0500442700000,Ginga – A Alma Do Futebol Brasileiro,Hank Levine/Marcelo Machado/Tocha Alves,Documentário,O2 Filmes,,O2 Filmes,SP,,3,1266,3925.0,SP,1.0,0,2000,0,0,3,1,estreante,nova,0.0,0.0,0.0,0.0,sem fomento,2.693528371209061,10572.098856995564,186770562.0,71,0,9443.5,0
2006,B0500264200000,Helena Meireles A Dama Da Viola,Francisco De Paula,Documentário,Naive Produções Artísticas,,Cinebr,SP,,1,2495,9394.0,SP,1.0,0,2000,0,0,0,1,estreante,nova,0.0,0.0,0.0,0.0,sem fomento,2.693528371209061,25303.005519137918,186770562.0,71,0,9443.5,0
2006,B0600493900000,Incuráveis,Gustavo Acioli,Ficção,Lavoro Produções,,Polifilmes,RJ,,,1871,14382.0,RJ,1.0,0,2000,0,3,0,1,estreante,nova,0.0,0.0,0.0,0.0,sem fomento,2.693528371209061,38738.32503472872,186770562.0,71,0,9443.5,0
2006,B0600539200000,Intervalo Clandestino,Eryk Rocha,Documentário,Grupo Novo De Cinema E Tv,,Gnctv,RJ,,,,419.0,RJ,1.0,0,2000,1,0,4,0,iniciante,nova,0.0,1.0,0.0,1.0,só incentivo,2.693528371209061,1128.5883875365967,186770562.0,71,,9443.5,
2006,B0600477800000,Irma Vap - O Retorno,Carla Camurati,Ficção,Copacabana Filmes E Produções/Pequena Central,,Downtown,SP/RJ,,100,247325,2239090.0,SP,2.0,0,2000,3,0,0,0,estabelecida,nova,0.0,1.0,0.0,1.0,só incentivo,2.693528371209061,6031052.440690496,186770562.0,71,1,9443.5,1
2006,B0500439200000,Meninas,Sandra Werneck,Documentário,Cineluz Produções/Giros,Sandra Werneck,Downtown,RJ/RJ,,4,4208,26415.0,RJ,1.0,1,2000,2,0,0,0,iniciante,nova,0.0,1.0,0.0,1.0,só incentivo,2.693528371209061,71149.55192548735,186770562.0,71,1,9443.5,0
2006,B0500316800000,Moacir Arte Bruta,Walter Carvalho,Documentário,Kinofilme/República Pureza Filmes,,Riofilme,RJ/RJ,,2,2271,16966.0,RJ,1.0,0,2000,0,120,0,1,estreante,grande,0.0,0.0,0.0,0.0,sem fomento,2.693528371209061,45698.402345932926,186770562.0,71,0,9443.5,0
2006,B0600546700000,Muito Gelo E Dois Dedos D'Água,Daniel Filho,Ficção,Globo Filmes,Lereby,Buena Vista,RJ,RJ,132,509098,3960788.0,RJ,1.0,1,2000,2,5,2,0,iniciante,pequena,0.0,1.0,0.0,1.0,só incentivo,2.693528371209061,10668494.850344393,186770562.0,71,1,9443.5,1
2006,B0600459900000,Mulheres Do Brasil,Malu De Martino,Ficção,Eh! Filmes/Estudios Quanta,,Playarte,RJ/SP,,90,48293,369464.0,RJ,2.0,0,2000,0,1,0,1,estreante,nova,0.0,1.0,0.0,1.0,só incentivo,2.693528371209061,995161.7661403845,186770562.0,71,1,9443.5,1
2006,B0500183300000,No Meio Da Rua,Antonio Carlos Da Fontoura,Ficção,Canto Claro Produções Artísticas,,Film Connection,RJ,,8,2133,12317.0,RJ,1.0,0,2000,1,0,0,0,iniciante,nova,0.0,1.0,0.0,1.0,só incentivo,2.693528371209061,33176.188948182,186770562.0,71,0,9443.5,0
2006,B0600504400000,Nzinga,Octávio Bezerra,Documentário,Olhar Feminino Produções,,Olhar Feminino,RJ,,1,21,212.0,RJ,1.0,0,2000,0,0,0,1,estreante,nova,0.0,1.0,0.0,1.0,só incentivo,2.693528371209061,571.028014696321,186770562.0,71,0,9443.5,0
2006,B0400051700000,O Amigo Invisível,Maria Letícia,Ficção,"Estúdio, Pesquisa E Criações Artísticas/Quanta-Rio",,Riofilme,RJ/RJ,,4,1030,5517.0,RJ,1.0,0,2000,0,120,0,1,estreante,grande,0.0,0.0,0.0,0.0,sem fomento,2.693528371209061,14860.196023960389,186770562.0,71,0,9443.5,0
2006,B0600572700000,O Ano Em Que Meus Pais Saíram De Férias,Cao Hamburger,Ficção,Caos Produções/Gullane,,Buena Vista,SP/SP,,70,368986,3169763.0,SP,1.0,0,2000,1,5,0,0,iniciante,pequena,0.0,1.0,0.0,1.0,só incentivo,2.693528371209061,8537846.570508746,186770562.0,71,1,9443.5,1
2006,B0600616600000,O Cavaleiro Didi E A Princesa Lili,Marcus Figueiredo,Ficção,Diler & Associados,,Buena Vista,RJ,,163,742340,4672418.0,RJ,1.0,0,2000,0,5,13,1,estreante,pequena,0.0,1.0,0.0,1.0,só incentivo,2.693528371209061,12585290.445147898,186770562.0,71,1,9443.5,1
2006,B0600587200000,O Céu De Suely,Karim Aïnouz,Ficção,Videofilmes,,Downtown,RJ,,10,73892,604614.0,RJ,1.0,0,2000,1,0,14,0,iniciante,nova,0.0,1.0,0.0,1.0,só incentivo,2.693528371209061,1628544.962630195,186770562.0,71,1,9443.5,1
2006,B0600496100000,O Dia Em Que O Brasil Esteve Aqui,Caito Ortiz,Documentário,Prodigo Films,,Pródigo,SP,,6,778,5300.0,SP,1.0,0,2000,1,0,1,0,iniciante,nova,0.0,1.0,0.0,1.0,só incentivo,2.693528371209061,14275.700367408022,186770562.0,71,0,9443.5,0
2006,B0500434100000,O Homem Pode Voar - A Saga De Santos Dumont,Nelson Hoineff,Documentário,Comalt - Comunicação Alternativa,,Riofilme,RJ,,6,1912,16332.0,RJ,1.0,0,2000,0,120,0,1,estreante,grande,0.0,1.0,0.0,1.0,só incentivo,2.693528371209061,43990.70535858638,186770562.0,71,0,9443.5,0
2006,B0600547100000,O Maior Amor Do Mundo,Cacá Diegues,Ficção,Luz Mágica Produções,Globo Filmes/Lereby,Sony,RJ,RJ/RJ,135,209741,1723672.0,RJ,1.0,1,2000,3,0,0,0,estabelecida,nova,0.0,0.0,0.0,0.0,sem fomento,2.693528371209061,4642759.434658664,186770562.0,71,1,9443.5,1
2006,B0600451500000,O Sol - Caminhando Contra O Vento,Tetê Moraes,Documentário,Vemver Brasil,,Riofilme,RJ,,18,9401,49026.0,RJ,1.0,0,2000,1,120,1,0,iniciante,grande,0.0,0.0,0.0,0.0,sem fomento,2.693528371209061,132052.92192689542,186770562.0,71,1,9443.5,0
2006,B0500265400000,O Veneno Da Madrugada,Ruy Guerra,Ficção,Lagoa Cultural,,Uip,RJ,,5,3639,27907.0,RJ,1.0,0,2000,1,7,1,0,iniciante,pequena,0.0,1.0,0.0,1.0,só incentivo,2.693528371209061,75168.29625533127,186770562.0,71,1,9443.5,0
2006,B0600592800000,Olhar Estrangeiro,Lucia Murat,Documentário,Taiga Filmes E Vídeo,Limite Produções,Riofilme,RJ,RJ,4,4750,33928.0,RJ,1.0,1,2000,3,120,3,0,estabelecida,grande,0.0,1.0,0.0,1.0,só incentivo,2.693528371209061,91386.03057838102,186770562.0,71,1,9443.5,0
2006,B0600497600000,Outra Memória,Chico Faganello,Ficção,Filmes Que Voam,,Pipa,SC,,,976,4363.0,SC,1.0,0,2000,0,1,0,1,estreante,nova,0.0,0.0,0.0,0.0,sem fomento,2.693528371209061,11751.864283585133,186770562.0,71,0,9443.5,0
2006,B0500433200000,Se Eu Fosse Você,Daniel Filho,Ficção,Total Entertainment,Globo Filmes/Lereby,Fox,RJ,RJ/RJ,197,3644956,28916137.0,RJ,1.0,1,2000,2,11,1,0,iniciante,pequena,0.0,1.0,0.0,1.0,só incentivo,2.693528371209061,77886435.39526807,186770562.0,71,1,9443.5,1
2006,B0600587800000,Solo Dios Sabe,Carlos Bolado,Ficção,Dezenove Som E Imagens,,Buena Vista,SP,,8,4301,29765.0,SP,1.0,0,2000,0,5,3,1,estreante,pequena,0.0,1.0,0.0,1.0,só incentivo,2.693528371209061,80172.8719690377,186770562.0,71,1,9443.5,0
2006,B0600535300000,Sonhos E Desejos,Marcelo Santiago,Ficção,Filmes Do Equador,,Uip,RJ,,24,13613,108151.0,RJ,1.0,0,2000,0,7,7,1,estreante,pequena,0.0,1.0,0.0,1.0,só incentivo,2.693528371209061,291307.7868746311,186770562.0,71,1,9443.5,1
2006,B0400146400000,"Soy Cuba, O Mamute Siberiano",Vicente Ferraz,Documentário,Três Mundos Produções,Urca Filmes,Imovision,RJ,RJ,6,16556,127740.0,RJ,1.0,1,2000,0,8,0,1,estreante,pequena,0.0,2.0,0.0,1.0,só incentivo,2.693528371209061,344071.3141382454,186770562.0,71,1,9443.5,1
2006,B0500438700000,Tapete Vermelho,Luiz Alberto Pereira,Ficção,Lapfilme,Ccfbr Produções/Mastershot Produções/Estudios Quanta,Pandora,SP,SP/SP/SP,28,50955,275515.0,SP,1.0,1,2000,2,9,2,0,iniciante,pequena,0.0,1.0,0.0,1.0,só incentivo,2.693528371209061,742107.4691936644,186770562.0,71,1,9443.5,1
2006,B0600605700000,Tow In Surfing,Jorge Guimarães/Rosaldo Cavalcanti,Documentário,Iaiá Filmes/Tow In Sports Brasil,,Iaiá Filmes,RJ/RJ,,2,2398,19935.0,RJ,1.0,0,2000,0,0,0,1,estreante,nova,0.0,0.0,0.0,0.0,sem fomento,2.693528371209061,53695.48808005263,186770562.0,71,0,9443.5,0
2006,B0600552000000,Trair E Coçar É Só Começar,Moacyr Góes,Ficção,Diler & Associados,,Fox,RJ,,168,481006,3486329.0,RJ,1.0,0,2000,6,11,13,0,veterana,pequena,0.0,1.0,0.0,1.0,só incentivo,2.693528371209061,9390526.072868913,186770562.0,71,1,9443.5,1
2006,B0600471600000,Um Craque Chamado Divino,Penna Filho,Documentário,Penna Filho Produções,,Pandora,SC,,1,1148,8978.0,SC,1.0,0,2000,0,9,0,1,estreante,pequena,0.0,1.0,0.0,1.0,só incentivo,2.693528371209061,24182.49771671495,186770562.0,71,0,9443.5,0
2006,B0600522500000,Veias E Vinhos: Uma História Brasileira,João Batista De Andrade,Ficção,Oeste Filmes,Locall/Andrade Produções Cinematográficas,Polifilmes,SP,SP/SP,2,4149,19091.0,SP,1.0,1,2000,4,3,1,0,estabelecida,nova,0.0,1.0,0.0,1.0,só incentivo,2.693528371209061,51422.150134752184,186770562.0,71,1,9443.5,0
2006,B0500230100000,Vestido De Noiva,Joffre Rodrigues,Ficção,Jbr Filmes,,Riofilme,RJ,,29,5871,45380.0,RJ,1.0,0,2000,0,120,1,1,estreante,grande,0.0,0.0,0.0,0.0,sem fomento,2.693528371209061,122232.31748546718,186770562.0,71,1,9443.5,0
2006,B0500433000000,Vinho De Rosas,Elza Cataldo,Ficção,Persona Filmes,,Persona,MG,,2,23817,91817.0,MG,1.0,0,2000,0,0,0,1,estreante,nova,0.0,0.0,0.0,0.0,sem fomento,2.693528371209061,247311.69445930235,186770562.0,71,1,9443.5,1
2006,B0500436300000,"Wood & Stock: Sexo, Orégano E Rock",Otto Guerra,Animação,Otto Desenhos Animados,,Downtown,RS,,15,55231,441039.0,RS,1.0,0,2000,0,0,0,1,estreante,nova,0.0,1.0,0.0,1.0,só incentivo,2.693528371209061,1187951.059309673,186770562.0,71,1,9443.5,1
2006,B0600616500000,Xuxa Gêmeas,Jorge Fernando,Ficção,Diler & Associados,,Fox,RJ,,277,1035700,5802977.0,RJ,1.0,0,2000,1,11,13,0,iniciante,pequena,0.0,1.0,0.0,1.0,só incentivo,2.693528371209061,15630483.186973643,186770562.0,71,1,9443.5,1
2006,B0600535800000,Zuzu Angel,Sergio Rezende,Ficção,Toscana Audiovisual,Warner,Warner,RJ,SP,173,774318,5789238.0,RJ,1.0,1,2000,4,19,0,0,estabelecida,pequena,0.0,1.0,0.0,1.0,só incentivo,2.693528371209061,15593476.800681602,186770562.0,71,1,9443.5,1
2006,B0600533100000,Zé Pureza,Marcelo Ernandez,Documentário,Marcelo Ernandez,,Pipa,RJ,,2,415,1625.0,RJ,1.0,0,2000,0,1,0,1,estreante,nova,0.0,0.0,0.0,0.0,sem fomento,2.693528371209061,4376.983603214724,186770562.0,71,0,9443.5,0
2006,B0500388300000,Árido Movie,Lírio Ferreira,Ficção,Cinema Brasil Digital,,Europa/Mam,RJ,,4,21729,285246.0,RJ,1.0,0,2000,0,8,1,1,estreante,pequena,0.0,1.0,0.0,1.0,só incentivo,2.693528371209061,768318.1937738998,186770562.0,71,1,9443.5,1
2007,B0700778300000,3 Efes,Carlos Gerbase,Ficção,Casa De Cinema De Porto Alegre,Regra Três,Casa De Cinema De Porto Alegre,RS,RS,6,1358,7690.0,RS,1.0,1,2000,2,0,5,0,iniciante,nova,0.0,0.0,0.0,0.0,sem fomento,2.5988934183824415,19985.490387360976,,78,0,13334.0,0
2007,B0700735300000,3 Irmãos De Sangue,Ângela Patrícia Reiniger,Documentário,No Ar Comunicação,,Filmes Do Estação,RJ,,8,6873,64086.0,RJ,1.0,0,2000,0,1,0,1,estreante,nova,0.0,0.0,0.0,0.0,sem fomento,2.5988934183824415,166552.68361045714,,78,1,13334.0,0
2007,B0400163000000,500 Almas,Joel Pizzini,Documentário,Grifa Filmes,,Riofilme,SP,,3,3833,26489.0,SP,1.0,0,2000,0,127,0,1,estreante,grande,0.0,1.0,0.0,1.0,só incentivo,2.5988934183824415,68842.08775953249,,78,1,13334.0,0
2007,B0700722200000,A Casa De Alice,Chico Teixeira,Ficção,Superfilmes,,Imovision,SP,,13,24625,186903.0,SP,1.0,0,2000,0,10,4,1,estreante,pequena,0.0,1.0,0.0,1.0,só incentivo,2.5988934183824415,485740.97657593346,,78,1,13334.0,1
2007,B0600628300000,A Grande Família - O Filme,Maurício Farias,Ficção,Globo Filmes,,Europa/Mam,RJ,,262,2035576,15482240.0,RJ,1.0,0,2000,1,11,4,0,iniciante,pequena,0.0,0.0,0.0,0.0,sem fomento,2.5988934183824415,40236691.63781737,,78,1,13334.0,1
2007,B0700676700000,A História Das Três Marias,Silvana Soares/Zackia Resende,Ficção,Zs Três Marias Audiovisuais,,Zs Três Marias Audiovisuais,MG,,1,,,MG,1.0,0,2000,0,0,0,1,estreante,nova,0.0,1.0,0.0,1.0,só incentivo,2.5988934183824415,,,78,,13334.0,
2007,B0700641700000,A Turma Da Mônica Em Uma Aventura No Tempo,Maurício De Sousa,Animação,Diler & Associados,,Buena Vista,RJ,,160,545482,4010200.0,RJ,1.0,0,2000,0,13,19,1,estreante,pequena,0.0,1.0,0.0,1.0,só incentivo,2.5988934183824415,10422082.386397267,,78,1,13334.0,1
2007,B0700746500000,A Via Láctea,Lina Chamie,Ficção,Girafa Filmes,,Europa/Mam,SP,,5,13334,100271.0,SP,1.0,0,2000,1,11,0,0,iniciante,pequena,0.0,1.0,0.0,1.0,só incentivo,2.5988934183824415,260593.64195462578,,78,1,13334.0,0
2007,B0600514100000,Aboio,Marília Rocha,Documentário,Anavilhana/Grupo Novo De Cinema E Tv,,Iaiá Filmes,MG/RJ,,2,857,5870.0,MG,2.0,0,2000,0,1,0,1,estreante,nova,0.0,1.0,0.0,1.0,só incentivo,2.5988934183824415,15255.504365904932,,78,0,13334.0,0
2007,B0600527900000,Antônia,Tata Amaral,Ficção,Coração Da Selva,,Downtown,SP,,125,79428,600698.0,SP,1.0,0,2000,2,7,0,0,iniciante,pequena,0.0,2.0,0.0,1.0,só incentivo,2.5988934183824415,1561150.0786354959,,78,1,13334.0,1
2007,B0500256500000,As Tentações Do Irmão Sebastião,José Araújo,Ficção,Ganesh Produções,,Riofilme,CE,,2,546,3086.0,CE,1.0,0,2000,1,127,1,0,iniciante,grande,0.0,1.0,0.0,1.0,só incentivo,2.5988934183824415,8020.185089128215,,78,0,13334.0,0
2007,B0700658000000,Baixio Das Bestas,Claudio Assis,Ficção,Parabólica Brasil,,Imovision,PE,,10,48844,361846.0,PE,1.0,0,2000,1,10,0,0,iniciante,pequena,0.0,0.0,0.0,0.0,sem fomento,2.5988934183824415,940399.1878680129,,78,1,13334.0,1
2007,B0600599600000,Batismo De Sangue,Helvécio Ratton,Ficção,Quimera Filmes,Estudios Quanta/Teleimage,Downtown,MG,SP/SP,24,56535,402345.0,MG,1.0,1,2000,3,7,2,0,estabelecida,pequena,0.0,1.0,0.0,1.0,só incentivo,2.5988934183824415,1045651.7724190834,,78,1,13334.0,1
2007,B0700676800000,Bem-Vindo A São Paulo,Leon Cakoff,Documentário,Mostra Filmes,Plateau Produções,Videofilmes,SP,SP,10,4981,42249.0,SP,1.0,1,2000,0,6,0,1,estreante,pequena,0.0,0.0,0.0,0.0,sem fomento,2.5988934183824415,109800.64803323978,,78,1,13334.0,0
2007,B0600578400000,Brasileirinho,Mika Kaurismaki,Documentário,Studio Uno Produções Artísticas,,Riofilme,RJ,,9,19090,165184.0,RJ,1.0,0,2000,1,127,0,0,iniciante,grande,0.0,3.0,0.0,1.0,só incentivo,2.5988934183824415,429295.6104220852,,78,1,13334.0,1
2007,B0600602300000,Brichos,Paulo Munhoz/Tadao Miaqui,Animação,Tecnokena,,Panda Filmes,PR,,21,7732,38583.0,PR,1.0,0,2000,0,0,0,1,estreante,nova,0.0,2.0,0.0,1.0,só incentivo,2.5988934183824415,100273.10476144974,,78,1,13334.0,0
2007,B0700648000000,Caixa Dois,Bruno Barreto,Ficção,Filmes Do Equador,Columbia Tristar Filmes Do Brasil/Movi & Art,Buena Vista,RJ,SP/SP,153,247292,2105386.0,RJ,1.0,1,2000,3,13,8,0,estabelecida,pequena,0.0,1.0,0.0,1.0,só incentivo,2.5988934183824415,5471673.818554535,,78,1,13334.0,1
2007,B0700659300000,Caparaó,Flavio Frederico,Documentário,Kinoscópio,,Kinoscópio,SP,,9,3508,21120.0,SP,1.0,0,2000,0,0,0,1,estreante,nova,0.0,1.0,0.0,1.0,só incentivo,2.5988934183824415,54888.62899623717,,78,1,13334.0,0
2007,B0600490200000,Carreiras,Domingos De Oliveira,Ficção,Teatro Ilustre Produções Artísticas,Renata Paschoal/Afinal Filmes/Roberto Talma/Ronald Teixeira Da Cunha,Filmes Do Estação,RJ,-/RJ/-/-,8,5778,42388.0,RJ,1.0,1,2000,3,1,1,0,estabelecida,nova,0.0,1.0,0.0,1.0,só incentivo,2.5988934183824415,110161.89421839493,,78,1,13334.0,0
2007,B0700653100000,Cartola,Hilton Lacerda/Lírio Ferreira,Documentário,Raccord Produções,,Riofilme,RJ,,14,63924,520400.0,RJ,1.0,0,2000,0,127,4,1,estreante,grande,0.0,1.0,0.0,1.0,só incentivo,2.5988934183824415,1352464.1349262225,,78,1,13334.0,1
2007,B0700691900000,Cidade Dos Homens,Paulo Morelli,Ficção,O2 Filmes,Globo Filmes/Guel Produtora,Fox,SP,RJ/RJ,163,282425,2238343.0,SP,1.0,1,2000,1,14,4,0,iniciante,pequena,0.0,1.0,0.0,1.0,só incentivo,2.5988934183824415,5817214.890782409,,78,1,13334.0,1
2007,B0700725800000,Conceição - Autor Bom É Autor Morto,Daniel Caetano/Guilherme Sarmiento/Samantha Ribeiro,Ficção,Duas Mariola Filmes/Inventarte,,Riofilme,RJ/RJ,,3,2248,11013.0,RJ,1.0,0,2000,0,127,0,1,estreante,grande,0.0,0.0,0.0,0.0,sem fomento,2.5988934183824415,28621.613216645826,,78,0,13334.0,0
2007,B0700656800000,Cão Sem Dono,Beto Brant/Renato Ciasca,Ficção,Drama Filmes,Brasil Filmes/Megacolor,Downtown,SP,SP/SP,4,31231,241780.0,SP,1.0,1,2000,0,7,2,1,estreante,pequena,0.0,1.0,0.0,1.0,só incentivo,2.5988934183824415,628360.4506965067,,78,1,13334.0,1
2007,B0600471300000,Em Trânsito,Henri Gervaiseau,Documentário,4 Ventos Comunicação,,Sem Distribuidora,RJ,,1,579,1810.0,RJ,1.0,0,2000,0,0,0,1,estreante,nova,0.0,1.0,0.0,1.0,só incentivo,2.5988934183824415,4703.997087272219,,78,0,13334.0,0
2007,B0600628200000,Encontro Com Milton Santos Ou: O Mundo Global Visto Do Lado De Cá,Silvio Tendler,Documentário,Caliban Produções Cinematográficas,,Caliban,RJ,,,15932,118017.0,RJ,1.0,0,2000,1,0,1,0,iniciante,nova,0.0,2.0,0.0,1.0,só incentivo,2.5988934183824415,306713.6045572406,,78,1,13334.0,1
2007,B0500353400000,Esses Moços,José Araripe Jr.,Ficção,Truque,,Pandora,BA,,6,2693,16646.0,BA,1.0,0,2000,0,14,2,1,estreante,pequena,0.0,1.0,0.0,1.0,só incentivo,2.5988934183824415,43261.17984239412,,78,0,13334.0,0
2007,B0700680500000,Fabricando Tom Zé,Décio Matos Júnior,Documentário,Goiabada Productions/Muiraquitã Filmes/Primo Filmes/Spectra Midia Produções,,Filmes Do Estação,SP/SP/SP/SP,,12,16209,108437.0,SP,1.0,0,2000,0,1,0,1,estreante,nova,0.0,1.0,0.0,1.0,só incentivo,2.5988934183824415,281816.2056091368,,78,1,13334.0,1
2007,B0700643600000,Faixa De Areia,Daniela Kallmann/Flávia Lins E Silva,Documentário,Dk Produções,,Film Connection,RJ,,2,241,1343.0,RJ,1.0,0,2000,0,1,0,1,estreante,nova,0.0,1.0,0.0,1.0,só incentivo,2.5988934183824415,3490.313860887619,,78,0,13334.0,0
2007,B0700785700000,Gigante - Como O Inter Conquistou O Mundo,Gustavo Spolidoro,Documentário,G7 Cinema,,G7 Cinema,SP,,6,23515,196117.0,SP,1.0,0,2000,0,0,0,1,estreante,nova,0.0,0.0,0.0,0.0,sem fomento,2.5988934183824415,509687.1805329093,,78,1,13334.0,1
2007,B0700752900000,Grupo Corpo 30 Anos - Uma Família Brasileira,Fábio Barreto,Documentário,Filmes Do Equador,,Riofilme,RJ,,8,2743,24479.0,RJ,1.0,0,2000,3,127,8,0,estabelecida,grande,0.0,1.0,0.0,1.0,só incentivo,2.5988934183824415,63618.31198858379,,78,0,13334.0,0
2007,B0700676500000,Histórias Do Rio Negro,Luciano Cury,Documentário,Ink,,Downtown,SP,,2,1990,16594.0,SP,1.0,0,2000,0,7,0,1,estreante,pequena,0.0,1.0,0.0,1.0,só incentivo,2.5988934183824415,43126.037384638235,,78,0,13334.0,0
2007,B0700644000000,Hércules 56,Silvio Da-Rin,Documentário,Amado Arte&Produção/Diálogo Comunicação,,Riofilme,RJ/RJ,,6,11820,69270.0,RJ,1.0,0,2000,0,127,0,1,estreante,grande,0.0,1.0,0.0,1.0,só incentivo,2.5988934183824415,180025.34709135172,,78,1,13334.0,0
2007,,I Hate São Paulo,Dardo Toledo Barros,Ficção,Intuit Filmes,,Intuit Films,SP,,1,215,566.0,SP,1.0,0,2000,0,0,0,1,estreante,nova,,,,,,2.5988934183824415,1470.9736748044618,,78,0,13334.0,0
2007,B0600555700000,Inacreditável - A Batalha Dos Aflitos,Beto Souza,Documentário,G7 Cinema/Tgd Filmes,,G7 Cinema,SP/RS,,,,,SP,2.0,0,2000,1,0,0,0,iniciante,nova,0.0,0.0,0.0,0.0,sem fomento,2.5988934183824415,,,78,,13334.0,
2007,B0700680400000,Inesquecível,Paulo Sérgio Almeida,Ficção,Morena Filmes,,Buena Vista,RJ,,53,59397,481334.0,RJ,1.0,0,2000,0,13,3,1,estreante,pequena,0.0,1.0,0.0,1.0,só incentivo,2.5988934183824415,1250935.764643694,,78,1,13334.0,1
2007,B0700758700000,Jogo De Cena,Eduardo Coutinho,Documentário,Matizar/Videofilmes,,Videofilmes,RJ/RJ,,8,44642,368798.0,RJ,1.0,0,2000,5,6,1,0,estabelecida,pequena,0.0,3.0,0.0,1.0,só incentivo,2.5988934183824415,958466.6949126077,,78,1,13334.0,1
2007,B0700692400000,Maria Bethânia - Pedrinha De Aruanda,Andrucha Waddington,Documentário,Quitanda,,Filmes Do Estação,RJ,,23,12065,106940.0,RJ,1.0,0,2000,4,1,0,0,estabelecida,nova,0.0,0.0,0.0,0.0,sem fomento,2.5988934183824415,277925.6621618183,,78,1,13334.0,0
2007,B0500364700000,Mestre Bimba - A Capoeira Iluminada,Luiz Fernando Goulart,Documentário,Lumen Produções,Publytape,Riofilme,RJ,RJ,6,3336,21433.0,RJ,1.0,1,2000,0,127,0,1,estreante,grande,0.0,1.0,0.0,1.0,só incentivo,2.5988934183824415,55702.08263619087,,78,1,13334.0,0
2007,B0600502500000,Meteoro,Diego De La Texera,Ficção,Cinelândia Produções,Skylight/Ananã Produções,Imovision,RJ,RJ/RJ,15,3518,24281.0,RJ,1.0,1,2000,0,10,0,1,estreante,pequena,0.0,1.0,0.0,1.0,só incentivo,2.5988934183824415,63103.73109174406,,78,1,13334.0,0
2007,B0700721300000,Mutum,Sandra Kogut,Ficção,Tambellini Filmes,,Videofilmes,RJ,,6,24728,205443.0,RJ,1.0,0,2000,1,6,4,0,iniciante,pequena,0.0,3.0,0.0,1.0,só incentivo,2.5988934183824415,533924.4605527439,,78,1,13334.0,1
2007,B0600552200000,Noel - Poeta Da Vila,Ricardo Van Steen,Ficção,Zohar Cinema,Movi & Art/Tempo Design,Pandora,RJ,SP/SP,17,52461,411695.0,RJ,1.0,1,2000,0,14,0,1,estreante,pequena,0.0,1.0,0.0,1.0,só incentivo,2.5988934183824415,1069951.4258809593,,78,1,13334.0,1
2007,B0700679600000,Nossa Senhora De Caravaggio,Fábio Barreto,Ficção,Martins Produções/Raccord Produções,,Riofilme,RJ/RS,,8,2185,13398.0,RJ,2.0,0,2000,3,127,0,0,estabelecida,grande,0.0,1.0,0.0,1.0,só incentivo,2.5988934183824415,34819.97401948795,,78,0,13334.0,0
2007,B0700661700000,Não Por Acaso,Philippe Barcinsk,Ficção,O2 Filmes,,Fox,SP,,62,119973,980022.0,SP,1.0,0,2000,0,14,4,1,estreante,pequena,0.0,1.0,0.0,1.0,só incentivo,2.5988934183824415,2546972.7256699973,,78,1,13334.0,1
2007,B0700652000000,O Cheiro Do Ralo,Heitor Dhalia,Ficção,Rt Features,Teleimage/Geração Conteúdo/Branca Filmes/Primo Filmes/Joana Mariani,Filmes Do Estação,SP,SP/SP/SP/SP/-,18,172959,1437254.0,SP,1.0,1,2000,1,1,0,0,iniciante,nova,0.0,1.0,0.0,1.0,só incentivo,2.5988934183824415,3735269.961143838,,78,1,13334.0,1
2007,B0600588700000,O Dono Do Mar,Odorico Mendes,Ficção,C B P C Centro Brasileiro De Produção Cultural/Chroma Filmes/Planifilmes,,Pandora,MA/-/SP,,14,4062,22101.0,MA,2.0,0,2000,0,14,0,1,estreante,pequena,0.0,1.0,0.0,1.0,só incentivo,2.5988934183824415,57438.14343967034,,78,1,13334.0,0
2007,B0700638200000,O Engenho De Zé Lins,Vladimir Carvalho,Documentário,Urca Filmes,,Imovision,RJ,,5,7334,50703.0,RJ,1.0,0,2000,1,10,0,0,iniciante,pequena,0.0,2.0,0.0,1.0,só incentivo,2.5988934183824415,131771.69299224493,,78,1,13334.0,0
2007,B0500210500000,O Fim Do Sem Fim,Beto Magalhães/Cao Guimarães/Lucas Bambozzi,Documentário,Bananeira Filmes,,Filmes Do Estação,RJ,,3,1190,9827.0,RJ,1.0,0,2000,0,1,0,1,estreante,nova,0.0,1.0,0.0,1.0,só incentivo,2.5988934183824415,25539.325622444252,,78,0,13334.0,0
2007,B0700748600000,O Homem Que Desafiou O Diabo,Moacyr Góes,Ficção,Filmes Do Equador,Warner,Warner,RJ,SP,172,422855,2992203.0,RJ,1.0,1,2000,7,20,8,0,veterana,media,0.0,1.0,0.0,1.0,só incentivo,2.5988934183824415,7776416.683164196,,78,1,13334.0,1
2007,B0700691000000,O Longo Amanhecer - Cinebiografia De Celso Furtado,José Mariani,Documentário,Andaluz,,Riofilme,RJ,,1,1022,5443.0,RJ,1.0,0,2000,0,127,0,1,estreante,grande,0.0,1.0,0.0,1.0,só incentivo,2.5988934183824415,14145.77687625563,,78,0,13334.0,0
2007,B0700766800000,O Magnata,Johnny Araújo,Ficção,Green Goes,,Buena Vista,SP,,67,149463,1141389.0,SP,1.0,0,2000,0,13,0,1,estreante,pequena,0.0,1.0,0.0,1.0,só incentivo,2.5988934183824415,2966348.3599141166,,78,1,13334.0,1
2007,B0600604600000,O Mundo Em Duas Voltas,David Schurman,Documentário,Gullane/Schurmann Filmes,Paulo Eduardo Ribeiro/Teleimage,Europa/Mam,SP/SP,-/SP,16,54683,507392.0,SP,1.0,1,2000,0,11,0,1,estreante,pequena,0.0,1.0,0.0,1.0,só incentivo,2.5988934183824415,1318657.7293399037,,78,1,13334.0,1
2007,B0700692800000,O Passado,Hector Babenco,Ficção,Hb Filmes,,Warner,SP,,50,174809,1608326.0,SP,1.0,0,2000,2,20,2,0,iniciante,media,0.0,1.0,0.0,1.0,só incentivo,2.5988934183824415,4179867.8560133586,,78,1,13334.0,1
2007,B0700632300000,O Passageiro - Segredos De Adulto,Flávio Ramos Tambellini,Ficção,Hangar Filmes/Tambellini Filmes,,Califórnia,RJ/RJ,,13,5481,42880.0,RJ,1.0,0,2000,1,2,0,0,iniciante,nova,0.0,1.0,0.0,1.0,só incentivo,2.5988934183824415,111440.54978023909,,78,1,13334.0,0
2007,B0500433800000,O Quinze,Jurandir Oliveira,Ficção,Menescal Produções,,Pipa,RJ,,,110,330.0,RJ,1.0,0,2000,0,3,0,1,estreante,nova,0.0,1.0,0.0,1.0,só incentivo,2.5988934183824415,857.6348280662057,,78,0,13334.0,0
2007,B0600581800000,Os 12 Trabalhos,Ricardo Elias,Ficção,Politheama Filmes,Produtora Audiovisual Quark,Imovision,SP,SP,9,21173,119716.0,SP,1.0,1,2000,1,10,0,0,iniciante,pequena,0.0,1.0,0.0,1.0,só incentivo,2.5988934183824415,311129.12447507237,,78,1,13334.0,1
2007,B0700807900000,Os Porralokinhas,Lui Farias,Ficção,Globo Filmes,Rf Cine Tv/Lmc Produções Artísticas/Lereby/Photo Síntese Rio Produções Cinematográficas,Universal,RJ,RJ/RJ/RJ/RJ,162,135015,797934.0,RJ,1.0,1,2000,0,0,4,1,estreante,nova,0.0,2.0,0.0,1.0,só incentivo,2.5988934183824415,2073745.4209035751,,78,1,13334.0,1
2007,B0700660400000,Oscar Niemeyer - A Vida É Um Sopro,Fabiano Maciel,Documentário,Sérgio Alexandre Martins Celeste,,Pipa,,,8,10281,59884.0,,,0,2000,0,3,0,1,estreante,nova,0.0,1.0,0.0,1.0,só incentivo,2.5988934183824415,155632.13346641412,,78,1,13334.0,0
2007,B0500445600000,Pampulha Ou A Invenção Do Mar De Minas,Oswaldo Caldeira,Documentário,Oswaldo Caldeira Produções Cinematográficas,,Grupo Novo,RJ,,,,,RJ,1.0,0,2000,1,0,0,0,iniciante,nova,0.0,0.0,0.0,0.0,sem fomento,2.5988934183824415,,,78,,13334.0,
2007,B0600538400000,Person,Marina Person,Documentário,Lauper Films,Dezenove Som E Imagens,Mais Filmes,SP,SP,3,1518,9834.0,SP,1.0,1,2000,0,9,0,1,estreante,pequena,0.0,1.0,0.0,1.0,só incentivo,2.5988934183824415,25557.51787637293,,78,0,13334.0,0
2007,B0700680800000,Podecrer!,Arthur Fontes,Ficção,Conspiração Filmes,Teleimage/Estudios Quanta,Sony,RJ,SP/SP,60,43833,361507.0,RJ,1.0,1,2000,1,2,5,0,iniciante,nova,0.0,1.0,0.0,1.0,só incentivo,2.5988934183824415,939518.1629991813,,78,1,13334.0,1
2007,B0901091100000,Porto Alegre – Meu Canto No Mundo,Cícero Aragon/Jaime Lerner,Documentário,Infoco Filmes,,Panda Filmes,RS,,2,1356,7812.0,RS,1.0,0,2000,0,0,0,1,estreante,nova,0.0,1.0,0.0,1.0,só incentivo,2.5988934183824415,20302.555384403633,,78,0,13334.0,0
2007,B0700787100000,Pqd,Guilherme Coelho,Documentário,Matizar,,Videofilmes,RJ,,5,3140,14570.0,RJ,1.0,0,2000,1,6,0,0,iniciante,pequena,0.0,1.0,0.0,1.0,só incentivo,2.5988934183824415,37865.87710583217,,78,1,13334.0,0
2007,B0700714700000,Primo Basílio,Daniel Filho,Ficção,Lereby,,Buena Vista,RJ,,163,838726,6376703.0,RJ,1.0,0,2000,4,13,3,0,estabelecida,pequena,0.0,2.0,0.0,1.0,só incentivo,2.5988934183824415,16572371.45767957,,78,1,13334.0,1
2007,B0600555300000,Pro Dia Nascer Feliz,João Jardim,Documentário,Fogo Azul Filmes,Tambellini Filmes,Copacabana Filmes,RJ,RJ,5,51140,325211.0,RJ,1.0,1,2000,0,4,0,1,estreante,nova,0.0,1.0,0.0,1.0,só incentivo,2.5988934183824415,845188.7274855722,,78,1,13334.0,1
2007,B0600524400000,Proibido Proibir,Jorge Durán,Ficção,Deserto Filmes,Amado Arte&Produção,Riofilme/Mais Filmes,RJ,RJ,13,37182,298600.0,RJ,1.0,1,2000,0,0,0,1,estreante,nova,0.0,1.0,0.0,1.0,só incentivo,2.5988934183824415,776029.5747289971,,78,1,13334.0,1
2007,B0600593100000,Querô,Carlos Cortez,Ficção,Gullane,,Downtown,SP,,18,20178,144823.0,SP,1.0,0,2000,0,7,1,1,estreante,pequena,0.0,2.0,0.0,1.0,só incentivo,2.5988934183824415,376379.54153040034,,78,1,13334.0,1
2007,B0600578000000,Remissão,Silvio Coutinho,Ficção,Plateau Films,,Riofilme,RJ,,3,298,2147.0,RJ,1.0,0,2000,0,127,0,1,estreante,grande,0.0,1.0,0.0,1.0,só incentivo,2.5988934183824415,5579.824169267102,,78,0,13334.0,0
2007,B0500442900000,"Sambando Nas Brasas, Morô?",Elizeu Ewald,Documentário,E.S. Comunicações,Plural Filmes,Riofilme,RJ,RJ,3,1072,7979.0,RJ,1.0,1,2000,2,127,0,0,iniciante,grande,0.0,1.0,0.0,1.0,só incentivo,2.5988934183824415,20736.5705852735,,78,0,13334.0,0
2007,B0700696000000,"Saneamento Básico, O Filme",Jorge Furtado,Ficção,Casa De Cinema De Porto Alegre,,Sony,RS,,58,190656,1472475.0,RS,1.0,0,2000,3,2,5,0,estabelecida,nova,0.0,1.0,0.0,1.0,só incentivo,2.5988934183824415,3826805.5862326855,,78,1,13334.0,1
2007,B0700739200000,Santiago,João Moreira Salles,Documentário,Videofilmes,,Videofilmes,RJ,,3,55686,481982.0,RJ,1.0,0,2000,2,6,15,0,iniciante,pequena,0.0,0.0,0.0,0.0,sem fomento,2.5988934183824415,1252619.8475788059,,78,1,13334.0,1
2007,B0700778100000,Sem Controle,Cris D'Amato,Ficção,Ananã Produções,,Fox,RJ,,40,23598,185307.0,RJ,1.0,0,2000,0,14,0,1,estreante,pequena,0.0,1.0,0.0,1.0,só incentivo,2.5988934183824415,481593.1426801951,,78,1,13334.0,1
2007,B0600470800000,Serras Da Desordem,Andrea Tonacci,Ficção,Extrema Produção Artística,,Usina Digital,SP,,1,273,2341.0,SP,1.0,0,2000,0,0,0,1,estreante,nova,0.0,1.0,0.0,1.0,só incentivo,2.5988934183824415,6084.009492433295,,78,0,13334.0,0
2007,B0700759000000,Tropa De Elite,José Padilha,Ficção,Feijão Filmes/Posto 9/Zazen Produções,,Universal,SP/RJ/RJ,,350,2422608,20438556.0,SP,2.0,0,2000,1,0,0,0,iniciante,nova,0.0,1.0,0.0,1.0,só incentivo,2.5988934183824415,53117628.66964096,,78,1,13334.0,1
2007,B0700655500000,Viúva Rica Solteira Não Fica,José Fonseca E Costa,Ficção,Plateau Produções,,Mais Filmes,SP,,2,1494,13039.0,SP,1.0,0,2000,0,9,1,1,estreante,pequena,0.0,1.0,0.0,1.0,só incentivo,2.5988934183824415,33886.97128228866,,78,0,13334.0,0
2007,B0700798700000,Xuxa Em Sonho De Menina,Rudi Lagemann,Ficção,Conspiração Filmes/Warner,,Warner,RJ/SP,,220,348391,2009997.0,RJ,2.0,0,2000,1,20,0,0,iniciante,media,0.0,1.0,0.0,1.0,só incentivo,2.5988934183824415,5223767.974268452,,78,1,13334.0,1
2007,B0500438300000,À Margem Do Concreto,Evaldo Mocarzel,Documentário,24 Vps Filmes,,Mais Filmes,SP,,3,718,4717.0,SP,1.0,0,2000,3,9,0,0,estabelecida,pequena,0.0,1.0,0.0,1.0,só incentivo,2.5988934183824415,12258.980254509976,,78,0,13334.0,0
2007,B0700653200000,"Ó Pai, Ó",Monique Gardenberg,Ficção,Dezenove Som E Imagens/Dueto Filmes,,Europa/Mam,SP/RJ,,100,397075,3172654.0,SP,2.0,0,2000,2,11,0,0,iniciante,pequena,0.0,1.0,0.0,1.0,só incentivo,2.5988934183824415,8245389.599404726,,78,1,13334.0,1
2007,B0700648100000,Ódiquê?,Felipe Joffily,Ficção,Santa Luzia Artes,,Filmes Do Estação,RJ,,5,3204,23951.0,RJ,1.0,0,2000,0,1,0,1,estreante,nova,0.0,0.0,0.0,0.0,sem fomento,2.5988934183824415,62246.09626367786,,78,1,13334.0,0
2008,B0800873400000,"1958, O Ano Em Que O Mundo Descobriu O Brasil",José Carlos Asberg,Documentário,Palmares Produções E Jornalismo,,Pandora,RJ,,7,3520,26049.0,RJ,1.0,0,2000,0,17,0,1,estreante,pequena,0.0,1.0,0.0,1.0,só incentivo,2.459249874922324,64060.99999185162,189605006.0,79,1,7279.0,0
2008,B0700678800000,5 Frações De Uma Quase História,Armando Mendz/Cristiano Abud/Cris Azzi/Guilherme Fiúza Zenha/Lucas Gontijo/Thales Bahia,Ficção,Camisa Listrada,,Usina Digital,RJ,,4,6420,45554.0,RJ,1.0,0,2000,0,1,0,1,estreante,nova,0.0,1.0,0.0,1.0,só incentivo,2.459249874922324,112028.66880221156,189605006.0,79,1,7279.0,0
2008,B0700757800000,A Dança Da Vida,Juan Zapata,Documentário,Estação Filmes,,Zapata Filmes,RS,,6,334,1574.5,RS,1.0,0,2000,0,0,0,1,estreante,nova,0.0,0.0,0.0,0.0,sem fomento,2.459249874922324,3872.0889280651995,189605006.0,79,0,7279.0,0
2008,B0800888500000,A Guerra Dos Rocha,Jorge Fernando,Ficção,Total Entertainment,Globo Filmes/Lereby,Fox,RJ,RJ/RJ,90,345964,2382939.0,RJ,1.0,1,2000,2,17,2,0,iniciante,pequena,0.0,1.0,0.0,1.0,só incentivo,2.459249874922324,5860242.437697528,189605006.0,79,1,7279.0,1
2008,B0800937100000,A Margem Da Linha,Gisella Callas,Documentário,Cinerama Films,,Cinerama Films,SP,,7,396,2199.76,SP,1.0,0,2000,0,0,0,1,estreante,nova,0.0,2.0,0.0,1.0,só incentivo,2.459249874922324,5409.759504859132,189605006.0,79,0,7279.0,0
2008,B0800902000000,A Mulher Do Meu Amigo,Cláudio Torres,Ficção,Conspiração Filmes,,Disney,RJ,,59,164818,1152359.0,RJ,1.0,0,2000,1,0,6,0,iniciante,nova,0.0,3.0,0.0,1.0,só incentivo,2.459249874922324,2833938.7266156147,189605006.0,79,1,7279.0,1
2008,B0700764700000,A Outra Margem,Luis Filipe Rocha,Ficção,Plateau Produções,,Polifilmes,SP,,2,1615,12349.0,SP,1.0,0,2000,0,7,2,1,estreante,pequena,0.0,1.0,0.0,1.0,só incentivo,2.459249874922324,30369.27670541578,189605006.0,79,0,7279.0,0
2008,B0700787400000,Ainda Orangotangos,Gustavo Spolidoro,Ficção,Rainer Cine,,Pandora,RS,,5,7279,51484.2,RS,1.0,0,2000,1,17,0,0,iniciante,pequena,0.0,0.0,0.0,0.0,sem fomento,2.459249874922324,126612.51241047592,189605006.0,79,1,7279.0,0
2008,B0800839000000,Andarilho,Cao Guimarães,Documentário,Cinco Em Ponto,,Usina Digital,MG,,4,2229,12314.0,MG,1.0,0,2000,0,1,0,1,estreante,nova,0.0,1.0,0.0,1.0,só incentivo,2.459249874922324,30283.2029597935,189605006.0,79,0,7279.0,0
2008,B0700808000000,As Filhas De Chiquita,Priscilla Brasil,Documentário,Greenvision,,Iaiá Filmes,PA,,2,270,1228.92,PA,1.0,0,2000,0,2,0,1,estreante,nova,0.0,0.0,0.0,0.0,sem fomento,2.459249874922324,3022.2213562895427,189605006.0,79,0,7279.0,0
2008,B0800900900000,Bezerra De Menezes - O Diário De Um Espírito,Glauber Filho/Joe Pimentel,Ficção,Estação Da Luz,,Fox,CE,,49,443143,3534245.0,CE,1.0,0,2000,0,17,0,1,estreante,pequena,0.0,0.0,0.0,0.0,sem fomento,2.459249874922324,8691591.57419485,189605006.0,79,1,7279.0,1
2008,B0800855500000,Bodas De Papel,André Sturm,Ficção,Pandora Filmes,,Pandora,SP,,15,16462,96290.0,SP,1.0,0,2000,1,17,1,0,iniciante,pequena,0.0,1.0,0.0,1.0,só incentivo,2.459249874922324,236801.1704562706,189605006.0,79,1,7279.0,1
2008,B0800827500000,Brigada Pára-Quedista,Evaldo Mocarzel,Documentário,Casa Azul Produções/Raiz Produções,,Polifilmes,SP/SP,,1,162,786.0,SP,1.0,0,2000,4,7,0,0,estabelecida,pequena,0.0,0.0,0.0,0.0,sem fomento,2.459249874922324,1932.9704016889468,189605006.0,79,0,7279.0,0
2008,B0800935300000,Café Dos Maestros,Miguel Kohan,Documentário,Videofilmes,,Videofilmes,RJ,,12,33150,282667.76,RJ,1.0,0,2000,0,11,16,1,estreante,pequena,0.0,1.0,0.0,1.0,só incentivo,2.459249874922324,695150.6534245736,189605006.0,79,1,7279.0,1
2008,B0800822800000,Cana Quente,Luiz Alberto Zakir,Ficção,Glaz Entretenimento,,Glaz,RJ,,1,163,550.5,RJ,1.0,0,2000,0,0,0,1,estreante,nova,0.0,0.0,0.0,0.0,sem fomento,2.459249874922324,1353.8170561447394,189605006.0,79,0,7279.0,0
2008,B0800899200000,Casa Da Mãe Joana,Hugo Carvana,Ficção,Mac Comunicacão,Globo Filmes/Lereby/Quanta-Rio,Imagem,RJ,RJ/RJ/RJ,151,525035,3852415.78,RJ,1.0,1,2000,2,5,2,0,iniciante,pequena,0.0,1.0,0.0,1.0,só incentivo,2.459249874922324,9474053.025113788,189605006.0,79,1,7279.0,1
2008,B0700642900000,Castelar E Nelson Dantas No País Dos Generais,Carlos Alberto Prates Correia,Documentário,Sertaneja De Cinema,,Iaiá Filmes,RJ,,3,450,3226.5,RJ,1.0,0,2000,0,2,0,1,estreante,nova,0.0,0.0,0.0,0.0,sem fomento,2.459249874922324,7934.769721436879,189605006.0,79,0,7279.0,0
2008,B0800826700000,Chega De Saudade,Laís Bodanzky,Ficção,Buriti Filmes/Gullane,,Disney,SP/SP,,31,205893,1591603.0,SP,1.0,0,2000,1,0,0,0,iniciante,nova,0.0,1.0,0.0,1.0,só incentivo,2.459249874922324,3914149.478675996,189605006.0,79,1,7279.0,1
2008,B0800842100000,Cleópatra,Julio Bressane,Ficção,Filmes Do Rio De Janeiro,,Riofilme,RJ,,5,7241,45116.0,RJ,1.0,0,2000,5,139,0,0,estabelecida,grande,0.0,1.0,0.0,1.0,só incentivo,2.459249874922324,110951.51735699558,189605006.0,79,1,7279.0,0
2008,B0700799500000,Condor,Roberto Mader,Documentário,Focus Films/Taba Filmes,,Lumière,RJ/RJ,,12,,,RJ,1.0,0,2000,0,16,0,1,estreante,pequena,0.0,2.0,0.0,1.0,só incentivo,2.459249874922324,,189605006.0,79,,7279.0,
2008,B0500431500000,Corpo,Rossana Foglia/Rubens Rewald,Ficção,Glaz Entretenimento,Confeitaria De Cinema,Pandora,RJ,SP,5,5428,33965.0,RJ,1.0,1,2000,0,17,0,1,estreante,pequena,0.0,1.0,0.0,1.0,só incentivo,2.459249874922324,83528.42200173673,189605006.0,79,1,7279.0,0
2008,B0700758900000,Deserto Feliz,Paulo Caldas,Ficção,Camará Produções/Paulo Caldas,,Filmes Do Estação,PE/-,,11,10829,56728.3,PE,1.0,0,2000,0,8,0,1,estreante,pequena,0.0,1.0,0.0,1.0,só incentivo,2.459249874922324,139509.0646795561,189605006.0,79,1,7279.0,1
2008,B0800841700000,Devoção,Sérgio Sanz,Documentário,J.Sanz Produção Audiovisual,,Riofilme,RJ,,6,2608,18643.0,RJ,1.0,0,2000,1,139,1,0,iniciante,grande,0.0,1.0,0.0,1.0,só incentivo,2.459249874922324,45847.79541817689,189605006.0,79,0,7279.0,0
2008,B0800934800000,Dias E Noites,Beto Souza,Ficção,Voglia Produções,Panda Filmes/Quanta Porto Alegre/Film Factory,Playarte,RJ,RS/RS/RJ,27,6539,47531.15,RJ,1.0,1,2000,2,2,0,0,iniciante,nova,0.0,1.0,0.0,1.0,só incentivo,2.459249874922324,116890.97469241424,189605006.0,79,1,7279.0,0
2008,B0700752700000,Dot.Com,Luís Galvão Teles,Ficção,Videofilmes,,Videofilmes,RJ,,6,5478,46984.0,RJ,1.0,0,2000,0,11,16,1,estreante,pequena,0.0,1.0,0.0,1.0,só incentivo,2.459249874922324,115545.39612335048,189605006.0,79,1,7279.0,0
2008,B0800890100000,Encarnação Do Demônio,José Mojica Marins,Ficção,Olhos De Cão,Gullane,Fox,SP,SP,38,25797,184638.0,SP,1.0,1,2000,0,17,3,1,estreante,pequena,0.0,1.0,0.0,1.0,só incentivo,2.459249874922324,454070.9784059081,189605006.0,79,1,7279.0,1
2008,B0800867500000,Ensaio Sobre A Cegueira,Fernando Meirelles,Ficção,O2 Filmes,,Fox,SP,,97,904514,7772105.0,SP,1.0,0,2000,1,17,6,0,iniciante,pequena,0.0,1.0,0.0,1.0,só incentivo,2.459249874922324,19113548.24913317,189605006.0,79,1,7279.0,1
2008,B0800947000000,Entre Lençóis,Gustavo Nieto Roa,Ficção,Code 7 Entertainment,Centauro Filmes/Swen Filmes/Only Movies Productions/Renê Belmonte,Imagem,SP,SP/SP/RJ/-,115,136605,1120042.0,SP,1.0,1,2000,0,5,0,1,estreante,pequena,0.0,1.0,0.0,1.0,só incentivo,2.459249874922324,2754463.14840775,189605006.0,79,1,7279.0,1
2008,B0800889600000,Era Uma Vez...,Breno Silveira,Ficção,Conspiração Filmes,Globo Filmes/Lereby/Teleimage,Sony,RJ,RJ/RJ/SP,89,570470,4558034.0,RJ,1.0,1,2000,1,4,6,0,iniciante,nova,0.0,2.0,0.0,1.0,só incentivo,2.459249874922324,11209344.544391701,189605006.0,79,1,7279.0,1
2008,B0700777200000,Estômago,Marcos Jorge,Ficção,Zencrane Filmes,,Downtown,SP,,35,92040,831789.2,SP,1.0,0,2000,0,12,0,1,estreante,pequena,0.0,1.0,0.0,1.0,só incentivo,2.459249874922324,2045577.48606174,189605006.0,79,1,7279.0,1
2008,B0800840400000,Falsa Loura,Carlos Reichenbach,Ficção,Dezenove Som E Imagens/Vereda Filmes,,Imovision,SP/RJ,,9,11786,82600.0,SP,2.0,0,2000,3,15,0,0,estabelecida,pequena,0.0,1.0,0.0,1.0,só incentivo,2.459249874922324,203134.03966858398,189605006.0,79,1,7279.0,1
2008,B0800888300000,Feliz Natal,Selton Mello,Ficção,Bananeira Filmes/Mondo Cane Filmes,Teleimage/Locall,Europa,RJ/RJ,SP/SP,20,28824,197197.95,RJ,1.0,1,2000,0,0,0,1,estreante,nova,0.0,2.0,0.0,1.0,só incentivo,2.459249874922324,484959.03387243877,189605006.0,79,1,7279.0,1
2008,B0700739300000,Fim Da Linha,Gustavo Steinberg,Ficção,Bits Filmes,,Pandora,SP,,4,10114,23858.0,SP,1.0,0,2000,0,17,0,1,estreante,pequena,0.0,1.0,0.0,1.0,só incentivo,2.459249874922324,58672.78351589681,189605006.0,79,1,7279.0,1
2008,B0800935400000,Fronteira,Rafael Conde,Ficção,Filmegraph,,Usina Digital,MG,,2,1475,11685.9,MG,1.0,0,2000,0,1,0,1,estreante,nova,0.0,1.0,0.0,1.0,só incentivo,2.459249874922324,28738.548113354787,189605006.0,79,0,7279.0,0
2008,B0700664600000,Garoto Cósmico,Alê Abreu,Animação,Filme De Papel,,Downtown,SP,,28,36483,180177.53,SP,1.0,0,2000,0,12,0,1,estreante,pequena,0.0,1.0,0.0,1.0,só incentivo,2.459249874922324,443101.5681163133,189605006.0,79,1,7279.0,1
2008,B0700651400000,Iluminados,Cristina Leal,Documentário,Comtexto Produções,,Downtown,RJ,,3,1168,9447.0,RJ,1.0,0,2000,0,12,0,1,estreante,pequena,0.0,1.0,0.0,1.0,só incentivo,2.459249874922324,23232.533568391198,189605006.0,79,0,7279.0,0
2008,B0800959700000,Juventude,Domingos De Oliveira,Ficção,Teatro Ilustre Produções Artísticas,Forte Filmes,Filmes Do Estação,RJ,RJ,10,17698,169760.12,RJ,1.0,1,2000,4,8,2,0,estabelecida,pequena,0.0,1.0,0.0,1.0,só incentivo,2.459249874922324,417482.5538767987,189605006.0,79,1,7279.0,1
2008,B0700670400000,Juízo,Maria Augusta Ramos,Documentário,Diler & Associados/Nofoco Filmes,,Filmes Do Estação,RJ/RJ,,6,20367,137240.0,RJ,1.0,0,2000,1,8,0,0,iniciante,pequena,0.0,1.0,0.0,1.0,só incentivo,2.459249874922324,337507.45283433975,189605006.0,79,1,7279.0,1
2008,B0700753300000,L.A.P.A,Cavi Borges/Emílio Domingos,Documentário,Cavideo Produções,,Pipa,RJ,,2,809,3232.0,RJ,1.0,0,2000,0,5,0,1,estreante,pequena,0.0,0.0,0.0,0.0,sem fomento,2.459249874922324,7948.295595748952,189605006.0,79,0,7279.0,0
2008,B0800895900000,Linha De Passe,Daniela Thomas/Walter Salles,Ficção,Videofilmes,,Paramount,RJ,,58,165956,1446783.0,RJ,1.0,0,2000,2,0,16,0,iniciante,nova,0.0,0.0,0.0,0.0,sem fomento,2.459249874922324,3558000.911789745,189605006.0,79,1,7279.0,1
2008,B0700761400000,"Maré, Nossa História De Amor",Lucia Murat,Ficção,Taiga Filmes E Vídeo,,Filmes Do Estação,RJ,,39,28268,165520.0,RJ,1.0,0,2000,4,8,4,0,estabelecida,pequena,0.0,2.0,0.0,1.0,só incentivo,2.459249874922324,407055.0392971431,189605006.0,79,1,7279.0,1
2008,B0700794200000,Memória Para Uso Diário,Beth Formaggini,Documentário,4 Ventos Comunicação,,Pipa,RJ,,3,430,1459.0,RJ,1.0,0,2000,0,5,1,1,estreante,pequena,0.0,0.0,0.0,0.0,sem fomento,2.459249874922324,3588.045567511671,189605006.0,79,0,7279.0,0
2008,B0800902900000,Meu Brasil,Daniela Broitman,Documentário,Videoforum Filmes,,Pipa,SP,,3,1008,3941.75,SP,1.0,0,2000,0,5,0,1,estreante,pequena,0.0,0.0,0.0,0.0,sem fomento,2.459249874922324,9693.74819447507,189605006.0,79,0,7279.0,0
2008,B0700781900000,Meu Nome Não É Johnny,Mauro Lima,Ficção,Atitude Produções,,Sony/Downtown,RJ,,104,2099294,18092043.0,RJ,1.0,0,2000,1,0,0,0,iniciante,nova,0.0,0.0,0.0,0.0,sem fomento,2.459249874922324,44492854.48483931,189605006.0,79,1,7279.0,1
2008,B0800842400000,Meu Nome É Dindi,Bruno Safadi,Ficção,Tb Produções,,Riofilme,RJ,,5,1379,6179.0,RJ,1.0,0,2000,0,139,2,1,estreante,grande,0.0,0.0,0.0,0.0,sem fomento,2.459249874922324,15195.70497714504,189605006.0,79,0,7279.0,0
2008,B0700719300000,Mulheres Sexo Verdades Mentiras,Euclydes Marinho,Ficção,Dona Rosa Filmes,Euclydes Marinho/Quanta-Rio,Filmes Do Estação,RJ,-/RJ,7,16219,151367.0,RJ,1.0,1,2000,0,8,0,1,estreante,pequena,0.0,1.0,0.0,1.0,só incentivo,2.459249874922324,372249.2758173674,189605006.0,79,1,7279.0,1
2008,B0600532400000,Musicagen,Edu Felistoque/Nereu Cerdeira,Documentário,Raiz Produções,,Raiz Produções,SP,,1,310,1717.0,SP,1.0,0,2000,0,0,5,1,estreante,nova,0.0,1.0,0.0,1.0,só incentivo,2.459249874922324,4222.53203524163,189605006.0,79,0,7279.0,0
2008,B0800858600000,Nome Próprio,Murilo Salles,Ficção,Cinema Brasil Digital,,Downtown,RJ,,12,32769,270962.0,RJ,1.0,0,2000,3,12,2,0,estabelecida,pequena,0.0,0.0,0.0,0.0,sem fomento,2.459249874922324,666363.2646087029,189605006.0,79,1,7279.0,1
2008,B0800870900000,Nossa Vida Não Cabe Num Opala,Reinaldo Pinheiro,Ficção,Sequência 1,,Imovision,SP,,7,21982,83528.0,SP,1.0,0,2000,0,15,0,1,estreante,pequena,0.0,0.0,0.0,0.0,sem fomento,2.459249874922324,205416.2235525119,189605006.0,79,1,7279.0,1
2008,B0800890900000,O Aborto Dos Outros,Carla Gallo,Documentário,Olhos De Cão,,Califórnia,SP,,3,2164,15418.0,SP,1.0,0,2000,0,3,3,1,estreante,nova,0.0,1.0,0.0,1.0,só incentivo,2.459249874922324,37916.714571552395,189605006.0,79,0,7279.0,0
2008,B0800821600000,O Banheiro Do Papa,Cesar Charlone/Enrique Fernandez,Ficção,O2 Filmes,,Imovision,SP,,10,66770,550316.0,SP,1.0,0,2000,0,15,6,1,estreante,pequena,0.0,1.0,0.0,1.0,só incentivo,2.459249874922324,1353364.5541677538,189605006.0,79,1,7279.0,1
2008,B0700767100000,O Demoninho De Olhos Pretos,Haroldo Marinho Barbosa,Ficção,Valentim Produções Artísticas,,Moviemobz,RJ,,2,264,2853.5,RJ,1.0,0,2000,0,0,0,1,estreante,nova,0.0,1.0,0.0,1.0,só incentivo,2.459249874922324,7017.469518090852,189605006.0,79,0,7279.0,0
2008,B0800877500000,O Guerreiro Didi E A Ninja Lili,Marcus Figueiredo,Ficção,Diler & Associados,,Disney,RJ,,130,647555,2996388.0,RJ,1.0,0,2000,2,0,20,0,iniciante,nova,0.0,1.0,0.0,1.0,só incentivo,2.459249874922324,7368866.814218753,189605006.0,79,1,7279.0,1
2008,B0700688200000,O Mistério Da Estrada De Sintra,Jorge Paixão Da Costa,Ficção,Teleimage Productions,,Teleimage,SP,,4,687,5451.0,SP,1.0,0,2000,0,0,0,1,estreante,nova,0.0,1.0,0.0,1.0,só incentivo,2.459249874922324,13405.37106820159,189605006.0,79,0,7279.0,0
2008,B0800895200000,O Mistério Do Samba,Carolina Jabor/Lula Buarque De Hollanda,Documentário,Conspiração Filmes/Monte Criação E Produção,,Videofilmes,RJ/RJ,,18,34022,292633.4,RJ,1.0,0,2000,0,11,0,1,estreante,pequena,0.0,1.0,0.0,1.0,só incentivo,2.459249874922324,719658.6523480945,189605006.0,79,1,7279.0,1
2008,B0800885900000,O Retorno,Rodolfo Nanni,Documentário,Akron,,Pandora,SP,,2,579,4762.0,SP,1.0,0,2000,0,17,0,1,estreante,pequena,0.0,1.0,0.0,1.0,só incentivo,2.459249874922324,11710.947904380108,189605006.0,79,0,7279.0,0
2008,B0800850800000,O Sal Da Terra,Eloi Pires Ferreira,Ficção,Camarada Filmes,,Labo Comunicação,PR,,5,,,PR,1.0,0,2000,0,0,0,1,estreante,nova,0.0,0.0,0.0,0.0,sem fomento,2.459249874922324,,189605006.0,79,,7279.0,
2008,B0700802200000,O Signo Da Cidade,Carlos Alberto Riccelli,Ficção,Pulsar Cinema,,Europa,SP,,11,58631,417655.0,SP,1.0,0,2000,0,0,0,1,estreante,nova,0.0,1.0,0.0,1.0,só incentivo,2.459249874922324,1027118.0065106833,189605006.0,79,1,7279.0,1
2008,B0800850500000,O Tempo E O Lugar,Eduardo Escorel,Documentário,Cinefilmes,,Videofilmes,RJ,,4,1512,11168.0,RJ,1.0,0,2000,0,11,0,1,estreante,pequena,0.0,1.0,0.0,1.0,só incentivo,2.459249874922324,27464.902603132516,189605006.0,79,0,7279.0,0
2008,B0700805300000,Olho De Boi,Hermano Penna,Ficção,Luz Xxi,,Pandora,SP,,4,1295,7166.0,SP,1.0,0,2000,1,17,0,0,iniciante,pequena,0.0,0.0,0.0,0.0,sem fomento,2.459249874922324,17622.984603693374,189605006.0,79,0,7279.0,0
2008,B0700801600000,Onde Andará Dulce Veiga?,Guilherme De Almeida Prado,Ficção,Raiz Produções/Star Filmes,,Califórnia,SP/SP,,3,3917,31930.0,SP,1.0,0,2000,2,3,0,0,iniciante,nova,0.0,2.0,0.0,1.0,só incentivo,2.459249874922324,78523.84850626982,189605006.0,79,1,7279.0,0
2008,B0800838700000,Orquestra Dos Meninos,Paulo Thiago,Ficção,Melodrama Produções,Globo Filmes/Lereby/Vitória Produções/Apema Filmes,Paramount,RJ,RJ/RJ/RJ/RJ,52,84469,448330.0,RJ,1.0,1,2000,4,0,0,0,estabelecida,nova,0.0,1.0,0.0,1.0,só incentivo,2.459249874922324,1102555.4964239255,189605006.0,79,1,7279.0,1
2008,B0800839700000,Os Desafinados,Walter Lima Junior,Ficção,Tambellini Filmes,Walter Lima Junior/Urca Filmes,Downtown,RJ,RJ/RJ,65,194292,1663928.28,RJ,1.0,1,2000,2,12,5,0,iniciante,pequena,0.0,1.0,0.0,1.0,só incentivo,2.459249874922324,4092015.414469718,189605006.0,79,1,7279.0,1
2008,B0800833500000,Otávio E As Letras,Marcelo Masagão,Ficção,Um Minuto,,Imovision,SP,,1,876,6322.0,SP,1.0,0,2000,3,15,3,0,estabelecida,pequena,0.0,1.0,0.0,1.0,só incentivo,2.459249874922324,15547.377709258933,189605006.0,79,0,7279.0,0
2008,B0800891400000,Panair Do Brasil,Marco Altberg,Documentário,Indiana Produções,,Downtown,RJ,,4,3951,31377.5,RJ,1.0,0,2000,1,12,0,0,iniciante,pequena,0.0,1.0,0.0,1.0,só incentivo,2.459249874922324,77165.11295037523,189605006.0,79,1,7279.0,0
2008,B0700782600000,Pan-Cinema Permanente,Carlos Nader,Documentário,Já Filmes,,Já Filmes,SP,,8,4297,22282.33,SP,1.0,0,2000,1,0,0,0,iniciante,nova,0.0,0.0,0.0,0.0,sem fomento,2.459249874922324,54797.817265477956,189605006.0,79,1,7279.0,0
2008,B0700810200000,Pequenas Histórias,Helvécio Ratton,Ficção,Quimera Filmes,,Filmes Do Estação,MG,,36,72222,329482.0,MG,1.0,0,2000,4,8,3,0,estabelecida,pequena,0.0,1.0,0.0,1.0,só incentivo,2.459249874922324,810278.5672891572,189605006.0,79,1,7279.0,1
2008,B0800911900000,Pindorama - A Verdadeira História Dos Sete Anões,Leo Crivellare/Lula Queiroga/Roberto Berliner,Documentário,Luni Produções/Tv Zero Cinema,,Moviemobz,PE/RJ,,10,1636,10307.16,PE,2.0,0,2000,0,0,0,1,estreante,nova,0.0,0.0,0.0,0.0,sem fomento,2.459249874922324,25347.881940804382,189605006.0,79,0,7279.0,0
2008,B0700650300000,Polaróides Urbanas,Miguel Falabella,Ficção,Columbia Tristar Filmes Do Brasil/Filmes Do Equador,,Disney,SP/RJ,,33,108277,837665.0,SP,2.0,0,2000,0,0,0,1,estreante,nova,0.0,2.0,0.0,1.0,só incentivo,2.459249874922324,2060027.5464768086,189605006.0,79,1,7279.0,1
2008,B0800891700000,Pretérito Perfeito,Gustavo Pizzi,Documentário,Saraguina Filmes,,Pipa,RJ,,3,1547,8434.0,RJ,1.0,0,2000,0,5,0,1,estreante,pequena,0.0,0.0,0.0,0.0,sem fomento,2.459249874922324,20741.313445094882,189605006.0,79,0,7279.0,0
2008,B0600475700000,Quarta B,Marcelo Galvão,Ficção,Gatacine,,Gatacine,SP,,1,356,2332.0,SP,1.0,0,2000,0,0,0,1,estreante,nova,0.0,0.0,0.0,0.0,sem fomento,2.459249874922324,5734.97070831886,189605006.0,79,0,7279.0,0
2008,B0800932800000,Romance,Guel Arraes,Ficção,Globo Filmes/Uns Produções E Filmes,,Disney,RJ/RJ,,88,307273,2034230.0,RJ,1.0,0,2000,3,0,0,0,estabelecida,nova,0.0,1.0,0.0,1.0,só incentivo,2.459249874922324,5002679.873063239,189605006.0,79,1,7279.0,1
2008,B0700749900000,Romance Do Vaqueiro Voador,Manfredo Caldas,Documentário,Folkino Produções Audiovisuais,,Polifilmes,DF,,7,1010,5717.8,DF,1.0,0,2000,0,7,1,1,estreante,pequena,0.0,1.0,0.0,1.0,só incentivo,2.459249874922324,14061.498934830866,189605006.0,79,0,7279.0,0
2008,B0700812400000,Sexo Com Amor?,Wolf Maya,Ficção,Total Entertainment,Centauro Comunicaciones,Fox,RJ,SP,122,432195,3547305.0,RJ,1.0,1,2000,0,17,2,1,estreante,pequena,0.0,0.0,0.0,0.0,sem fomento,2.459249874922324,8723709.377561335,189605006.0,79,1,7279.0,1
2008,B0800856300000,Show De Bola,Alexander Pickl,Ficção,Ab Internacional Entretenimento/Ananã Produções,,Imagem,SP/RJ,,41,26833,191318.0,SP,2.0,0,2000,0,5,0,1,estreante,pequena,0.0,0.0,0.0,0.0,sem fomento,2.459249874922324,470498.7675703892,189605006.0,79,1,7279.0,1
2008,B0800932600000,Terra Vermelha,Marco Bechis,Ficção,Gullane,,Paris,SP,,15,7604,53228.44,SP,1.0,0,2000,0,2,2,1,estreante,nova,0.0,1.0,0.0,1.0,só incentivo,2.459249874922324,130902.03441231044,189605006.0,79,1,7279.0,1
2008,B0700749400000,Valsa Para Bruno Stein,Paulo Nascimento,Ficção,Accorde Filmes,,Panda Filmes,RS,,11,5140,28837.5,RS,1.0,0,2000,1,2,0,0,iniciante,nova,0.0,0.0,0.0,0.0,sem fomento,2.459249874922324,70918.61826807252,189605006.0,79,1,7279.0,0
2008,B0800902300000,Vingança,Paulo Pons,Ficção,Pax Filmes,,Riofilme,RJ,,12,1943,11044.46,RJ,1.0,0,2000,0,139,0,1,estreante,grande,0.0,1.0,0.0,1.0,só incentivo,2.459249874922324,27161.08687358461,189605006.0,79,0,7279.0,0
2008,B0800914800000,Última Parada - 174,Bruno Barreto,Ficção,Teleimage Productions,Movi & Art/Globo Filmes/B B Produções/Lereby/Lc Barreto,Paramount,SP,SP/RJ/SP/RJ/RJ,139,526094,3732763.0,SP,1.0,1,2000,4,0,0,0,estabelecida,nova,0.0,1.0,0.0,1.0,só incentivo,2.459249874922324,9179796.94086468,189605006.0,79,1,7279.0,1
2009,B0901024500000,1983.. O Ano Azul,Carlos Gerbase,Documentário,Prana Filmes,,Prana Filmes,RS,,2,2313,23001.98,RS,1.0,0,2000,3,0,0,0,estabelecida,nova,0.0,0.0,0.0,0.0,sem fomento,2.3446413832143778,53931.39420386945,191480630.0,84,0,5427.0,0
2009,B0901028800000,23 Anos Em 7 Segundos: 1977 - O Fim Do Jejum Corinthiano,Di Moretti/Julio Xavier,Documentário,Canal Azul,,Fox,SP,,7,1718,14936.0,SP,1.0,0,2000,0,22,0,1,estreante,media,0.0,1.0,0.0,1.0,só incentivo,2.3446413832143778,35019.56369968995,191480630.0,84,0,5427.0,0
2009,B0900982500000,A Erva Do Rato,Julio Bressane,Ficção,Tb Produções,República Pureza Filmes,República Pureza,RJ,RJ,3,3546,31690.0,RJ,1.0,1,2000,6,0,3,0,veterana,nova,0.0,1.0,0.0,1.0,só incentivo,2.3446413832143778,74301.68543406363,191480630.0,84,1,5427.0,0
2009,B0800866000000,A Festa Da Menina Morta,Matheus Nachtergaele,Ficção,Bananeira Filmes,Teleimage,Imovision,RJ,SP,14,16414,131091.3,RJ,1.0,1,2000,0,19,1,1,estreante,pequena,0.0,1.0,0.0,1.0,só incentivo,2.3446413832143778,307362.08695937094,191480630.0,84,1,5427.0,1
2009,B0700701800000,A Ilha Da Morte,Wolney Oliveira,Ficção,Bucanero Filmes,,Imovision,CE,,4,2177,23390.93,CE,1.0,0,2000,0,19,0,1,estreante,pequena,0.0,1.0,0.0,1.0,só incentivo,2.3446413832143778,54843.34246987069,191480630.0,84,0,5427.0,0
2009,B0901006700000,A Morte Inventada - Alienação Parental,Alan Minas,Documentário,Caraminhola Filmes,Cinerama Brasilis,Caraminhola Produções Artísticas,RJ,RJ,1,182,886.0,RJ,1.0,1,2000,0,0,0,1,estreante,nova,0.0,0.0,0.0,0.0,sem fomento,2.3446413832143778,2077.3522655279385,191480630.0,84,0,5427.0,0
2009,B0901010800000,A Mulher Invisível,Cláudio Torres,Ficção,Conspiração Filmes,Globo Filmes/Lereby/Ybmusic,Warner,RJ,RJ/RJ/SP,220,2353646,20500361.0,RJ,1.0,1,2000,2,23,8,0,iniciante,media,0.0,1.0,0.0,1.0,só incentivo,2.3446413832143778,48065994.77143408,191480630.0,84,1,5427.0,1
2009,B0800831900000,Adagio Sostenuto,Pompeu Aguiar,Ficção,Cassandra Filmes,,Pipa Produções,RJ,,3,2107,9556.5,RJ,1.0,0,2000,0,0,0,1,estreante,nova,0.0,0.0,0.0,0.0,sem fomento,2.3446413832143778,22406.5653786882,191480630.0,84,0,5427.0,0
2009,B0901063200000,"Alô, Alô, Terezinha!",Nelson Hoineff,Documentário,Comalt - Comunicação Alternativa,,Imovision,RJ,,58,26530,223512.71,RJ,1.0,0,2000,1,19,1,0,iniciante,pequena,0.0,0.0,0.0,0.0,sem fomento,2.3446413832143778,524057.1495403941,191480630.0,84,1,5427.0,1
2009,B0700707700000,Anabazys,Joel Pizzini/Paloma Rocha,Documentário,Paloma Cinematográfica,,Riofilme,DF,,5,842,6164.5,DF,1.0,0,2000,0,143,0,1,estreante,grande,0.0,0.0,0.0,0.0,sem fomento,2.3446413832143778,14453.541806825031,191480630.0,84,0,5427.0,0
2009,B0800922200000,Apenas O Fim,Matheus Souza,Ficção,Atitude Produções,,Filmes Do Estação,RJ,,11,24693,159035.5,RJ,1.0,0,2000,0,14,1,1,estreante,pequena,0.0,0.0,0.0,0.0,sem fomento,2.3446413832143778,372881.2147001902,191480630.0,84,1,5427.0,1
2009,B0900982700000,As Cantoras Do Rádio,Gil Baroni,Documentário,Arte Lux Produções/Beija Flor Filmes,,Panda Filmes,PR/PR,,7,2604,13033.23,PR,1.0,0,2000,0,3,0,1,estreante,nova,0.0,1.0,0.0,1.0,só incentivo,2.3446413832143778,30558.250414951122,191480630.0,84,0,5427.0,0
2009,B0900993400000,Aventuras Do Surf Ii,Roberto Moura,Documentário,Massangana Filmes,Globo Filmes,Universal,RJ,RJ,61,64017,476445.0,RJ,1.0,1,2000,0,2,0,1,estreante,nova,0.0,1.0,0.0,1.0,só incentivo,2.3446413832143778,1117092.663825574,191480630.0,84,1,5427.0,1
2009,B0901044600000,Batatinha Poeta Do Samba,Marcelo Rabelo,Documentário,Portfolium Laboratório De Imagens,,Portfolium Laboratório De Imagens,BA,,1,221,1863.0,BA,1.0,0,2000,0,0,0,1,estreante,nova,0.0,0.0,0.0,0.0,sem fomento,2.3446413832143778,4368.066896928386,191480630.0,84,0,5427.0,0
2009,B0800953500000,Bela Noite Para Voar,Zelito Viana,Ficção,Caribe,,Universal,RJ,,20,30983,165133.0,RJ,1.0,0,2000,1,2,0,0,iniciante,nova,0.0,1.0,0.0,1.0,só incentivo,2.3446413832143778,387177.66553433985,191480630.0,84,1,5427.0,1
2009,B0901080700000,Besouro,João Daniel Tikhomiroff,Ficção,Mixer Rio,,Sony,RJ,,145,492659,3803835.75,RJ,1.0,0,2000,0,5,0,1,estreante,pequena,1.0,1.0,1.0,1.0,FSA e incentivo,2.3446413832143778,8918630.7144003,191480630.0,84,1,5427.0,1
2009,B1001132300000,Br3 - A Peça,Evaldo Mocarzel,Documentário,Casa Azul Produções,,Casa Azul,SP,,1,89,468.0,SP,1.0,0,2000,5,0,1,0,estabelecida,nova,0.0,0.0,0.0,0.0,sem fomento,2.3446413832143778,1097.2921673443288,191480630.0,84,0,5427.0,0
2009,B1001132200000,Br3 - O Documentário,Evaldo Mocarzel,Documentário,Casa Azul Produções,,Casa Azul,SP,,2,190,743.38,SP,1.0,0,2000,5,0,1,0,estabelecida,nova,0.0,0.0,0.0,0.0,sem fomento,2.3446413832143778,1742.959511453904,191480630.0,84,0,5427.0,0
2009,B0900988600000,Budapeste,Walter Carvalho,Ficção,Nexus Cinema,,Imagem,SP,,40,97542,862662.29,SP,1.0,0,2000,1,8,1,0,iniciante,pequena,0.0,1.0,0.0,1.0,só incentivo,2.3446413832143778,2022633.7048724827,191480630.0,84,1,5427.0,1
2009,B0901061000000,Cidadão Boilesen,Chaim Litewski,Documentário,Palmares Produções E Jornalismo,,Imovision,RJ,,5,7958,76670.28,RJ,1.0,0,2000,0,19,1,1,estreante,pequena,0.0,0.0,0.0,0.0,sem fomento,2.3446413832143778,179764.31135063365,191480630.0,84,1,5427.0,1
2009,B0901013900000,"Cinderelas, Lobos E Um Príncipe Encantado",Joel Zito Araújo,Documentário,Casa De Criação Cinema,,Pipa Produções,RJ,,6,3066,12004.5,RJ,1.0,0,2000,1,0,0,0,iniciante,nova,0.0,1.0,0.0,1.0,só incentivo,2.3446413832143778,28146.247484796997,191480630.0,84,1,5427.0,0
2009,B0901055900000,Cine Cocoricó: As Aventuras Na Cidade,Fernando Gomes,Ficção,Tv Cultura,,Moviemobz,SP,,39,22565,175249.03,SP,1.0,0,2000,0,2,1,1,estreante,nova,0.0,0.0,0.0,0.0,sem fomento,2.3446413832143778,410896.12810617796,191480630.0,84,1,5427.0,1
2009,B0900969800000,Contratempo - Uma Valsa Da Dor,Malu Mader/Mini Kerti,Documentário,Videofilmes,,Videofilmes,RJ,,6,2045,11098.75,RJ,1.0,0,2000,0,15,19,1,estreante,pequena,0.0,0.0,0.0,0.0,sem fomento,2.3446413832143778,26022.588551950575,191480630.0,84,0,5427.0,0
2009,B0901043200000,Coração Vagabundo,Fernando Grostein Andrade,Documentário,Uns Produções E Filmes,Cine/Teleimage,Paramount,RJ,SP/SP,10,19494,189614.0,RJ,1.0,1,2000,0,3,2,1,estreante,nova,0.0,1.0,0.0,1.0,só incentivo,2.3446413832143778,444576.831236811,191480630.0,84,1,5427.0,1
2009,B0900979600000,Corpo Do Rio,Izabel Jaguaribe/Olívia Guimarães,Documentário,Jaguar Produções Artísticas,,Pequena Central,RJ,,2,941,2095.0,RJ,1.0,0,2000,0,0,0,1,estreante,nova,0.0,1.0,0.0,1.0,só incentivo,2.3446413832143778,4912.023697834122,191480630.0,84,0,5427.0,0
2009,B0901003500000,Divã,José Alvarenga Jr.,Ficção,Total Entertainment,,Downtown/Riofilme,RJ,,194,1866403,16497260.61,RJ,1.0,0,2000,2,0,4,0,iniciante,nova,0.0,1.0,0.0,1.0,só incentivo,2.3446413832143778,38680159.93587847,191480630.0,84,1,5427.0,1
2009,B0901103700000,Do Começo Ao Fim,Aluizio Abranches,Ficção,Hare Filmes/Pequena Central,Teleimage,Downtown/Riofilme,RJ/SP,SP,24,86592,775401.23,RJ,2.0,1,2000,2,0,0,0,iniciante,nova,1.0,1.0,1.0,1.0,FSA e incentivo,2.3446413832143778,1818037.8124533298,191480630.0,84,1,5427.0,1
2009,B0901078400000,Doce De Coco,Penna Filho,Ficção,Penna Filho Produções,,Pandora Filmes,SC,,1,1017,4195.0,SC,1.0,0,2000,1,0,1,0,iniciante,nova,0.0,1.0,0.0,1.0,só incentivo,2.3446413832143778,9835.770602584314,191480630.0,84,0,5427.0,0
2009,B0901070100000,Eliezer Batista - O Engenheiro Do Brasil,Victor Lopes,Documentário,Tv Zero Produções,,Espaço Filmes,RJ,,10,1403,12646.0,RJ,1.0,0,2000,1,0,2,0,iniciante,nova,0.0,1.0,0.0,1.0,só incentivo,2.3446413832143778,29650.334932129022,191480630.0,84,0,5427.0,0
2009,B0800951000000,Embarque Imediato,Allan Fiterman,Ficção,Bang Filmes/Fera Produções,Hkauffmann Produção De Imagens/Peramel Produções Artísticas/Estudios Quanta/Allan Fiterman/Labocine,Europa/Riofilme,RJ/RJ,RJ/SP/SP/-/RJ,76,38099,313177.79,RJ,1.0,1,2000,0,0,0,1,estreante,nova,0.0,1.0,0.0,1.0,só incentivo,2.3446413832143778,734289.6067376218,191480630.0,84,1,5427.0,1
2009,B0901091900000,Entre A Luz E A Sombra,Luciana Burlamaqui,Documentário,Zora Mídia,,Videofilmes,SP,,5,341,2603.0,SP,1.0,0,2000,0,15,0,1,estreante,pequena,0.0,1.0,0.0,1.0,só incentivo,2.3446413832143778,6103.101520507025,191480630.0,84,0,5427.0,0
2009,B0800956800000,Entre Os Dedos,Frederico Serra/Tiago Guedes,Ficção,Plateau Produções,,Polifilmes,SP,,2,624,3596.5,SP,1.0,0,2000,0,10,3,1,estreante,pequena,0.0,1.0,0.0,1.0,só incentivo,2.3446413832143778,8432.50273473051,191480630.0,84,0,5427.0,0
2009,B0600605500000,Estórias De Trancoso,Augusto Sevá,Ficção,Albatroz Cinematográfica,Cinecolor Brasil/Raiz Produções/Estudios Quanta/Encruzilhada Filmes,Polifilmes,SP,SP/SP/SP/SP,1,267,1907.0,SP,1.0,1,2000,0,10,0,1,estreante,pequena,0.0,0.0,0.0,0.0,sem fomento,2.3446413832143778,4471.231117789818,191480630.0,84,0,5427.0,0
2009,B0900998600000,Fiel - O Filme,Andrea Pasquini,Documentário,G7 Cinema,,G7 Cinema,SP,,25,53929,469204.82,SP,1.0,0,2000,0,2,1,1,estreante,nova,0.0,0.0,0.0,0.0,sem fomento,2.3446413832143778,1100117.0381756532,191480630.0,84,1,5427.0,1
2009,B0900999100000,Filmefobia,Kiko Goifman,Ficção,Paleo Tv/Plateau Produções,,Polifilmes,SP/SP,,7,5244,34555.0,SP,1.0,0,2000,1,10,0,0,iniciante,pequena,0.0,1.0,0.0,1.0,só incentivo,2.3446413832143778,81019.08299697282,191480630.0,84,1,5427.0,0
2009,B0901086000000,Flordelis - Basta Uma Palavra Para Mudar,Anderson Corrêa/Marco Antônio Ferraz,Ficção,Gospel & Gospel Produções,,Serendip/Art Films,RJ,,41,21603,180751.02,RJ,1.0,0,2000,0,0,0,1,estreante,nova,0.0,0.0,0.0,0.0,sem fomento,2.3446413832143778,423796.32155020966,191480630.0,84,1,5427.0,1
2009,B0800936700000,Fumando Espero,Adriana Dutra,Documentário,Inffinito,,Gávea Filmes E Produções,RJ,,7,2596,16555.5,RJ,1.0,0,2000,0,0,0,1,estreante,nova,0.0,0.0,0.0,0.0,sem fomento,2.3446413832143778,38816.71041980563,191480630.0,84,0,5427.0,0
2009,B0900991000000,Garapa,José Padilha,Documentário,Zazen Produções,,Downtown,RJ,,5,4701,34907.24,RJ,1.0,0,2000,2,18,3,0,iniciante,pequena,0.0,1.0,0.0,1.0,só incentivo,2.3446413832143778,81844.95947779625,191480630.0,84,1,5427.0,0
2009,B0901035900000,Herbert De Perto,Pedro Bronz/Roberto Berliner,Documentário,Tv Zero Cinema,,Imagem,RJ,,29,27408,240544.49,RJ,1.0,0,2000,0,8,0,1,estreante,pequena,0.0,1.0,0.0,1.0,só incentivo,2.3446413832143778,563990.565758197,191480630.0,84,1,5427.0,1
2009,B0901117100000,Hotel Atlântico,Suzana Amaral,Ficção,Planifilmes/Suzana Amaral Produções,,Espaço Filmes,SP/SP,,22,6516,45119.5,SP,1.0,0,2000,1,0,0,0,iniciante,nova,0.0,1.0,0.0,1.0,só incentivo,2.3446413832143778,105789.04688994112,191480630.0,84,1,5427.0,1
2009,B0901020100000,Jean Charles,Henrique Goldman,Ficção,Já Filmes,,Imagem,SP,,167,294231,2454006.02,SP,1.0,0,2000,0,8,1,1,estreante,pequena,0.0,1.0,0.0,1.0,só incentivo,2.3446413832143778,5753764.06914921,191480630.0,84,1,5427.0,1
2009,B0800830200000,Kfz-1348,Gabriel Mascaro/Marcelo Pedroso,Documentário,Rec Produtores Associados,,Rec Produtores,PE,,1,736,2616.0,PE,1.0,0,2000,0,0,1,1,estreante,nova,0.0,0.0,0.0,0.0,sem fomento,2.3446413832143778,6133.581858488812,191480630.0,84,0,5427.0,0
2009,B0901025700000,Loki - Arnaldo Baptista,Paulo Henrique Fontenelle,Documentário,Canal Brasil,,Canal Brasil,RJ,,18,15588,141466.68,RJ,1.0,0,2000,0,0,0,1,estreante,nova,0.0,0.0,0.0,0.0,sem fomento,2.3446413832143778,331688.6322739457,191480630.0,84,1,5427.0,1
2009,B0800855600000,Manhã Transfigurada,Sérgio De Assis Brasil,Ficção,Milímmetros,,Pandora Filmes,RS,,3,1708,10722.5,RS,1.0,0,2000,0,0,0,1,estreante,nova,0.0,1.0,0.0,1.0,só incentivo,2.3446413832143778,25140.417231516167,191480630.0,84,0,5427.0,0
2009,B0901082400000,Mesa De Bar Onde Tudo Acontece,Kleber Paredes/Marcelo Campos De Almeida/Ron Knighten/Sylvio Augusto Do Rego Barros Reis,Ficção,Bossal Filmes,,Mirasul,RJ,,3,104,1061.0,RJ,1.0,0,2000,0,0,0,1,estreante,nova,0.0,0.0,0.0,0.0,sem fomento,2.3446413832143778,2487.664507590455,191480630.0,84,0,5427.0,0
2009,B0800888700000,Mistéryos,Beto Carminatti/Pedro Merege,Ficção,Arte Lux Produções/Beija Flor Filmes,,Panda Filmes,PR/PR,,1,155,558.0,PR,1.0,0,2000,0,3,0,1,estreante,nova,0.0,1.0,0.0,1.0,só incentivo,2.3446413832143778,1308.3098918336227,191480630.0,84,0,5427.0,0
2009,B0901041200000,Moscou,Eduardo Coutinho,Documentário,Matizar/Videofilmes,,Videofilmes,RJ/RJ,,9,7993,59762.0,RJ,1.0,0,2000,6,15,2,0,veterana,pequena,0.0,1.0,0.0,1.0,só incentivo,2.3446413832143778,140120.45834365764,191480630.0,84,1,5427.0,1
2009,B0901057200000,Nada Vai Nos Separar,Saturnino Rocha,Documentário,G7 Cinema,,G7 Cinema,SP,,5,5407,47118.24,SP,1.0,0,2000,0,2,1,1,estreante,nova,0.0,0.0,0.0,0.0,sem fomento,2.3446413832143778,110475.37540822702,191480630.0,84,1,5427.0,0
2009,B1101495000000,Naufrágio - Mistério E Morte Na Catástrofe Do Príncipe De Astúrias,Edu Sallouti,Documentário,Mastershot Produções,,Master Shot Produções,SP,,,,,SP,1.0,0,2000,0,0,0,1,estreante,nova,0.0,1.0,0.0,1.0,só incentivo,2.3446413832143778,,191480630.0,84,,5427.0,
2009,B0901027100000,No Meu Lugar,Eduardo Valente,Ficção,Videofilmes,,Downtown/Videofilmes,RJ,,14,5447,32280.36,RJ,1.0,0,2000,0,0,19,1,estreante,nova,0.0,1.0,0.0,1.0,só incentivo,2.3446413832143778,75685.86792105807,191480630.0,84,1,5427.0,1
2009,B0901029800000,O Contador De Histórias,Luiz Villaça,Ficção,Nia Filmes/Ramalho Filmes,,Warner,SP/SP,,93,151927,1118268.0,SP,1.0,0,2000,2,23,0,0,iniciante,media,0.0,1.0,0.0,1.0,só incentivo,2.3446413832143778,2621937.4303243756,191480630.0,84,1,5427.0,1
2009,B0900971300000,O Diário De Sintra,Paula Gaitán,Documentário,Urca Filmes,,Moviemobz/Riofilme,RJ,,3,1066,9350.0,RJ,1.0,0,2000,0,0,1,1,estreante,nova,0.0,1.0,0.0,1.0,só incentivo,2.3446413832143778,21922.39693305443,191480630.0,84,0,5427.0,0
2009,B0800820600000,O Fim Da Picada,Christian Saghaard,Ficção,Cinegrama Filmes,,Cinegrama,SP,,1,941,4901.0,SP,1.0,0,2000,0,0,0,1,estreante,nova,0.0,0.0,0.0,0.0,sem fomento,2.3446413832143778,11491.087419133666,191480630.0,84,0,5427.0,0
2009,B0800964000000,O Grilo Feliz E Os Insetos Gigantes,Rafael Ribas/Walbercy Ribas,Animação,Startanima,,Fox,SP,,122,370466,1952806.17,SP,1.0,0,2000,0,22,1,1,estreante,media,0.0,1.0,0.0,1.0,só incentivo,2.3446413832143778,4578630.159578371,191480630.0,84,1,5427.0,1
2009,B0900987100000,O Menino Da Porteira,Jeremias Moreira Filho,Ficção,Moonshot Pictures,Moracy Do Val,Sony,SP,,280,669287,4567785.0,SP,1.0,1,2000,0,5,0,1,estreante,pequena,0.0,1.0,0.0,1.0,só incentivo,2.3446413832143778,10709817.740625886,191480630.0,84,1,5427.0,1
2009,B0901024100000,O Milagre De Santa Luzia,Sergio Roizenblit,Documentário,Miração Filmes,,Miração Filmes,SP,,8,6103,42178.75,SP,1.0,0,2000,0,0,0,1,estreante,nova,0.0,1.0,0.0,1.0,só incentivo,2.3446413832143778,98894.04274225344,191480630.0,84,1,5427.0,1
2009,B0901061400000,Os Normais 2,José Alvarenga Jr.,Ficção,Globo Filmes,,Imagem,RJ,,433,2202640,18978259.88,RJ,1.0,0,2000,2,8,6,0,iniciante,pequena,0.0,0.0,0.0,0.0,sem fomento,2.3446413832143778,44497213.49604513,191480630.0,84,1,5427.0,1
2009,B0800891200000,Ouro Negro,Isa Albuquerque,Ficção,Íris Cinematográfica Tv,,Pandora Filmes,RJ,,4,3709,16473.1,RJ,1.0,0,2000,1,0,1,0,iniciante,nova,0.0,0.0,0.0,0.0,sem fomento,2.3446413832143778,38623.51196982876,191480630.0,84,1,5427.0,0
2009,B0800917000000,Palavra (En)Cantada,Helena Solberg,Documentário,Marcio Debellian/Radiante Filmes,,Filmes Do Estação,-/RJ,,12,32464,261289.89,RJ,1.0,0,2000,2,14,0,0,iniciante,pequena,0.0,1.0,0.0,1.0,só incentivo,2.3446413832143778,612631.0891095327,191480630.0,84,1,5427.0,1
2009,B0800925600000,Patativa Do Assaré - Ave Poesia,Rosemberg Cariry,Documentário,Cariri Filmes,,Sereia Filmes,CE,,4,2723,15193.15,CE,1.0,0,2000,1,0,1,0,iniciante,nova,0.0,0.0,0.0,0.0,sem fomento,2.3446413832143778,35622.488231383526,191480630.0,84,0,5427.0,0
2009,B0800827400000,Paulo Gracindo - O Bem Amado,Gracindo Júnior,Documentário,Gracindo Filmes,Lereby/Link Digital,Filmes Do Estação,RJ,RJ/RJ,8,8968,75275.3,RJ,1.0,1,2000,0,14,0,1,estreante,pequena,0.0,1.0,0.0,1.0,só incentivo,2.3446413832143778,176493.58351387727,191480630.0,84,1,5427.0,1
2009,B0901002100000,Praça Saens Peña,Vinícius Reis,Ficção,Limite Produções/Vinícius Reis,,Moviemobz/Riofilme,RJ/-,,5,5325,49112.55,RJ,1.0,0,2000,0,0,0,1,estreante,nova,0.0,1.0,0.0,1.0,só incentivo,2.3446413832143778,115151.31716518529,191480630.0,84,1,5427.0,0
2009,B0901071800000,Quanto Dura O Amor?,Roberto Moreira,Ficção,Coração Da Selva,,Pandora Filmes,SP,,9,11015,80765.42,SP,1.0,0,2000,1,0,1,0,iniciante,nova,0.0,1.0,0.0,1.0,só incentivo,2.3446413832143778,189365.94606469016,191480630.0,84,1,5427.0,1
2009,B0901072300000,Salve Geral,Sergio Rezende,Ficção,Toscana Audiovisual,Globo Filmes/Lereby,Sony/Downtown,RJ,RJ/RJ,186,317152,2644263.52,RJ,1.0,1,2000,5,1,1,0,estabelecida,nova,0.0,1.0,0.0,1.0,só incentivo,2.3446413832143778,6199849.677116119,191480630.0,84,1,5427.0,1
2009,B0800958700000,Se Eu Fosse Você 2,Daniel Filho,Ficção,Total Entertainment,Globo Filmes/Lereby,Fox,RJ,RJ/RJ,315,5787244,47624137.0,RJ,1.0,1,2000,5,22,4,0,estabelecida,media,0.0,1.0,0.0,1.0,só incentivo,2.3446413832143778,111661522.45007102,191480630.0,84,1,5427.0,1
2009,B0901050700000,Se Nada Mais Der Certo,José Eduardo Belmonte,Ficção,34 Filmes,,Imovision,DF,,16,12798,101489.36,DF,1.0,0,2000,1,19,0,0,iniciante,pequena,0.0,0.0,0.0,0.0,sem fomento,2.3446413832143778,237956.15341194195,191480630.0,84,1,5427.0,1
2009,B0901079200000,Sem Fio,Tristan Aronovich,Ficção,La Film - Latin American Film Institute,,Panda Filmes,SP,,1,248,1560.0,SP,1.0,0,2000,0,3,0,1,estreante,nova,0.0,0.0,0.0,0.0,sem fomento,2.3446413832143778,3657.6405578144295,191480630.0,84,0,5427.0,0
2009,B0901001900000,Senhores Do Vento,Isabella Nicolas,Documentário,Conteúdo Filmes,Book Filmes,Youle Filmes,RJ,RJ,1,19,186.0,RJ,1.0,1,2000,0,0,0,1,estreante,nova,0.0,1.0,0.0,1.0,só incentivo,2.3446413832143778,436.1032972778743,191480630.0,84,0,5427.0,0
2009,B0901010000000,Simonal - Ninguém Sabe O Duro Que Dei,Calvito Leal/Claudio Manoel/Micael Langer,Documentário,Claudio Manoel,Pontos De Fuga/Globo Filmes/Tv Zero Cinema/Zohar Cinema,Moviemobz/Riofilme,,RJ/RJ/RJ/RJ,24,71056,689003.21,,,1,2000,0,0,0,1,estreante,nova,0.0,0.0,0.0,0.0,sem fomento,2.3446413832143778,1615465.4393335462,191480630.0,84,1,5427.0,1
2009,B0901108200000,Som E Fúria,Fernando Meirelles,Ficção,Globo Filmes,,O2 Cinema,RJ,,1,591,3034.0,RJ,1.0,0,2000,2,0,6,0,iniciante,nova,0.0,0.0,0.0,0.0,sem fomento,2.3446413832143778,7113.641956672423,191480630.0,84,0,5427.0,0
2009,B0901022100000,Tempos De Paz,Daniel Filho,Ficção,Lereby,,Downtown,RJ,,52,95792,799359.0,RJ,1.0,0,2000,5,18,4,0,estabelecida,pequena,0.0,1.0,0.0,1.0,só incentivo,2.3446413832143778,1874210.1914448617,191480630.0,84,1,5427.0,1
2009,B0800925800000,Titãs - A Vida Até Parece Uma Festa,Branco Mello/Oscar Rodrigues Alves,Documentário,Ciclope Empreendimentos Artísticos,Casa 5/Ink/Anna Cristina De Vilalba Martinelli E Silva/Susi Locatelli Fromer/Rosa Celeste,Moviemobz,SP,SP/SP/SP/-/-/SP,14,15211,144600.42,SP,1.0,1,2000,0,2,0,1,estreante,nova,0.0,1.0,0.0,1.0,só incentivo,2.3446413832143778,339036.12876218,191480630.0,84,1,5427.0,1
2009,B0901039400000,Topografia De Um Desnudo,Teresa Aguiar,Ficção,Tao Produções,,T.A.O. Produções Artisticas,SP,,1,1488,6065.0,SP,1.0,0,2000,0,0,0,1,estreante,nova,0.0,1.0,0.0,1.0,só incentivo,2.3446413832143778,14220.249989195201,191480630.0,84,0,5427.0,0
2009,B0901010400000,Um Homem De Moral,Ricardo Dias,Documentário,24 Vps Filmes,,Superfilmes,SP,,10,6784,98555.5,SP,1.0,0,2000,1,0,1,0,iniciante,nova,0.0,1.0,0.0,1.0,só incentivo,2.3446413832143778,231077.3038433846,191480630.0,84,1,5427.0,1
2009,B0500444500000,Um Lobisomem Na Amazônia,Ivan Cardoso,Ficção,Topazio Filmes,,Polifilmes/Topázio Filmes,RJ,,8,625,5018.4,RJ,1.0,0,2000,0,0,0,1,estreante,nova,0.0,1.0,0.0,1.0,só incentivo,2.3446413832143778,11766.348317523032,191480630.0,84,0,5427.0,0
2009,B0901019900000,Um Romance De Geração,David França Mendes,Ficção,Cabra Vadia,O Alto Comando,Filmes Do Estação,RJ,RJ,2,793,6184.5,RJ,1.0,1,2000,0,14,0,1,estreante,pequena,0.0,0.0,0.0,0.0,sem fomento,2.3446413832143778,14500.43463448932,191480630.0,84,0,5427.0,0
2009,Sem CPB,"Vamos Subir, Leão",Marcos Luiz Bittencourt,Documentário,Canal 3,,Canal 3,SC,,,,,SC,1.0,0,2000,0,0,0,1,estreante,nova,0.0,0.0,0.0,0.0,sem fomento,2.3446413832143778,,191480630.0,84,,5427.0,
2009,B0901006300000,Velhas Guardas,Joatan Vilela Berbel,Documentário,Mp2 Produções,,Pipa Produções,RJ,,1,54,75.0,RJ,1.0,0,2000,0,0,1,1,estreante,nova,0.0,1.0,0.0,1.0,só incentivo,2.3446413832143778,175.84810374107832,191480630.0,84,0,5427.0,0
2009,B0800959100000,Verônica,Maurício Farias,Ficção,Fraiha Produções/Maurício Farias,Andrea Beltrão/Marco Ricca/Bernardo Guilherme/Quanta-Rio/Isabella Nicolas/Eduardo Feijó/Ellen Milet/Luciane Nicolino/Brian Sewell Produções Cinematográficas/Andréa Imperatore/José Augusto Cesar Wong,Europa,RJ/-,-/-/-/RJ/-/-/-/-/RJ/-/-,129,103905,740059.02,RJ,1.0,1,2000,2,2,0,0,iniciante,nova,0.0,1.0,0.0,1.0,só incentivo,2.3446413832143778,1735173.0043130768,191480630.0,84,1,5427.0,1
2009,B0800852600000,"Waldick, Sempre No Meu Coração",Patrícia Pillar,Documentário,Ânima I,,Pequena Central,RJ,,8,3591,17076.5,RJ,1.0,0,2000,0,0,0,1,estreante,nova,0.0,1.0,0.0,1.0,só incentivo,2.3446413832143778,40038.268580460324,191480630.0,84,1,5427.0,0
2009,B0901096800000,Xuxa Em O Mistério De Feiurinha,Tizuka Yamasaki,Ficção,Playarte Pictures,Conspiração Filmes/Xuxa Produções/Globo Filmes,Playarte,SP,RJ/RJ/RJ,215,1307135,8484823.94,SP,1.0,1,2000,4,3,0,0,estabelecida,nova,0.0,1.0,0.0,1.0,só incentivo,2.3446413832143778,19893869.339012064,191480630.0,84,1,5427.0,1
2009,B0901041400000,Zico Na Rede,Paulo Roscio,Documentário,Business Telecom,,Business Telecom,RJ,,2,546,2529.5,RJ,1.0,0,2000,0,0,0,1,estreante,nova,0.0,0.0,0.0,0.0,sem fomento,2.3446413832143778,5930.770378840769,191480630.0,84,0,5427.0,0
2009,B0901015000000,À Deriva,Heitor Dhalia,Ficção,O2 Filmes,,Universal,SP,,41,94588,870171.0,SP,1.0,0,2000,2,2,8,0,iniciante,nova,0.0,1.0,0.0,1.0,só incentivo,2.3446413832143778,2040238.9370730384,191480630.0,84,1,5427.0,1
2009,B0901108700000,É Proibido Fumar,Anna Muylaert,Ficção,África Filmes/Dezenove Som E Imagens,,Playarte,SP/SP,,42,48306,411420.99,SP,1.0,0,2000,1,3,1,0,iniciante,nova,0.0,1.0,0.0,1.0,só incentivo,2.3446413832143778,964634.6790770286,191480630.0,84,1,5427.0,1
2010,B1001259800000,400 Contra 1 – A História Do Comando Vermelho,Caco Souza,Ficção,Destiny,Playarte Pictures/Globo Filmes,Playarte,SP,SP/RJ,76,127450,1078111.22,SP,1.0,1,2010,0,5,0,1,estreante,pequena,0.0,1.0,0.0,1.0,só incentivo,2.23216160603824,2406518.4723230465,,74,1,7431.0,1
2010,B1001180900000,5X Favela – Agora Por Nós Mesmos,Cacá Diegues/Cacau Amaral/Cadu Barcelos/Luciana Bezerra/Luciano Vidigal/Manaíra Carneiro/Rodrigo Felha/Wagner Novais,Ficção,Luz Mágica Produções,,Sony/Riofilme,RJ,,48,160573,1365197.66,RJ,1.0,0,2010,0,0,1,1,estreante,nova,1.0,1.0,1.0,1.0,FSA e incentivo,2.23216160603824,3047341.801305247,,74,1,7431.0,1
2010,B0400104300000,A Alma Do Osso,Cao Guimarães,Documentário,Cinco Em Ponto,,Filmes Do Rio De Janeiro,MG,,3,453,3955.71,MG,1.0,0,2010,1,0,1,0,iniciante,nova,0.0,0.0,0.0,0.0,sem fomento,2.23216160603824,8829.783986621527,,74,0,7431.0,0
2010,B0901007400000,A Casa Verde,Paulo Nascimento,Ficção,Accorde Filmes,,Accorde Audiovisuais,RS,,12,42954,128184.94,RS,1.0,0,2010,2,1,1,0,iniciante,nova,0.0,1.0,0.0,1.0,só incentivo,2.23216160603824,286129.50154031545,,74,1,7431.0,1
2010,B1001302600000,A Falta Que Me Faz,Marília Rocha,Documentário,Anavilhana,,Anavilhana,MG,,3,387,3304.4,MG,1.0,0,2010,1,0,0,0,iniciante,nova,0.0,1.0,0.0,1.0,só incentivo,2.23216160603824,7375.954810992761,,74,0,7431.0,0
2010,B1001236800000,A Guerra Dos Vizinhos,Rubens Xavier,Ficção,Xr2 Cinevídeo,Cachuera!,Polifilmes,SP,SP,8,22754,85531.45,SP,1.0,1,2010,0,13,0,1,estreante,pequena,0.0,1.0,0.0,1.0,só incentivo,2.23216160603824,190920.01879877943,,74,1,7431.0,1
2010,B1001283500000,A Suprema Felicidade,Arnaldo Jabor,Ficção,Ramalho Filmes,,Paramount,SP,,166,219472,2121215.0,SP,1.0,0,2010,0,4,1,1,estreante,nova,0.0,1.0,0.0,1.0,só incentivo,2.23216160603824,4734894.681152405,,74,1,7431.0,1
2010,B0800935800000,Acácio,Marília Rocha,Documentário,Anavilhana,,Anavilhana,MG,,4,431,3375.0,MG,1.0,0,2010,1,0,0,0,iniciante,nova,0.0,1.0,0.0,1.0,só incentivo,2.23216160603824,7533.5454203790605,,74,0,7431.0,0
2010,B1001330500000,Amor Por Acaso,Marcio Garcia,Ficção,Mgp Filmes,,Playarte,MG,,65,52359,459769.41,MG,1.0,0,2010,0,5,0,1,estreante,pequena,0.0,0.0,0.0,0.0,sem fomento,2.23216160603824,1026279.624632854,,74,1,7431.0,1
2010,B0901121200000,Antes Que O Mundo Acabe,Ana Luiza Azevedo,Ficção,Casa De Cinema De Porto Alegre,,Imagem,RS,,13,32297,218162.12,RS,1.0,0,2010,0,12,7,1,estreante,pequena,0.0,1.0,0.0,1.0,só incentivo,2.23216160603824,486973.10815590725,,74,1,7431.0,1
2010,B0500378700000,Ao Sul De Setembro,Amauri Tangará,Ficção,Cia D'Artes Do Brasil,,Polifilmes,MT,,1,125,1289.0,MT,1.0,0,2010,1,13,1,0,iniciante,pequena,0.0,1.0,0.0,1.0,só incentivo,2.23216160603824,2877.2563101832916,,74,0,7431.0,0
2010,B1001319100000,"Aparecida, O Milagre",Tizuka Yamasaki,Ficção,Vitória Produções,Riofilme,Paramount,RJ,RJ,275,243336,1830173.0,RJ,1.0,1,2010,5,4,4,0,estabelecida,nova,1.0,1.0,1.0,1.0,FSA e incentivo,2.23216160603824,4085241.903007824,,74,1,7431.0,1
2010,B1001256000000,As Cartas Psicografadas Por Chico Xavier,Cristiana Grumbach,Documentário,Crisis Produtivas,,Ciclorama Filmes,RJ,,22,7431,60280.74,RJ,1.0,0,2010,1,0,1,0,iniciante,nova,0.0,1.0,0.0,1.0,só incentivo,2.23216160603824,134556.35341157357,,74,1,7431.0,0
2010,B1001172500000,As Melhores Coisas Do Mundo,Laís Bodanzky,Ficção,Gullane,Buriti Filmes/Casa Redonda Produções,Warner/Riofilme,SP,SP/SP,152,300170,2257134.0,SP,1.0,1,2010,2,0,3,0,iniciante,nova,0.0,1.0,0.0,1.0,só incentivo,2.23216160603824,5038287.854483517,,74,1,7431.0,1
2010,B1001164600000,B1 - Tenório Em Pequim,Eduardo Hunter Moura/Felipe Braga,Documentário,Losbragas Produções/Rt Features,,Espaço Filmes,RJ/SP,,9,679,7002.0,RJ,2.0,0,2010,0,2,0,1,estreante,nova,0.0,1.0,0.0,1.0,só incentivo,2.23216160603824,15629.595565479756,,74,0,7431.0,0
2010,B0901126600000,Bellini E O Demônio,Marcelo Galvão,Ficção,Santa Fé Filmes,,Santa Fé Filmes,RJ,,3,1661,14122.0,RJ,1.0,0,2010,1,0,0,0,iniciante,nova,0.0,1.0,0.0,1.0,só incentivo,2.23216160603824,31522.586200472026,,74,0,7431.0,0
2010,B1001260400000,Cabeça A Prêmio,Marco Ricca,Ficção,Academia De Filmes/Ricca Produções,,Europa,SP/SP,,19,11619,93766.12,SP,1.0,0,2010,0,3,0,1,estreante,nova,0.0,1.0,0.0,1.0,só incentivo,2.23216160603824,209301.13301117433,,74,1,7431.0,1
2010,B0901062000000,Caro Francis,Nelson Hoineff,Documentário,Comalt - Comunicação Alternativa,,Imovision,RJ,,2,3770,44117.0,RJ,1.0,0,2010,2,24,2,0,iniciante,media,0.0,0.0,0.0,0.0,sem fomento,2.23216160603824,98476.27357358905,,74,1,7431.0,0
2010,B1001148600000,Chico Xavier,Daniel Filho,Ficção,Lereby,,Sony/Downtown,RJ,,392,3413231,30279855.27,RJ,1.0,0,2010,7,2,5,0,veterana,nova,1.0,1.0,1.0,1.0,FSA e incentivo,2.23216160603824,67589530.37008867,,74,1,7431.0,1
2010,B1001133500000,Cidade De Plástico,Yu Lik-Wai,Ficção,Gullane,,Paris,SP,,2,433,4066.0,SP,1.0,0,2010,0,3,3,1,estreante,nova,0.0,1.0,0.0,1.0,só incentivo,2.23216160603824,9075.969090151484,,74,0,7431.0,0
2010,B1001237700000,Cildo,Gustavo Rosa De Moura,Documentário,Matizar,,Videofilmes,RJ,,3,848,7915.0,RJ,1.0,0,2010,0,18,1,1,estreante,pequena,0.0,0.0,0.0,0.0,sem fomento,2.23216160603824,17667.55911179267,,74,0,7431.0,0
2010,B1001214400000,Como Esquecer,Malu De Martino,Ficção,Eh! Filmes,,Europa,RJ,,22,42539,339996.14,RJ,1.0,0,2010,1,3,0,0,iniciante,nova,0.0,1.0,0.0,1.0,só incentivo,2.23216160603824,758926.3299092024,,74,1,7431.0,1
2010,B0901099400000,"Depois De Ontem, Antes De Amanhã",Christine Liu,Documentário,Vega Filmes,,Vega Filmes,SP,,1,85,908.0,SP,1.0,0,2010,0,0,0,1,estreante,nova,0.0,0.0,0.0,0.0,sem fomento,2.23216160603824,2026.802738282722,,74,0,7431.0,0
2010,B1001189100000,Doce Brasil Holandês,Monica Schmiedt,Documentário,M. Schmiedt Produções,,M. Schmiedt Produções,RS,,1,2115,10253.0,RS,1.0,0,2010,0,0,1,1,estreante,nova,0.0,1.0,0.0,1.0,só incentivo,2.23216160603824,22886.352946710074,,74,0,7431.0,0
2010,B1001211600000,Dzi Croquettes,Raphael Alvarez/Tatiana Issa,Documentário,Tria Productions,Canal Brasil,Imovision,RJ,RJ,9,24348,230371.21,RJ,1.0,1,2010,0,24,0,1,estreante,media,0.0,1.0,0.0,1.0,só incentivo,2.23216160603824,514225.77009857266,,74,1,7431.0,1
2010,B0700747100000,Elevado 3.5,João Sodré/Maíra Bühler/Paulo Pastorelo,Documentário,Primo Filmes,Tv Cultura/Akron/João Sodré,Espaço Filmes,SP,SP/SP/-,1,886,8118.0,SP,1.0,1,2010,0,2,0,1,estreante,nova,0.0,0.0,0.0,0.0,sem fomento,2.23216160603824,18120.68791781843,,74,0,7431.0,0
2010,B0901027700000,Elza,Izabel Jaguaribe,Documentário,Pedra Corrida Produções,,Gávea Filmes E Produções,RJ,,9,4394,29704.7,RJ,1.0,0,2010,1,1,0,0,iniciante,nova,0.0,0.0,0.0,0.0,sem fomento,2.23216160603824,66305.69085888412,,74,1,7431.0,0
2010,B0901062900000,Em Teu Nome,Paulo Nascimento,Ficção,Accorde Filmes,,Accorde Audiovisuais,RS,,16,47413,203675.61,RS,1.0,0,2010,2,1,1,0,iniciante,nova,0.0,1.0,0.0,1.0,só incentivo,2.23216160603824,454636.8767284182,,74,1,7431.0,1
2010,B1001147500000,Eu E Meu Guarda-Chuva,Toni Vanzolini,Ficção,Conspiração Filmes,Teleimage Productions/Casa 5,Fox,RJ,SP/SP,75,115466,770620.0,RJ,1.0,1,2010,0,25,9,1,estreante,media,1.0,1.0,1.0,1.0,FSA e incentivo,2.23216160603824,1720148.3768451887,,74,1,7431.0,1
2010,B0800966100000,Federal,Erik De Castro,Ficção,Bsb Cinema,Riofilme/Quanta-Rio/Limite Produções/Labocine,Europa/Riofilme,DF,RJ/RJ/RJ/RJ,63,114483,992428.16,DF,1.0,1,2010,1,1,1,0,iniciante,nova,0.0,1.0,0.0,1.0,só incentivo,2.23216160603824,2215260.0355031756,,74,1,7431.0,1
2010,B1001205200000,Fluidos,Alexandre Carvalho,Ficção,Asc Audiovisual,,Polifilmes,SP,,1,342,2854.0,SP,1.0,0,2010,0,13,0,1,estreante,pequena,0.0,0.0,0.0,0.0,sem fomento,2.23216160603824,6370.589223633137,,74,0,7431.0,0
2010,B1001311400000,Grêmio 10X0,Beto Souza,Documentário,G7 Cinema,,G7 Cinema,SP,,2,379,3697.49,SP,1.0,0,2010,3,4,3,0,estabelecida,nova,0.0,0.0,0.0,0.0,sem fomento,2.23216160603824,8253.395216710333,,74,0,7431.0,0
2010,B1001136000000,High School Musical - O Desafio,César Rodrigues,Ficção,Total Entertainment,,Sony,RJ,,206,301082,2016382.17,RJ,1.0,0,2010,0,7,6,1,estreante,pequena,0.0,1.0,0.0,1.0,só incentivo,2.23216160603824,4500890.862974072,,74,1,7431.0,1
2010,B0901099200000,Histórias De Amor Duram Apenas 90 Minutos,Paulo Halm,Ficção,Tipos E Tempos Produções,,Downtown/Riofilme,RJ,,12,10153,83428.11,RJ,1.0,0,2010,0,2,0,1,estreante,nova,1.0,1.0,1.0,1.0,FSA e incentivo,2.23216160603824,186225.02400633495,,74,1,7431.0,1
2010,B1001166000000,Insolação,Daniela Thomas/Felipe Hirsch,Ficção,Cisma Produções,Dezenove Som E Imagens/Teleimage,Europa,SP,SP/SP,3,2524,19860.19,SP,1.0,1,2010,0,3,0,1,estreante,nova,1.0,1.0,1.0,1.0,FSA e incentivo,2.23216160603824,44331.15360662459,,74,0,7431.0,0
2010,B0700719500000,Jards Macalé - Um Morcego Na Porta Principal,Marco Abujamra,Documentário,Dona Rosa Filmes/Tema Eventos Culturais,,Moviemobz,RJ/RJ,,4,1588,14321.8,RJ,1.0,0,2010,0,4,0,1,estreante,nova,0.0,0.0,0.0,0.0,sem fomento,2.23216160603824,31968.572089358466,,74,0,7431.0,0
2010,B1001318000000,José E Pilar,Miguel Gonçalves Mendes,Documentário,O2 Filmes,,Espaço Filmes,SP,,20,39628,350700.61,SP,1.0,0,2010,0,2,9,1,estreante,nova,0.0,1.0,0.0,1.0,só incentivo,2.23216160603824,782820.4368561904,,74,1,7431.0,1
2010,B0901107200000,"Lula, O Filho Do Brasil",Fábio Barreto,Ficção,Filmes Do Equador,Globo Filmes,Downtown/Europa,RJ,RJ,360,848733,7066033.9,RJ,1.0,1,2010,5,0,11,0,estabelecida,nova,0.0,0.0,0.0,0.0,sem fomento,2.23216160603824,15772529.57854465,,74,1,7431.0,1
2010,B1101395900000,Luto Como Mãe,Luis Carlos Nascimento,Documentário,Tv Zero Cinema,,Tv Zero Cinema,RJ,,,,,RJ,1.0,0,2010,0,0,1,1,estreante,nova,0.0,0.0,0.0,0.0,sem fomento,2.23216160603824,,,74,,7431.0,
2010,B1001182400000,Léo E Bia,Oswaldo Montenegro,Ficção,Oswaldo Montenegro Produções Artísticas,,Copacabana Filmes,RJ,,3,3622,20445.4,RJ,1.0,0,2010,0,5,0,1,estreante,pequena,0.0,0.0,0.0,0.0,sem fomento,2.23216160603824,45637.43690009424,,74,1,7431.0,0
2010,B1001312200000,Meu Mundo Em Perigo,José Eduardo Belmonte,Ficção,Anhangabau Produções,José Eduardo Belmonte,Vitrine Filmes,SP,,6,1389,8146.74,SP,1.0,1,2010,2,0,0,0,iniciante,nova,0.0,1.0,0.0,1.0,só incentivo,2.23216160603824,18184.840242375973,,74,0,7431.0,0
2010,B0901023600000,"Morgue Story - Sangue, Baiacu E Quadrinhos",Paulo Biscaia Filho,Ficção,Vigor Mortis,,Moro Comunicação,PR,,2,1205,6908.0,PR,1.0,0,2010,0,0,0,1,estreante,nova,0.0,0.0,0.0,0.0,sem fomento,2.23216160603824,15419.772374512162,,74,0,7431.0,0
2010,B1001282000000,Muita Calma Nessa Hora,Felipe Joffily,Ficção,Casé Filmes/Idéias Ideais,,Europa/Riofilme,RJ/RJ,,178,1485498,12832975.18,RJ,1.0,0,2010,1,1,0,0,iniciante,nova,0.0,1.0,0.0,1.0,só incentivo,2.23216160603824,28645274.488037672,,74,1,7431.0,1
2010,B0600623600000,Netto E O Domador De Cavalos,Tabajara Ruas,Ficção,Walper Ruas Produções,,Walper Ruas,RS,,2,2822,21042.5,RS,1.0,0,2010,0,0,0,1,estreante,nova,0.0,1.0,0.0,1.0,só incentivo,2.23216160603824,46970.26059505967,,74,1,7431.0,0
2010,B1001259400000,Nosso Lar,Wagner De Assis,Ficção,Cinética Filmes,Migdal Filmes,Fox,RJ,RJ,445,4085377,36448797.66,RJ,1.0,1,2010,0,25,0,1,estreante,media,0.0,1.0,0.0,1.0,só incentivo,2.23216160603824,81359606.72290844,,74,1,7431.0,1
2010,B1001203400000,O Abraço Corporativo,Ricardo Kauffman,Documentário,Idéia Forte Comunicações,,Idéia Forte,SP,,1,929,8588.0,SP,1.0,0,2010,0,0,0,1,estreante,nova,0.0,0.0,0.0,0.0,sem fomento,2.23216160603824,19169.803872656405,,74,0,7431.0,0
2010,B0901126500000,O Amor Segundo B. Schianberg,Beto Brant,Ficção,Drama Filmes,,Espaço Filmes,SP,,9,4273,37731.2,SP,1.0,0,2010,4,2,3,0,estabelecida,nova,0.0,0.0,0.0,0.0,sem fomento,2.23216160603824,84222.13598975004,,74,1,7431.0,0
2010,B1001236300000,O Bem Amado,Guel Arraes,Ficção,Uns Produções E Filmes,,Sony,RJ,,157,955393,8393618.86,RJ,1.0,0,2010,4,7,3,0,estabelecida,pequena,0.0,1.0,0.0,1.0,só incentivo,2.23216160603824,18735913.75501046,,74,1,7431.0,1
2010,B0700799200000,O Grão,Petrus Cariry,Ficção,Iluminura Filmes,,Usina Digital,CE,,5,1805,12227.75,CE,1.0,0,2010,0,4,0,1,estreante,nova,0.0,0.0,0.0,0.0,sem fomento,2.23216160603824,27294.31407823409,,74,0,7431.0,0
2010,B0901113900000,O Homem Que Engarrafava Nuvens,Lírio Ferreira,Documentário,Good Ju-Ju,Total Entertainment/Lereby,Espaço Filmes,RJ,RJ/RJ,15,19247,150684.5,RJ,1.0,1,2010,1,2,0,0,iniciante,nova,0.0,0.0,0.0,0.0,sem fomento,2.23216160603824,336352.1555250692,,74,1,7431.0,1
2010,B1001282200000,O Sol Do Meio-Dia,Eliane Caffé,Ficção,Politheama Filmes,,Pandora Filmes,SP,,5,3889,27540.09,SP,1.0,0,2010,2,4,1,0,iniciante,nova,0.0,1.0,0.0,1.0,só incentivo,2.23216160603824,61473.93152483767,,74,1,7431.0,0
2010,B0901121700000,Olhos Azuis,José Joffily,Ficção,Coevo Filmes,,Imagem,RJ,,20,15499,133821.87,RJ,1.0,0,2010,4,12,3,0,estabelecida,pequena,0.0,1.0,0.0,1.0,só incentivo,2.23216160603824,298712.04026224057,,74,1,7431.0,1
2010,B1001143200000,Os Famosos E Os Duendes Da Morte,Esmir Filho,Ficção,Dezenove Som E Imagens,Warner,Warner,SP,SP,10,8328,67637.0,SP,1.0,1,2010,0,25,4,1,estreante,media,0.0,1.0,0.0,1.0,só incentivo,2.23216160603824,150976.71454760846,,74,1,7431.0,1
2010,B0901090500000,Os Inquilinos,Sérgio Bianchi,Ficção,Agravo Produções Cinematográficas,,Pandora Filmes,SP,,9,8662,64784.34,SP,1.0,0,2010,3,4,3,0,estabelecida,nova,0.0,1.0,0.0,1.0,só incentivo,2.23216160603824,144609.1164205274,,74,1,7431.0,1
2010,B0901059800000,Pachamama,Eryk Rocha,Documentário,Urca Filmes,,Videofilmes,RJ,,6,4257,33585.0,RJ,1.0,0,2010,2,18,2,0,iniciante,pequena,0.0,1.0,0.0,1.0,só incentivo,2.23216160603824,74967.14753879429,,74,1,7431.0,0
2010,B1001257100000,"Programa Casé – O Que A Gente Não Inventa, Não Existe",Estevão Ciavatta,Documentário,Pindorama Filmes,,Espaço Filmes,RJ,,11,2346,17017.0,RJ,1.0,0,2010,0,2,0,1,estreante,nova,0.0,1.0,0.0,1.0,só incentivo,2.23216160603824,37984.69404995273,,74,0,7431.0,0
2010,B1001188500000,Quincas Berro D'Água,Sérgio Machado,Ficção,Videofilmes,,Sony,RJ,,110,273031,2125919.72,RJ,1.0,0,2010,2,7,21,0,iniciante,pequena,0.0,0.0,0.0,0.0,sem fomento,2.23216160603824,4745396.376503566,,74,1,7431.0,1
2010,B1001172900000,Reflexões De Um Liquidificador,André Klotzel,Ficção,Brás Filmes,Aurora Filmes/Electrica Cinema E Video/Secretaria Municipal De Cultura De São Paulo,Bras Filmes,SP,SP/SP/SP,7,25536,180145.29,SP,1.0,1,2010,1,0,0,0,iniciante,nova,0.0,0.0,0.0,0.0,sem fomento,2.23216160603824,402113.3998466245,,74,1,7431.0,1
2010,B0700745800000,"Rita Cadillac, A Lady Do Povo",Toni Venturi,Documentário,Olhar Imaginário,,Espaço Filmes,SP,,13,2891,26515.1,SP,1.0,0,2010,4,2,4,0,estabelecida,nova,0.0,0.0,0.0,0.0,sem fomento,2.23216160603824,59185.98820026454,,74,1,7431.0,0
2010,B1001182000000,Segurança Nacional,Roberto Carminati,Ficção,Influência Filmes,,Europa,SC,,37,37410,285368.77,SC,1.0,0,2010,0,3,0,1,estreante,nova,0.0,1.0,0.0,1.0,só incentivo,2.23216160603824,636989.2119563572,,74,1,7431.0,1
2010,B1001271700000,Soberano – Seis Vezes São Paulo,Carlos Nader/Mauricio Arruda,Documentário,G7 Cinema,,G7 Cinema,SP,,50,35212,346702.85,SP,1.0,0,2010,0,4,3,1,estreante,nova,0.0,1.0,0.0,1.0,só incentivo,2.23216160603824,773896.790474035,,74,1,7431.0,1
2010,B0901120600000,Solo,Ugo Giorgetti,Ficção,Sp Filmes De São Paulo,,Espaço Filmes,SP,,1,986,8970.0,SP,1.0,0,2010,4,2,4,0,estabelecida,nova,0.0,0.0,0.0,0.0,sem fomento,2.23216160603824,20022.489606163013,,74,0,7431.0,0
2010,B1001160300000,Sonhos Roubados,Sandra Werneck,Ficção,Cineluz Produções,,Europa,RJ,,29,28594,199563.08,RJ,1.0,0,2010,3,3,2,0,estabelecida,nova,0.0,1.0,0.0,1.0,só incentivo,2.23216160603824,445457.04515873775,,74,1,7431.0,1
2010,B1001311300000,Supremacia Vermelha,Fabiano De Souza,Documentário,G7 Cinema,,G7 Cinema,SP,,2,547,5401.14,SP,1.0,0,2010,0,4,3,1,estreante,nova,0.0,0.0,0.0,0.0,sem fomento,2.23216160603824,12056.21733683738,,74,0,7431.0,0
2010,B0901101600000,Só Dez Por Cento É Mentira,Pedro Cezar,Documentário,Artezanato Eletrônico,Vite Produções/Pedro Cezar,Downtown,RJ,RJ/-,5,5919,52032.0,RJ,1.0,1,2010,0,20,0,1,estreante,media,0.0,1.0,0.0,1.0,só incentivo,2.23216160603824,116143.83268538171,,74,1,7431.0,0
2010,B1001298600000,"Terra Deu, Terra Come",Rodrigo Siqueira,Documentário,7 Estrelo Filmes/Tango Zulu Filmes,,Videofilmes,SP/SP,,3,1897,16878.4,SP,1.0,0,2010,0,18,0,1,estreante,pequena,0.0,1.0,0.0,1.0,só incentivo,2.23216160603824,37675.31645135584,,74,0,7431.0,0
2010,B1001162900000,Terras,Maya Da-Rin,Documentário,Cineluz Produções,,Vitrine Filmes,RJ,,6,875,6678.21,RJ,1.0,0,2010,0,0,2,1,estreante,nova,0.0,1.0,0.0,1.0,só incentivo,2.23216160603824,14906.843959060636,,74,0,7431.0,0
2010,B1001251100000,Todo Poderoso: O Filme - 100 Anos De Timão,André Garolli/Ricardo Aidar,Documentário,Canal Azul,,Fox,SP,,1,1437,16505.0,SP,1.0,0,2010,0,25,1,1,estreante,media,0.0,1.0,0.0,1.0,só incentivo,2.23216160603824,36841.82730766115,,74,0,7431.0,0
2010,B1001296000000,Tropa De Elite 2,José Padilha,Ficção,Zazen Produções,Feijão Filmes/Globo Filmes,Zazen,RJ,SP/RJ,763,11146723,103461153.74,RJ,1.0,1,2010,3,1,4,0,estabelecida,nova,0.0,1.0,0.0,1.0,só incentivo,2.23216160603824,230942015.09484765,,74,1,7431.0,1
2010,B1001165300000,Um Lugar Ao Sol,Gabriel Mascaro,Documentário,Símio Filmes,,Símio Filmes,PE,,6,2357,12990.25,PE,1.0,0,2010,0,0,0,1,estreante,nova,0.0,0.0,0.0,0.0,sem fomento,2.23216160603824,28996.33730283825,,74,0,7431.0,0
2010,B1001229000000,Uma Noite Em 67,Renato Terra/Ricardo Calil,Documentário,Videofilmes,,Videofilmes,RJ,,26,82258,760684.91,RJ,1.0,0,2010,0,18,21,1,estreante,pequena,0.0,1.0,0.0,1.0,só incentivo,2.23216160603824,1697971.6503946541,,74,1,7431.0,1
2010,B1001187000000,Utopia E Barbárie,Silvio Tendler,Documentário,Caliban Produções Cinematográficas,,Caliban,RJ,,19,9626,75475.23,RJ,1.0,0,2010,2,1,2,0,iniciante,nova,0.0,1.0,0.0,1.0,só incentivo,2.23216160603824,168472.91061290554,,74,1,7431.0,1
2010,B0901083500000,"Viajo Porque Preciso, Volto Porque Te Amo",Karim Aïnouz/Marcelo Gomes,Ficção,Rec Produtores Associados,,Espaço Filmes,PE,,18,26623,243332.2,PE,1.0,0,2010,0,2,2,1,estreante,nova,0.0,1.0,0.0,1.0,só incentivo,2.23216160603824,543156.7943528183,,74,1,7431.0,1
2010,B1001311200000,Vida Sobre Rodas,Daniel Baccaro,Documentário,Goma Filmes,,Sony,SP,,17,3572,35633.9,SP,1.0,0,2010,0,7,0,1,estreante,pequena,0.0,1.0,0.0,1.0,só incentivo,2.23216160603824,79540.62345340605,,74,1,7431.0,0
2011,B1001247700000,180º,Eduardo Vaisman,Ficção,Limite Produções,Humaita Produções/Moviola Filmes,Pandora Filmes,RJ,RJ/RJ,8,2182,20437.89,RJ,1.0,1,2010,0,6,1,1,estreante,pequena,0.0,0.0,0.0,0.0,sem fomento,2.093246180755675,42781.5351852046,192379287.0,100,0,4048.5,0
2011,B1101416000000,4 X Timão - A Conquista Do Tetra,Di Moretti,Documentário,Canal Azul,Band,Fox,SP,SP,1,131,1829.0,SP,1.0,1,2010,0,28,2,1,estreante,media,0.0,1.0,0.0,1.0,só incentivo,2.093246180755675,3828.5472646021294,192379287.0,100,0,4048.5,0
2011,B1101441600000,A Alegria,Felipe Bragança/Marina Meliande,Ficção,Duas Mariola Filmes,Arissas Multimídia,Espaço Filmes,RJ,RJ,8,3108,28519.15,RJ,1.0,1,2010,0,11,0,1,estreante,pequena,0.0,1.0,0.0,1.0,só incentivo,2.093246180755675,59697.60181589821,192379287.0,100,1,4048.5,0
2011,B1101377300000,A Antropóloga,Zeca Pires,Ficção,Mundo Imaginário Produções Cinematográficas,,Imagem,SC,,3,5584,63794.46,SC,1.0,0,2010,0,14,1,1,estreante,pequena,0.0,1.0,0.0,1.0,só incentivo,2.093246180755675,133537.50974837068,192379287.0,100,1,4048.5,1
2011,B1101379600000,A Casa De Sandro,Gustavo Beck,Documentário,Enquadramento Produções/Yes Filmes,,Enquadramento Produções,SP/RJ,,2,56,353.0,SP,2.0,0,2010,0,0,0,1,estreante,nova,0.0,0.0,0.0,0.0,sem fomento,2.093246180755675,738.9159018067533,192379287.0,100,0,4048.5,0
2011,B1101396800000,A Falta Que Nos Move,Christiane Jatahy,Ficção,Tambellini Filmes,Axis Produções Artísticas,Espaço Filmes,RJ,RJ,12,7509,81849.0,RJ,1.0,1,2010,0,11,6,1,estreante,pequena,0.0,2.0,0.0,1.0,só incentivo,2.093246180755675,171330.10664867124,192379287.0,100,1,4048.5,1
2011,B1001327400000,A Fuga Da Mulher Gorila,Felipe Bragança,Ficção,Duas Mariola Filmes,,Vitrine Filmes,RJ,,5,353,1788.5,RJ,1.0,0,2010,0,2,0,1,estreante,nova,0.0,0.0,0.0,0.0,sem fomento,2.093246180755675,3743.770794281525,192379287.0,100,0,4048.5,0
2011,B1101383500000,A Última Estrada Da Praia,Fabiano De Souza,Ficção,Rainer Cine/Rbs Participações,Okna Produções,Okna Produções,RS/RS,RS,,,,RS,1.0,1,2010,1,0,0,0,iniciante,nova,0.0,0.0,0.0,0.0,sem fomento,2.093246180755675,,192379287.0,100,,4048.5,
2011,B1001308900000,Além Da Estrada,Charly Braun,Ficção,Casablanca Content/Guinle Produções,,Vitrine Filmes,SP/SP,,15,16125,143806.29,SP,1.0,0,2010,0,2,0,1,estreante,nova,0.0,1.0,0.0,1.0,só incentivo,2.093246180755675,301021.96731114306,192379287.0,100,1,4048.5,1
2011,B1101460800000,Amanhã Nunca Mais,Tadeu Jungle,Ficção,Academia De Filmes,,Fox,SP,,17,20557,213440.76,SP,1.0,0,2010,0,28,0,1,estreante,media,0.0,1.0,0.0,1.0,só incentivo,2.093246180755675,446784.0556875887,192379287.0,100,1,4048.5,1
2011,B1101362100000,Amor?,João Jardim,Ficção,Copacabana Filmes E Produções/Fogo Azul Filmes,Globosat,Copacabana Filmes,RJ/RJ,RJ,14,19079,173145.27,RJ,1.0,1,2010,1,6,0,0,iniciante,pequena,0.0,1.0,0.0,1.0,só incentivo,2.093246180755675,362435.67514341016,192379287.0,100,1,4048.5,1
2011,B1101520600000,As Canções,Eduardo Coutinho,Documentário,Videofilmes,,Espaço Filmes,RJ,,10,22467,229889.74,RJ,1.0,0,2010,7,11,23,0,veterana,pequena,0.0,1.0,0.0,1.0,só incentivo,2.093246180755675,481215.8202499151,192379287.0,100,1,4048.5,1
2011,B1101385900000,As Doze Estrelas,Luiz Alberto Pereira,Ficção,Lapfilme,,Polifilmes/Lapfilme,SP,,27,3469,32011.56,SP,1.0,0,2010,3,0,3,0,estabelecida,nova,0.0,1.0,0.0,1.0,só incentivo,2.093246180755675,67008.07571003115,192379287.0,100,1,4048.5,0
2011,B1101377100000,As Mães De Chico Xavier,Glauber Filho/Halder Gomes,Ficção,Atc Entretenimentos/Estação Luz Filmes,,Paris,CE/CE,,441,517330,4598470.13,CE,1.0,0,2010,0,4,0,1,estreante,nova,0.0,1.0,0.0,1.0,só incentivo,2.093246180755675,9625730.036941553,192379287.0,100,1,4048.5,1
2011,B1101449600000,Assalto Ao Banco Central,Marcos Paulo,Ficção,Total Entertainment,,Fox,RJ,,325,1966736,18657595.2,RJ,1.0,0,2010,0,28,7,1,estreante,media,0.0,1.0,0.0,1.0,só incentivo,2.093246180755675,39054939.894485414,192379287.0,100,1,4048.5,1
2011,B1101371900000,Avenida Brasília Formosa,Gabriel Mascaro,Documentário,Gabriel Mascaro/Plano 9 Produções,Abepec/Universidade Federal De Pernambuco,Vitrine Filmes,-/PE,SP/PE,4,955,4160.5,PE,1.0,1,2010,1,2,0,0,iniciante,nova,0.0,0.0,0.0,0.0,sem fomento,2.093246180755675,8708.950735033986,192379287.0,100,0,4048.5,0
2011,B1101483300000,Bahêa Minha Vida,Marcio Cavalcante,Documentário,Movimento Filmes,,Paris,BA,,15,74857,597579.0,BA,1.0,0,2010,0,4,0,1,estreante,nova,0.0,0.0,0.0,0.0,sem fomento,2.093246180755675,1250879.9594497955,192379287.0,100,1,4048.5,1
2011,B1001191000000,Belair,Bruno Safadi/Noa Bressane,Documentário,Tb Produções,Artesanato Digital Produções,Pipa Produções,RJ,RJ,10,1282,9357.7,RJ,1.0,1,2010,0,3,4,1,estreante,nova,0.0,1.0,0.0,1.0,só incentivo,2.093246180755675,19587.96978565738,192379287.0,100,0,4048.5,0
2011,B1001319200000,Bollywood Dream – O Sonho Bollywoodiano,Beatriz Seigner,Ficção,Miríade Filmes,,Espaço Filmes,SP,,13,6105,60561.0,SP,1.0,0,2010,0,11,0,1,estreante,pequena,0.0,0.0,0.0,0.0,sem fomento,2.093246180755675,126769.08195274444,192379287.0,100,1,4048.5,1
2011,B1101348300000,Brasil Animado,Mariana Caltabiano,Animação,Mariana Caltabiano Criações,Globo Filmes/Teleimage,Imagem,SP,RJ/SP,188,141733,1014270.67,SP,1.0,1,2010,0,14,0,1,estreante,pequena,0.0,1.0,0.0,1.0,só incentivo,2.093246180755675,2123118.2062299997,192379287.0,100,1,4048.5,1
2011,B1001298800000,Broder,Jeferson De,Ficção,Glaz Entretenimento,Globo Filmes/Lereby,Sony,RJ,RJ/RJ,35,37468,372802.28,RJ,1.0,1,2010,0,11,2,1,estreante,pequena,0.0,1.0,0.0,1.0,só incentivo,2.093246180755675,780366.9487870078,192379287.0,100,1,4048.5,1
2011,B1101347100000,Bruna Surfistinha,Marcus Baldini,Ficção,Damasco Filmes/Tv Zero Cinema,,Imagem/Riofilme,SP/RJ,,347,2177018,20038457.43,SP,2.0,0,2010,0,0,0,1,estreante,nova,1.0,1.0,1.0,1.0,FSA e incentivo,2.093246180755675,41945424.483582675,192379287.0,100,1,4048.5,1
2011,B1101496800000,Capitães Da Areia,Cecília Amado,Ficção,Lagoa Cultural,Maga Filmes,Imagem,RJ,RJ,119,170607,1488886.73,RJ,1.0,1,2010,0,14,2,1,estreante,pequena,1.0,1.0,1.0,1.0,FSA e incentivo,2.093246180755675,3116606.461150306,192379287.0,100,1,4048.5,1
2011,B1001293100000,"Chantal Akerman, De Cá",Gustavo Beck/Leonardo Luiz Ferreira,Documentário,Enquadramento Produções,,Vitrine Filmes,SP,,6,237,1440.5,SP,1.0,0,2010,0,2,0,1,estreante,nova,0.0,0.0,0.0,0.0,sem fomento,2.093246180755675,3015.32112337855,192379287.0,100,0,4048.5,0
2011,B1101406900000,Cilada.Com,José Alvarenga Jr.,Ficção,Casé Filmes,Globo Filmes,Downtown/Paris/Riofilme,RJ,RJ,389,2959460,28030183.67,RJ,1.0,1,2010,4,0,0,0,estabelecida,nova,1.0,1.0,1.0,1.0,FSA e incentivo,2.093246180755675,58674074.9131076,192379287.0,100,1,4048.5,1
2011,B0901102500000,Corpos Celestes,Fernando Severo/Marcos Jorge,Ficção,Zencrane Filmes,Loc All Cinema E Televisão/Dalton Vigh,Panda Filmes,SP,PR/-,8,1980,17631.68,SP,1.0,1,2010,0,6,1,1,estreante,pequena,0.0,1.0,0.0,1.0,só incentivo,2.093246180755675,36907.44682030622,192379287.0,100,0,4048.5,0
2011,B1001292600000,Cortina De Fumaça,Rodrigo Mac Niven,Documentário,Tva2 Produções,,Tva2 Produções,RJ,,2,251,1745.05,RJ,1.0,0,2010,0,0,0,1,estreante,nova,0.0,0.0,0.0,0.0,sem fomento,2.093246180755675,3652.8192477276907,192379287.0,100,0,4048.5,0
2011,B0901050500000,Corumbiara,Vincent Carelli,Documentário,Vídeo Nas Aldeias,,Panda Filmes,PE,,1,280,1476.0,PE,1.0,0,2010,0,6,0,1,estreante,pequena,0.0,0.0,0.0,0.0,sem fomento,2.093246180755675,3089.6313627953764,192379287.0,100,0,4048.5,0
2011,B0800963900000,Crítico,Kleber Mendonça Filho,Documentário,Cinemascópio,,Vitrine Filmes,PE,,4,473,3171.82,PE,1.0,0,2010,0,2,0,1,estreante,nova,0.0,0.0,0.0,0.0,sem fomento,2.093246180755675,6639.400101044465,192379287.0,100,0,4048.5,0
2011,B1001303400000,Dawson Isla 10,Miguel Littin,Ficção,Vpc Cinemavídeo,,Imagem,BA,,11,3545,31921.67,BA,1.0,0,2010,0,14,0,1,estreante,pequena,0.0,1.0,0.0,1.0,só incentivo,2.093246180755675,66819.913810843,192379287.0,100,1,4048.5,0
2011,B1001305900000,De Pernas Pro Ar,Roberto Santucci,Ficção,Morena Filmes,,Downtown/Paris,RJ,,346,3506552,31033778.76,RJ,1.0,0,2010,1,0,4,0,iniciante,nova,1.0,1.0,1.0,1.0,FSA e incentivo,2.093246180755675,64961338.86378659,192379287.0,100,1,4048.5,1
2011,B1101515400000,Desaparecidos,David Schurman,Ficção,Schurmann Filmes,,Schürmann,SP,,21,9821,101249.85,SP,1.0,0,2010,1,0,0,0,iniciante,nova,0.0,0.0,0.0,0.0,sem fomento,2.093246180755675,211940.861814585,192379287.0,100,1,4048.5,1
2011,B1101459300000,Desassossego,Felipe Bragança,Ficção,Duas Mariola Filmes,,Vitrine Filmes,RJ,,5,358,1535.0,RJ,1.0,0,2010,0,2,0,1,estreante,nova,0.0,0.0,0.0,0.0,sem fomento,2.093246180755675,3213.1328874599612,192379287.0,100,0,4048.5,0
2011,B1001315900000,Desenrola,Rosane Svartman,Ficção,Raccord Produções,Globo Filmes,Downtown/Riofilme,RJ,RJ,138,331423,2673784.14,RJ,1.0,1,2010,2,3,5,0,iniciante,nova,1.0,1.0,1.0,1.0,FSA e incentivo,2.093246180755675,5596888.439220098,192379287.0,100,1,4048.5,1
2011,B1101413800000,Diário De Uma Busca,Flavia Castro,Documentário,Flavia Castro/Tambellini Filmes,,Videofilmes,-/RJ,,6,3658,34061.0,RJ,1.0,0,2010,0,22,0,1,estreante,media,0.0,1.0,0.0,1.0,só incentivo,2.093246180755675,71298.05816271904,192379287.0,100,1,4048.5,0
2011,B1001205900000,Domingos,Maria Ribeiro,Documentário,Forte Filmes/Prole De Adão Produção Artísticas,,Gávea Filmes E Produções,RJ/RJ,,4,735,5221.5,RJ,1.0,0,2010,0,2,0,1,estreante,nova,0.0,1.0,0.0,1.0,só incentivo,2.093246180755675,10929.884932815758,192379287.0,100,0,4048.5,0
2011,B1001192900000,Duas Mulheres,João Mário Grilo,Ficção,Taiga Filmes E Vídeo,,Pipa Produções,RJ,,2,232,1725.0,RJ,1.0,0,2010,0,3,5,1,estreante,nova,0.0,1.0,0.0,1.0,só incentivo,2.093246180755675,3610.849661803539,192379287.0,100,0,4048.5,0
2011,B1101442800000,E Aí Hendrix?,Pedro Paulo Carneiro/Roberto Lamounier,Documentário,Tvc Produções/Tvgd Produções,,Polifilmes,RJ/RJ,,1,141,1184.72,RJ,1.0,0,2010,0,16,0,1,estreante,pequena,0.0,0.0,0.0,0.0,sem fomento,2.093246180755675,2479.9106152648633,192379287.0,100,0,4048.5,0
2011,B1001187800000,Elvis E Madona,Marcelo Laffitte,Ficção,Focus Films/Laffilmes,Mariana Bezerra Cavalcanti,Pipa Produções,RJ/RJ,,38,11340,87287.23,RJ,1.0,1,2010,0,3,0,1,estreante,nova,0.0,0.0,0.0,0.0,sem fomento,2.093246180755675,182713.66082624218,192379287.0,100,1,4048.5,1
2011,B1101365800000,Embargo,António Ferreira,Ficção,Diler & Associados,,Raiz Distribuidora,RJ,,1,344,3242.05,RJ,1.0,0,2010,0,0,21,1,estreante,nova,0.0,0.0,0.0,0.0,sem fomento,2.093246180755675,6786.408780318937,192379287.0,100,0,4048.5,0
2011,B1101415000000,Estamos Juntos,Toni Venturi,Ficção,Aurora Filmes/Olhar Imaginário,Aurora Filmes,Imagem,SP/SP,SP,43,33187,266545.55,SP,1.0,1,2010,5,14,0,0,estabelecida,pequena,1.0,1.0,1.0,1.0,FSA e incentivo,2.093246180755675,557945.4545349207,192379287.0,100,1,4048.5,1
2011,B1001340200000,Estrada Para Ythaca,Guto Parente/Luiz Pretti/Pedro Diógenes/Ricardo Pretti,Ficção,Alumbramento,Guto Parente/Luiz Pretti/Pedro Diógenes/Ricardo Pretti,Vitrine Filmes,CE,,7,841,5402.5,CE,1.0,1,2010,0,2,0,1,estreante,nova,0.0,0.0,0.0,0.0,sem fomento,2.093246180755675,11308.762491532534,192379287.0,100,0,4048.5,0
2011,B1101389300000,Estrada Real Da Cachaça,Pedro Urano,Documentário,Grupo Novo De Cinema E Tv,,Vitrine Filmes,RJ,,6,1083,6788.5,RJ,1.0,0,2010,0,2,5,1,estreante,nova,0.0,0.0,0.0,0.0,sem fomento,2.093246180755675,14210.0016980599,192379287.0,100,0,4048.5,0
2011,B0800959600000,Eu Eu Eu José Lewgoy,Cláudio Kahns,Documentário,Tatu Filmes,,Polifilmes,SP,,1,236,2168.5,SP,1.0,0,2010,0,16,0,1,estreante,pequena,0.0,1.0,0.0,1.0,só incentivo,2.093246180755675,4539.204342968681,192379287.0,100,0,4048.5,0
2011,B1101422700000,Família Braz – Dois Tempos,Dorrit Harazim,Documentário,Conspiração Filmes,Videofilmes,Videofilmes,RJ,RJ,10,2907,30090.5,RJ,1.0,1,2010,0,22,10,1,estreante,media,0.0,0.0,0.0,0.0,sem fomento,2.093246180755675,62986.82420202864,192379287.0,100,1,4048.5,0
2011,B1101413400000,Família Vende Tudo,Alain Fresnot,Ficção,A.F. Cinema,,Playarte,SP,,154,112116,1009124.29,SP,1.0,0,2010,2,7,2,0,iniciante,pequena,0.0,1.0,0.0,1.0,só incentivo,2.093246180755675,2112345.5659502824,192379287.0,100,1,4048.5,1
2011,B1001284500000,"Filhos De João, Admirável Mundo Novo Baiano",Henrique Dantas,Documentário,Hamaca Filmes,Docdoma Filmes,Pipa Produções,BA,BA,22,20559,155523.08,BA,1.0,1,2010,0,3,0,1,estreante,nova,0.0,0.0,0.0,0.0,sem fomento,2.093246180755675,325548.0932293593,192379287.0,100,1,4048.5,1
2011,B1001190900000,Inversão,Edu Felistoque,Ficção,Olympus Filme,,Califórnia,SP,,3,136,885.0,SP,1.0,0,2010,0,5,1,1,estreante,pequena,0.0,0.0,0.0,0.0,sem fomento,2.093246180755675,1852.5228699687725,192379287.0,100,0,4048.5,0
2011,B1101457300000,Jardim Das Folhas Sagradas,Pola Ribeiro,Ficção,Studio Brasil Cinema E Televisão,,Polifilmes,BA,,16,16831,129699.44,BA,1.0,0,2010,0,16,0,1,estreante,pequena,0.0,1.0,0.0,1.0,só incentivo,2.093246180755675,271492.8574261498,192379287.0,100,1,4048.5,1
2011,B1001317800000,Leite E Ferro,Claudia Priscilla,Documentário,Paleo Tv/Válvula Produções,,Polifilmes,SP/SP,,3,364,3359.0,SP,1.0,0,2010,0,16,0,1,estreante,pequena,0.0,1.0,0.0,1.0,só incentivo,2.093246180755675,7031.213921158313,192379287.0,100,0,4048.5,0
2011,B1001276700000,Lixo Extraordinário,Karen Harley/João Jardim/Lucy Walker,Documentário,O2 Filmes,,Downtown,SP,,28,52472,405917.34,SP,1.0,0,2010,0,21,10,1,estreante,media,0.0,1.0,0.0,1.0,só incentivo,2.093246180755675,849684.9216575029,192379287.0,100,1,4048.5,1
2011,B1001321100000,Lope,Andrucha Waddington,Ficção,Conspiração Filmes,Teleimage,Warner,RJ,SP,25,32790,337065.0,RJ,1.0,1,2010,5,26,10,0,estabelecida,media,0.0,1.0,0.0,1.0,só incentivo,2.093246180755675,705560.0239164116,192379287.0,100,1,4048.5,1
2011,B1001259500000,Malu De Bicicleta,Flávio Ramos Tambellini,Ficção,Tambellini Filmes,,Downtown/Riofilme,RJ,,33,19083,161823.59,RJ,1.0,0,2010,2,3,6,0,iniciante,nova,0.0,0.0,0.0,0.0,sem fomento,2.093246180755675,338736.61172367225,192379287.0,100,1,4048.5,1
2011,B0901034700000,Mamonas Para Sempre,Cláudio Kahns,Documentário,Tatu Filmes,,Europa,SP,,34,20344,162100.25,SP,1.0,0,2010,0,8,0,1,estreante,pequena,0.0,1.0,0.0,1.0,só incentivo,2.093246180755675,339315.72921204014,192379287.0,100,1,4048.5,1
2011,B1001294000000,Marcha Da Vida,Jessica Sanders,Documentário,Conspiração Filmes/Filmland Internacional,,Europa,RJ/SP,,21,4089,37245.51,RJ,2.0,0,2010,0,8,0,1,estreante,pequena,0.0,1.0,0.0,1.0,só incentivo,2.093246180755675,77964.0215577973,192379287.0,100,1,4048.5,1
2011,B1101490400000,Meu País,André Ristum,Ficção,Gullane/Sombumbo Filmes,Imovision,Imovision,SP/SP,SP,43,39841,450479.5,SP,1.0,1,2010,0,26,0,1,estreante,media,1.0,1.0,1.0,1.0,FSA e incentivo,2.093246180755675,942964.4928837261,192379287.0,100,1,4048.5,1
2011,B1201546800000,Morro Do Céu,Gustavo Spolidoro,Documentário,Gusgus Cinema,Abepec/Fundação Piratini - Tve Rs/Gustavo Spolidoro,Vitrine Filmes,RS,SP/RS/-,5,367,1692.0,RS,1.0,1,2010,2,2,0,0,iniciante,nova,0.0,0.0,0.0,0.0,sem fomento,2.093246180755675,3541.772537838602,192379287.0,100,0,4048.5,0
2011,B1101368000000,Mulatas! Um Tufão Nos Quadris,Walmor Pamplona,Documentário,Carioca Filmes,,Carioca,RJ,,3,233,1605.75,RJ,1.0,0,2010,0,0,0,1,estreante,nova,0.0,0.0,0.0,0.0,sem fomento,2.093246180755675,3361.230054748425,192379287.0,100,0,4048.5,0
2011,B1101378300000,Natimorto,Paulo Machline,Ficção,Academia De Filmes/Camisa Treze Cultural,,Camisa Treze,SP/SP,,5,3194,33071.5,SP,1.0,0,2010,0,0,0,1,estreante,nova,0.0,1.0,0.0,1.0,só incentivo,2.093246180755675,69226.7910668613,192379287.0,100,1,4048.5,0
2011,B1001344800000,No Olho Da Rua,Rogério Corrêa,Ficção,Leão Filmes,Movi & Art/Cinegrama Filmes,Leão Filmes,SP,SP/SP,6,8141,13808.5,SP,1.0,1,2010,0,0,0,1,estreante,nova,0.0,1.0,0.0,1.0,só incentivo,2.093246180755675,28904.58988696474,192379287.0,100,1,4048.5,1
2011,B1001205400000,Não Se Pode Viver Sem Amor,Jorge Durán,Ficção,Deserto Filmes,,Pandora Filmes,RJ,,11,7618,52633.87,RJ,1.0,0,2010,1,6,1,0,iniciante,pequena,0.0,1.0,0.0,1.0,só incentivo,2.093246180755675,110175.6473558907,192379287.0,100,1,4048.5,1
2011,B1101438800000,"Não Se Preocupe, Nada Vai Dar Certo",Hugo Carvana,Ficção,Mac Comunicacão,Globo Filmes/Telecine/Lereby/Teleimage,Imagem,RJ,RJ/RJ/RJ/SP,121,141213,1256209.11,RJ,1.0,1,2010,3,14,3,0,estabelecida,pequena,0.0,1.0,0.0,1.0,só incentivo,2.093246180755675,2629554.9217379857,192379287.0,100,1,4048.5,1
2011,B1101373600000,O Céu Sobre Os Ombros,Sérgio Borges,Ficção,Orobó Filmes,,Vitrine Filmes,MG,,11,4008,30527.66,MG,1.0,0,2010,0,2,0,1,estreante,nova,0.0,0.0,0.0,0.0,sem fomento,2.093246180755675,63901.90770240779,192379287.0,100,1,4048.5,0
2011,B1101397500000,O Filme Dos Espíritos,André Marouço/Michel Dubret,Ficção,Mundo Maior Filmes,,Paris,SP,,160,320489,3092649.38,SP,1.0,0,2010,0,4,0,1,estreante,nova,0.0,0.0,0.0,0.0,sem fomento,2.093246180755675,6473676.503101406,192379287.0,100,1,4048.5,1
2011,B1101427400000,O Homem Do Futuro,Cláudio Torres,Ficção,Conspiração Filmes,,Paramount,RJ,,291,1211083,11498810.0,RJ,1.0,0,2010,3,6,10,0,estabelecida,pequena,0.0,1.0,0.0,1.0,só incentivo,2.093246180755675,24069840.115735162,192379287.0,100,1,4048.5,1
2011,B1101424800000,O Mineiro E O Queijo,Helvécio Ratton,Documentário,Quimera Filmes,,Espaço Filmes,MG,,9,5166,52846.15,MG,1.0,0,2010,5,11,4,0,estabelecida,pequena,0.0,1.0,0.0,1.0,só incentivo,2.093246180755675,110620.00165514152,192379287.0,100,1,4048.5,1
2011,B1101456100000,O Palhaço,Selton Mello,Ficção,Bananeira Filmes,,Imagem,RJ,,267,1243069,11903278.18,RJ,1.0,0,2010,1,14,2,0,iniciante,pequena,1.0,1.0,1.0,1.0,FSA e incentivo,2.093246180755675,24916491.588757362,192379287.0,100,1,4048.5,1
2011,B1001318100000,O Samba Que Mora Em Mim,Georgia Guerra-Peixe,Documentário,Bossa Nova Films,Georgia Guerra-Peixe,Pandora Filmes,SP,,7,1886,16095.16,SP,1.0,1,2010,0,6,0,1,estreante,pequena,0.0,1.0,0.0,1.0,só incentivo,2.093246180755675,33691.13219865151,192379287.0,100,0,4048.5,0
2011,B1001320600000,O Último Voo Do Flamingo,João Ribeiro,Ficção,Videofilmes,,Videofilmes,RJ,,7,1686,14159.5,RJ,1.0,0,2010,0,22,23,1,estreante,media,0.0,1.0,0.0,1.0,só incentivo,2.093246180755675,29639.31929640998,192379287.0,100,0,4048.5,0
2011,B1101461100000,Onde Está A Felicidade?,Carlos Alberto Riccelli,Ficção,Coração Da Selva,Pulsar Cinema,Fox,SP,SP,170,181680,1643220.39,SP,1.0,1,2010,1,28,2,0,iniciante,media,1.0,1.0,1.0,1.0,FSA e incentivo,2.093246180755675,3439664.8055073507,192379287.0,100,1,4048.5,1
2011,B1101491200000,Os 3,Nando Olival,Ficção,Della Rosa Produções,"Estação Lumiére Criação, Produções Artísticas E Cinematográficas/Teleimage",Warner,SP,SP/SP,26,22681,207465.0,SP,1.0,1,2010,0,26,0,1,estreante,media,0.0,1.0,0.0,1.0,só incentivo,2.093246180755675,434275.31889047613,192379287.0,100,1,4048.5,1
2011,B1101472100000,Os Monstros,Guto Parente/Luiz Pretti/Pedro Diógenes/Ricardo Pretti,Ficção,Alumbramento,,Vitrine Filmes,CE,,5,428,2122.5,CE,1.0,0,2010,0,2,0,1,estreante,nova,0.0,0.0,0.0,0.0,sem fomento,2.093246180755675,4442.91501865392,192379287.0,100,0,4048.5,0
2011,B1101460700000,Os Residentes,Thiago Mata Machado,Ficção,Katásia Filmes,,Vitrine Filmes,MG,,4,949,5159.1,MG,1.0,0,2010,0,2,0,1,estreante,nova,0.0,1.0,0.0,1.0,só incentivo,2.093246180755675,10799.266371136604,192379287.0,100,0,4048.5,0
2011,B1001193400000,Pacific,Marcelo Pedroso,Documentário,Símio Filmes,,Vitrine Filmes,PE,,6,634,2921.5,PE,1.0,0,2010,0,2,1,1,estreante,nova,0.0,0.0,0.0,0.0,sem fomento,2.093246180755675,6115.418717077705,192379287.0,100,0,4048.5,0
2011,B1101497100000,Palavra Cantada 3D,Carlos Eduardo Magalhães/Marcelo Siqueira,Videomusical,Palavra Cantada Produções Musicais,,Cinemark Brasil,SP,,53,21842,291939.0,SP,1.0,0,2010,0,0,0,1,estreante,nova,0.0,0.0,0.0,0.0,sem fomento,2.093246180755675,611100.196763631,192379287.0,100,1,4048.5,1
2011,B1101460100000,Ponto Final,Marcelo Taranto,Ficção,Mt Filmes,,Pipa Produções,RJ,,2,193,1741.0,RJ,1.0,0,2010,1,3,1,0,iniciante,nova,0.0,1.0,0.0,1.0,só incentivo,2.093246180755675,3644.3416006956304,192379287.0,100,0,4048.5,0
2011,B1101435200000,Porta A Porta – A Política Em Dois Tempos,Marcelo Brennand,Documentário,Zefiro Filmes,,Zéfiro Produções,PE,,,,,PE,1.0,0,2010,0,0,0,1,estreante,nova,0.0,0.0,0.0,0.0,sem fomento,2.093246180755675,,192379287.0,100,,4048.5,
2011,B1101510800000,Prova De Artista,José Joffily,Documentário,Coevo Filmes,,Formosa Filmes,RJ,,9,1388,11362.55,RJ,1.0,0,2010,5,0,4,0,estabelecida,nova,0.0,0.0,0.0,0.0,sem fomento,2.093246180755675,23784.614391145395,192379287.0,100,0,4048.5,0
2011,B1101431800000,Qualquer Gato,Tomas Portella,Ficção,Tietê Produções,Globo Filmes,Disney,RJ,RJ,206,1194628,10742238.99,RJ,1.0,1,2010,0,5,1,1,estreante,pequena,0.0,1.0,0.0,1.0,só incentivo,2.093246180755675,22486150.7385822,192379287.0,100,1,4048.5,1
2011,B1001224800000,Quebradeiras,Evaldo Mocarzel,Documentário,Casa Azul Produções,,Raiz Distribuidora,SP,,1,38,391.0,SP,1.0,0,2010,7,0,3,0,veterana,nova,0.0,0.0,0.0,0.0,sem fomento,2.093246180755675,818.459256675469,192379287.0,100,0,4048.5,0
2011,B1101411000000,Quebrando O Tabu,Fernando Grostein Andrade,Documentário,Spray Filmes,,Espaço Filmes,SP,,16,24971,254802.99,SP,1.0,0,2010,1,11,0,0,iniciante,pequena,0.0,0.0,0.0,0.0,sem fomento,2.093246180755675,533365.3856626265,192379287.0,100,1,4048.5,1
2011,B1001296100000,"Reidy, A Construção Da Utopia",Ana Maria Magalhães,Documentário,Nova Era Produções,,Espaço Filmes,RJ,,11,4320,47300.36,RJ,1.0,0,2010,1,11,1,0,iniciante,pequena,0.0,1.0,0.0,1.0,só incentivo,2.093246180755675,99011.29791836851,192379287.0,100,1,4048.5,1
2011,B1101443200000,Riscado,Gustavo Pizzi,Ficção,Cavideo Produções,,Filmes Do Estação,RJ,,8,4357,37717.05,RJ,1.0,0,2010,1,18,1,0,iniciante,pequena,0.0,0.0,0.0,0.0,sem fomento,2.093246180755675,78951.07086187084,192379287.0,100,1,4048.5,1
2011,B1101461600000,Rock Brasília - Era De Ouro,Vladimir Carvalho,Documentário,Ligocki Entretenimento/Vladimir Carvalho,Canal Brasil,Downtown,DF/DF,RJ,60,34886,340724.75,DF,1.0,1,2010,2,21,0,0,iniciante,media,0.0,0.0,0.0,0.0,sem fomento,2.093246180755675,713220.7816264322,192379287.0,100,1,4048.5,1
2011,B1101498800000,Rádio Nacional,Paulo Roscio,Documentário,Business Telecom,,Business Telecom,RJ,,4,798,3958.0,RJ,1.0,0,2010,1,1,1,0,iniciante,nova,0.0,0.0,0.0,0.0,sem fomento,2.093246180755675,8285.068383430962,192379287.0,100,0,4048.5,0
2011,B1101397900000,Sequestro,Jorge Wolney Atalla,Documentário,Yukon Filmworks,Midmix Entretenimento/Filmland Internacional,Downtown,SP,RJ/SP,2,648,8114.0,SP,1.0,1,2010,0,21,0,1,estreante,media,0.0,1.0,0.0,1.0,só incentivo,2.093246180755675,16984.599510651547,192379287.0,100,0,4048.5,0
2011,B1001307300000,Simples Mortais,Mauro Giuntini,Ficção,Plateau Filmes,Asacine Produções,Polifilmes,DF,DF,4,1015,8385.0,DF,1.0,1,2010,0,16,0,1,estreante,pequena,0.0,0.0,0.0,0.0,sem fomento,2.093246180755675,17551.869225636336,192379287.0,100,0,4048.5,0
2011,B1001324700000,Solidão E Fé,Tatiana Lohmann,Documentário,Miração Filmes,,Miração Filmes,SP,,3,828,3201.59,SP,1.0,0,2010,0,1,1,1,estreante,nova,0.0,1.0,0.0,1.0,só incentivo,2.093246180755675,6701.716039845562,192379287.0,100,0,4048.5,0
2011,B1101428500000,Tancredo Neves - A Travessia,Silvio Tendler,Documentário,Intervídeo Digital,,Downtown,RJ,,4,2411,26376.5,RJ,1.0,0,2010,3,21,0,0,estabelecida,media,0.0,0.0,0.0,0.0,sem fomento,2.093246180755675,55212.507886702064,192379287.0,100,0,4048.5,0
2011,B0901098400000,Todo Mundo Tem Problemas Sexuais,Domingos De Oliveira,Ficção,4004 - Produções De Arte,Teatro Ilustre Produções Artísticas,Filmes Do Estação,RJ,RJ,34,70673,613486.67,RJ,1.0,1,2010,5,18,0,0,estabelecida,pequena,0.0,1.0,0.0,1.0,só incentivo,2.093246180755675,1284178.6289220173,192379287.0,100,1,4048.5,1
2011,B1001314100000,Top Models – Um Conto De Fadas Brasileiro,Richard Luiz,Documentário,In-Mod Instituto Nacional De Moda E Design/Luminosidade,,Espaço Filmes,SP/SP,,9,870,8759.0,SP,1.0,0,2010,0,11,0,1,estreante,pequena,0.0,0.0,0.0,0.0,sem fomento,2.093246180755675,18334.743297238958,192379287.0,100,0,4048.5,0
2011,B1101426200000,Trabalhar Cansa,Juliana Rojas/Marco Dutra,Ficção,Dezenove Som E Imagens,,Polifilmes,SP,,10,6969,69866.25,SP,1.0,0,2010,0,16,5,1,estreante,pequena,0.0,1.0,0.0,1.0,só incentivo,2.093246180755675,146247.26097622118,192379287.0,100,1,4048.5,1
2011,B0901101100000,Transcendendo Lynch,Marcos Andrade,Documentário,Quantum Produções Artísticas,,Espaço Filmes,RJ,,10,1303,11638.0,RJ,1.0,0,2010,0,11,0,1,estreante,pequena,0.0,0.0,0.0,0.0,sem fomento,2.093246180755675,24361.199051634547,192379287.0,100,0,4048.5,0
2011,B1101425400000,Transeunte,Eryk Rocha,Ficção,Videofilmes,,Videofilmes,RJ,,5,2072,16757.42,RJ,1.0,0,2010,3,22,23,0,estabelecida,media,1.0,1.0,1.0,1.0,FSA e incentivo,2.093246180755675,35077.40541431876,192379287.0,100,0,4048.5,0
2011,B1101519400000,Um Assalto De Fé,Cibele Amaral,Ficção,34 Filmes/Ipam - Instituto De Pesquisa Ação E Mobilização,,Ab Filmes/Festival Filmes,DF/DF,,5,4386,43839.91,DF,1.0,0,2010,0,0,0,1,estreante,nova,0.0,1.0,0.0,1.0,só incentivo,2.093246180755675,91767.72417217253,192379287.0,100,1,4048.5,1
2011,B1101350700000,Uma Professora Muito Maluquinha,César Rodrigues,Ficção,Diler & Associados,,Downtown/Riofilme,RJ,,48,67904,537596.12,RJ,1.0,0,2010,1,3,21,0,iniciante,nova,0.0,1.0,0.0,1.0,só incentivo,2.093246180755675,1125321.0249790696,192379287.0,100,1,4048.5,1
2011,B1001330400000,Vips,Toniko Melo,Ficção,O2 Filmes,,Universal,SP,,180,593855,5881648.0,SP,1.0,0,2010,0,5,10,1,estreante,pequena,0.0,1.0,0.0,1.0,só incentivo,2.093246180755675,12311737.212549254,192379287.0,100,1,4048.5,1
2011,B1101366300000,Vips - Histórias Reais De Um Mentiroso,Mariana Caltabiano,Documentário,Mariana Caltabiano Criações,Teleimage,Imovision,SP,SP,2,927,10980.0,SP,1.0,1,2010,0,26,0,1,estreante,media,0.0,1.0,0.0,1.0,só incentivo,2.093246180755675,22983.84306469731,192379287.0,100,0,4048.5,0
2011,B1001193200000,Walachai,Rejane Zilles,Documentário,Zilles Produções Culturais,Okna Produções/Artesanato Digital Produções/Traquitana Filmes,Ciclorama Filmes,RJ,RS/RJ/RJ,8,1262,11903.08,RJ,1.0,1,2010,0,1,0,1,estreante,nova,0.0,0.0,0.0,0.0,sem fomento,2.093246180755675,24916.07674922926,192379287.0,100,0,4048.5,0
2011,B0800959200000,À Margem Do Lixo,Evaldo Mocarzel,Documentário,Casa Azul Produções,,Raiz Distribuidora,SP,,5,233,1493.53,SP,1.0,0,2010,7,0,3,0,veterana,nova,0.0,1.0,0.0,1.0,só incentivo,2.093246180755675,3126.3259683440233,192379287.0,100,0,4048.5,0
2012,B1201568300000,31 Minutos – O Filme,Álvaro Díaz/Pedro Peirano,Ficção,Total Entertainment,,H2O Films/Riofilme,RJ,,129,59052,428958.47,RJ,1.0,0,2010,0,0,8,1,estreante,nova,0.0,1.0,0.0,1.0,só incentivo,1.9859336203196984,851883.0472938986,193904015.0,83,1,5867.5,1
2012,B1201617100000,5 X Pacificação,Cadu Barcelos/Luciano Vidigal/Rodrigo Felha/Wagner Novais,Documentário,Luz Mágica Produções,,H2O Films/Riofilme,RJ,,16,6296,40665.5,RJ,1.0,0,2010,0,0,2,1,estreante,nova,0.0,0.0,0.0,0.0,sem fomento,1.9859336203196984,80758.9836371107,193904015.0,83,1,5867.5,1
2012,B1101537900000,A Música Segundo Tom Jobim,Dora Jobim/Nelson Pereira Dos Santos,Documentário,Regina Filmes,,Sony,RJ,,21,74901,863590.25,RJ,1.0,0,2010,0,12,0,1,estreante,pequena,0.0,1.0,0.0,1.0,só incentivo,1.9859336203196984,1715032.9116552935,193904015.0,83,1,5867.5,1
2012,B1201572300000,A Novela Das Oito,Odilon Rocha,Ficção,Geração Conteúdo/Odilon Rocha,,Universal,SP/-,,21,5147,50074.0,SP,1.0,0,2010,0,6,0,1,estreante,pequena,0.0,1.0,0.0,1.0,só incentivo,1.9859336203196984,99443.64010388858,193904015.0,83,1,5867.5,0
2012,B1101510400000,Antônio Conselheiro – O Taumaturgo Dos Sertões,José Walter Lima,Ficção,Vpc Cinemavídeo,,Vpc Cinemavídeo,BA,,6,1856,14074.5,BA,1.0,0,2010,0,0,1,1,estreante,nova,0.0,0.0,0.0,0.0,sem fomento,1.9859336203196984,27951.022739189597,193904015.0,83,0,5867.5,0
2012,B1201569200000,Argus Montenegro E A Instabilidade Do Tempo Forte,Pedro Isaias Lucas,Documentário,Artéria Filmes,Okna Produções,Okna Produções,RS,RS,2,447,2207.0,RS,1.0,1,2010,0,1,0,1,estreante,nova,0.0,0.0,0.0,0.0,sem fomento,1.9859336203196984,4382.955500045575,193904015.0,83,0,5867.5,0
2012,B1101519200000,"As Aventuras De Agamenon, O Repórter",Victor Lopes,Ficção,Globo Filmes,Tambellini Filmes/Aranha Redatores/M Madureira Redatores/Sambascope Produções,Downtown/Paris/Riofilme,RJ,RJ/RJ/RJ/RJ,244,937980,9335915.91,RJ,1.0,1,2010,2,1,8,0,iniciante,nova,1.0,1.0,1.0,1.0,FSA e incentivo,1.9859336203196984,18540509.282146573,193904015.0,83,1,5867.5,1
2012,B1201670700000,"Astro, Uma Fábula Urbana Em Um Rio De Janeiro Mágico",Paula Trabulsi,Ficção,Asas,Bossa Nova Films,Elo Company,SP,SP,7,681,8576.42,SP,1.0,1,2010,0,0,0,1,estreante,nova,0.0,1.0,0.0,1.0,só incentivo,1.9859336203196984,17032.200819982267,193904015.0,83,0,5867.5,0
2012,B1201657700000,Até Que A Sorte Nos Separe,Roberto Santucci,Ficção,Gullane,Globo Filmes/Telecine,Downtown/Paris/Riofilme,SP,RJ/RJ,425,3417510,34712891.76,SP,1.0,1,2010,2,1,5,0,iniciante,nova,1.0,1.0,1.0,1.0,FSA e incentivo,1.9859336203196984,68937498.80470262,193904015.0,83,1,5867.5,1
2012,B1101537800000,Billi Pig,José Eduardo Belmonte,Ficção,Bananeira Filmes,Film Noise/Globo Filmes,Imagem,RJ,SP/RJ,211,257664,2483318.24,RJ,1.0,1,2010,3,21,3,0,estabelecida,media,2.0,1.0,1.0,1.0,FSA e incentivo,1.9859336203196984,4931705.182769142,193904015.0,83,1,5867.5,1
2012,B1201623700000,Boca,Flavio Frederico,Ficção,Kinoscópio,Tc Filmes,Vinny Filmes,SP,SP,26,11959,125472.38,SP,1.0,1,2010,1,0,1,0,iniciante,nova,1.0,1.0,1.0,1.0,FSA e incentivo,1.9859336203196984,249179.81786352894,193904015.0,83,1,5867.5,1
2012,B1201627800000,Brichos - A Floresta É Nossa,Paulo Munhoz,Animação,Tecnokena,,Signopus,PR,,26,16593,134098.41,PR,1.0,0,2010,0,0,1,1,estreante,nova,0.0,1.0,0.0,1.0,só incentivo,1.9859336203196984,266310.54085041524,193904015.0,83,1,5867.5,1
2012,B1201586300000,Cara Ou Coroa,Ugo Giorgetti,Ficção,Sp Filmes De São Paulo,Bossa Nova Films/Sp Filmes De São Paulo/Secretaria Municipal De Cultura De São Paulo/Locall,Espaço Filmes,SP,SP/SP/SP/SP,14,7719,83655.05,SP,1.0,1,2010,5,20,5,0,estabelecida,media,1.0,1.0,1.0,1.0,FSA e incentivo,1.9859336203196984,166133.3763045254,193904015.0,83,1,5867.5,1
2012,B1101504000000,Circular,Adriano Esturilho/Aly Muritiba/Bruno De Oliveira/Diego Florentino/Fábio Allon,Ficção,Grafo Audiovisual/Processo Multiartes,,Grafo Audiovisual,PR/PR,,4,2068,17365.1,PR,1.0,0,2010,0,0,0,1,estreante,nova,0.0,0.0,0.0,0.0,sem fomento,1.9859336203196984,34485.93591021359,193904015.0,83,0,5867.5,0
2012,B1201641300000,Clementina De Jesus - Rainha Quelé,Werinton Kermes,Documentário,Werinton Kermes,,Werinton Kermes,SP,,,,,SP,1.0,0,2010,0,0,0,1,estreante,nova,0.0,0.0,0.0,0.0,sem fomento,1.9859336203196984,,193904015.0,83,,5867.5,
2012,B1201663500000,Cocoricó Conta Clássicos,Fernando Gomes,Ficção,Tv Cultura,,Mobz,SP,,13,2770,34233.47,SP,1.0,0,2010,1,0,2,0,iniciante,nova,0.0,0.0,0.0,0.0,sem fomento,1.9859336203196984,67985.3990132058,193904015.0,83,0,5867.5,0
2012,B1201564400000,Constantino,Otavio Cury,Documentário,In Brasil Cultural/Outros Filmes,,Outros Filmes Produções,SP/SP,,1,472,2933.5,SP,1.0,0,2010,0,0,0,1,estreante,nova,0.0,1.0,0.0,1.0,só incentivo,1.9859336203196984,5825.736275207835,193904015.0,83,0,5867.5,0
2012,B1201613900000,Construção,Carolina Sá,Documentário,Doralice Filmes/Samba Filmes,,Espaço Filmes,RJ/RJ,,6,909,10547.19,RJ,1.0,0,2010,0,20,0,1,estreante,media,0.0,1.0,0.0,1.0,só incentivo,1.9859336203196984,20946.01922089972,193904015.0,83,0,5867.5,0
2012,B1201676700000,Contos Gauchescos,Henrique De Freitas Lima,Ficção,Cinematográfica Pampeana,,Empresa Cinematográfica Pampeana,RS,,6,970,8524.81,RS,1.0,0,2010,2,0,1,0,iniciante,nova,0.0,0.0,0.0,0.0,sem fomento,1.9859336203196984,16929.706785837567,193904015.0,83,0,5867.5,0
2012,B1101524900000,Coração Do Samba,Theresa Jessouroun,Documentário,Kinofilmes,Ebc Tv Brasil/Tv Zero Cinema,Kinofilmes Produções,RJ,DF/RJ,1,291,3233.0,RJ,1.0,1,2010,0,0,0,1,estreante,nova,0.0,0.0,0.0,0.0,sem fomento,1.9859336203196984,6420.523394493585,193904015.0,83,0,5867.5,0
2012,B1101420100000,Corações Sujos,Vicente Amorim,Ficção,Mixer Films,Globo Filmes/Lereby,Downtown,SP,RJ/RJ,35,42297,452177.72,SP,1.0,1,2010,1,25,0,0,iniciante,media,2.0,2.0,1.0,1.0,FSA e incentivo,1.9859336203196984,897994.9365075069,193904015.0,83,1,5867.5,1
2012,B1201630700000,Curitiba Zero Grau,Eloi Pires Ferreira,Ficção,Camarada Filmes/Tigre Produções Cinematográficas,,Tigre Produções Cinematográficas,PR/PR,,8,19674,47125.51,PR,1.0,0,2010,1,0,0,0,iniciante,nova,0.0,1.0,0.0,1.0,só incentivo,1.9859336203196984,93588.13468371215,193904015.0,83,1,5867.5,1
2012,B1201676800000,De Pernas Pro Ar 2,Roberto Santucci,Ficção,Morena Filmes,Globo Filmes/Marcelo Saback/Paulo Cursino,Downtown/Paris/Riofilme,RJ,RJ/-/-,718,4846273,50312134.36,RJ,1.0,1,2010,2,1,5,0,iniciante,nova,0.0,1.0,0.0,1.0,só incentivo,1.9859336203196984,99916559.13556589,193904015.0,83,1,5867.5,1
2012,B1201541400000,Dia De Preto,Daniel Mattos/Marcial Renato/Marcos Felipe,Ficção,Maxie Demian,Cinerama Brasilis,Maxie Demian,RJ,RJ,6,283,2015.0,RJ,1.0,1,2010,0,0,0,1,estreante,nova,0.0,0.0,0.0,0.0,sem fomento,1.9859336203196984,4001.656244944192,193904015.0,83,0,5867.5,0
2012,B1201686700000,Dino Cazzola – Uma Filmografia De Brasília,Andrea Prates/Cleisson Vidal,Documentário,Terra Firme Produtora,,Terra Firme,SP,,3,548,5776.0,SP,1.0,0,2010,0,0,0,1,estreante,nova,0.0,0.0,0.0,0.0,sem fomento,1.9859336203196984,11470.752590966578,193904015.0,83,0,5867.5,0
2012,B1201652600000,Disparos,Juliana Reis,Ficção,Escrevendo & Filmes,Diversid´Arte Produções,H2O Films,RJ,RJ,16,5255,49491.55,RJ,1.0,1,2010,0,0,0,1,estreante,nova,0.0,1.0,0.0,1.0,só incentivo,1.9859336203196984,98286.93306673337,193904015.0,83,1,5867.5,0
2012,B1101535300000,Dois Coelhos,Afonso Poyart,Ficção,Black Maria,,Imagem,SP,,236,336460,3315434.89,SP,1.0,0,2010,0,21,0,1,estreante,media,0.0,0.0,0.0,0.0,sem fomento,1.9859336203196984,6584233.614031942,193904015.0,83,1,5867.5,1
2012,B1201586400000,E A Vida Continua,Paulo Figueiredo,Ficção,Verouvir Produções/Versátil Digital Filmes,,Paris,SP/SP,,139,370842,3880872.74,SP,1.0,0,2010,0,7,0,1,estreante,pequena,0.0,0.0,0.0,0.0,sem fomento,1.9859336203196984,7707155.650548228,193904015.0,83,1,5867.5,1
2012,B1201586000000,"E Aí, Comeu?",Felipe Joffily,Ficção,Casé Filmes,,Downtown/Paris/Riofilme,RJ,,514,2578599,26078324.43,RJ,1.0,0,2010,2,1,1,0,iniciante,nova,1.0,1.0,1.0,1.0,FSA e incentivo,1.9859336203196984,51789821.24714153,193904015.0,83,1,5867.5,1
2012,B1201642000000,"Era Uma Vez Eu, Verônica",Marcelo Gomes,Ficção,Rec Produtores Associados,Dezenove Som E Imagens,Imovision,PE,SP,13,20956,212485.09,PE,1.0,1,2010,1,28,3,0,iniciante,media,0.0,1.0,0.0,1.0,só incentivo,1.9859336203196984,421981.2840476569,193904015.0,83,1,5867.5,1
2012,B1201682400000,Espia Só,Saturnino Rocha,Documentário,Guarujá Produções,,Ciclorama Filmes,RS,,4,322,1692.0,RS,1.0,0,2010,1,2,0,0,iniciante,nova,0.0,1.0,0.0,1.0,só incentivo,1.9859336203196984,3360.19968558093,193904015.0,83,0,5867.5,0
2012,B1101528200000,Eu Receberia As Piores Notícias Dos Seus Lindos Lábios,Beto Brant/Renato Ciasca,Ficção,Drama Filmes,,Sony/Riofilme,SP,,32,47366,538578.75,SP,1.0,0,2010,1,1,4,0,iniciante,nova,1.0,1.0,1.0,1.0,FSA e incentivo,1.9859336203196984,1069581.6468147577,193904015.0,83,1,5867.5,1
2012,B1201564700000,Expedicionários,Otavio Cury,Documentário,In Brasil Cultural/Outros Filmes,,Outros Filmes Produções,SP/SP,,2,104,546.5,SP,1.0,0,2010,0,0,0,1,estreante,nova,0.0,0.0,0.0,0.0,sem fomento,1.9859336203196984,1085.3127235047152,193904015.0,83,0,5867.5,0
2012,B1201573200000,Febre Do Rato,Claudio Assis,Ficção,Belavista Cinema E Produção/Polo De Imagem,Perdidas Ilusões/República Pureza Filmes,Imovision,RJ/SP,PE/RJ,10,29073,247282.58,RJ,2.0,1,2010,2,28,0,0,iniciante,media,1.0,2.0,1.0,1.0,FSA e incentivo,1.9859336203196984,491086.78934139543,193904015.0,83,1,5867.5,1
2012,B1201646900000,Futuro Do Pretérito: Tropicalismo Now!,Francisco Cesar Filho/Ninho Moraes,Documentário,Anhangabau Produções,Ana De Oliveira,Vitrine Filmes,SP,,3,730,7064.11,SP,1.0,1,2010,0,15,1,1,estreante,pequena,0.0,1.0,0.0,1.0,só incentivo,1.9859336203196984,14028.853546636585,193904015.0,83,0,5867.5,0
2012,B1201558400000,Girimunho,Clarissa Campolina/Helvécio Marins Jr.,Ficção,Anavilhana,Dezenove Som E Imagens,Vitrine Filmes,MG,SP,10,5163,34818.9,MG,1.0,1,2010,0,15,2,1,estreante,pequena,0.0,1.0,0.0,1.0,só incentivo,1.9859336203196984,69148.02413254954,193904015.0,83,1,5867.5,0
2012,B1201647100000,Gonzaga - De Pai Para Filho,Breno Silveira,Ficção,Conspiração Filmes/D+Filmes,Globo Filmes/Guel Produtora,Downtown/Paris/Riofilme,RJ/RJ,RJ/RJ,407,1460494,14654783.8,RJ,1.0,1,2010,2,1,0,0,iniciante,nova,0.0,1.0,0.0,1.0,só incentivo,1.9859336203196984,29103427.846936468,193904015.0,83,1,5867.5,1
2012,B1201553500000,Heleno,José Henrique Fonseca,Ficção,Rt Features/Zola Filmes,,Downtown/Riofilme,SP/RJ,,64,91798,1009429.37,SP,2.0,0,2010,1,6,0,0,iniciante,pequena,1.0,1.0,1.0,1.0,FSA e incentivo,1.9859336203196984,2004659.7232211323,193904015.0,83,1,5867.5,1
2012,B1101414400000,Histórias Que Só Existem Quando Lembradas,Julia Murat,Ficção,Taiga Filmes E Vídeo,,Vitrine Filmes,RJ,,6,8836,81785.73,RJ,1.0,0,2010,0,15,6,1,estreante,pequena,1.0,0.0,1.0,0.0,só FSA,1.9859336203196984,162421.03086938936,193904015.0,83,1,5867.5,1
2012,B0700792400000,Hotxuá,Gringo Cardia/Leticia Sabatella,Documentário,Pedra Corrida Produções,,Caliban,RJ,,4,4493,40278.5,RJ,1.0,0,2010,0,2,1,1,estreante,nova,0.0,0.0,0.0,0.0,sem fomento,1.9859336203196984,79990.42732604698,193904015.0,83,1,5867.5,0
2012,B1201543900000,"Ibitipoca, Droba Pra Lá",Felipe Scaldini,Documentário,Ferro Velho Filmes,,Lume Produções Cinematográficas,MG,,1,816,5318.76,MG,1.0,0,2010,0,0,0,1,estreante,nova,0.0,0.0,0.0,0.0,sem fomento,1.9859336203196984,10562.7043024116,193904015.0,83,0,5867.5,0
2012,B1201674600000,Infância Clandestina,Benjamin Ávila,Ficção,Academia De Filmes,,Imovision,SP,,17,32908,379217.12,SP,1.0,0,2010,0,28,1,1,estreante,media,0.0,0.0,0.0,0.0,sem fomento,1.9859336203196984,753100.0280088095,193904015.0,83,1,5867.5,1
2012,B1201650700000,Luto Em Luta,Pedro Serrano,Documentário,Like Filmes,,Like Filmes,SP,,,,,SP,1.0,0,2010,0,0,0,1,estreante,nova,0.0,0.0,0.0,0.0,sem fomento,1.9859336203196984,,193904015.0,83,,5867.5,
2012,B1001290000000,Luz Nas Trevas - A Volta Do Bandido Da Luz Vermelha,Ícaro Martins/Helena Ignez,Ficção,Mercúrio Produções,Canal Brasil,Mercúrio Produções,SP,RJ,10,9489,42378.9,SP,1.0,1,2010,0,0,2,1,estreante,nova,0.0,1.0,0.0,1.0,só incentivo,1.9859336203196984,84161.68230216647,193904015.0,83,1,5867.5,1
2012,B1201673600000,Marcelo Yuka No Caminho Das Setas,Daniela Broitman,Documentário,Videoforum Filmes,,Tucumán,SP,,9,2546,14303.68,SP,1.0,0,2010,1,0,1,0,iniciante,nova,0.0,1.0,0.0,1.0,só incentivo,1.9859336203196984,28406.159006294463,193904015.0,83,0,5867.5,0
2012,B1201622800000,Marighella,Isa Grinspum Ferraz,Documentário,Texto & Imagem,Tc Filmes/Carlos Augusto Marighella,Downtown,SP,SP/-,12,5439,52679.3,SP,1.0,1,2010,0,25,0,1,estreante,media,0.0,1.0,0.0,1.0,só incentivo,1.9859336203196984,104617.5929649075,193904015.0,83,1,5867.5,0
2012,B1201616800000,Menos Que Nada,Carlos Gerbase,Ficção,Prana Filmes,,Prana Filmes,RS,,9,1640,11253.9,RS,1.0,0,2010,4,1,1,0,estabelecida,nova,0.0,1.0,0.0,1.0,só incentivo,1.9859336203196984,22349.498369715853,193904015.0,83,0,5867.5,0
2012,B1201663700000,Muito Além Do Peso,Estela Renner,Documentário,Maria Farinha Filmes,,Ideias Maria Farinha,SP,,10,2744,29153.99,SP,1.0,0,2010,0,0,0,1,estreante,nova,0.0,0.0,0.0,0.0,sem fomento,1.9859336203196984,57897.88890746429,193904015.0,83,0,5867.5,0
2012,B1201589400000,Mulher À Tarde,Affonso Uchôa,Ficção,Affonso Uchôa,88 Produções,Affonso Uchôa,MG,MG,3,321,1488.5,MG,1.0,1,2010,0,0,0,1,estreante,nova,0.0,0.0,0.0,0.0,sem fomento,1.9859336203196984,2956.062193845871,193904015.0,83,0,5867.5,0
2012,B1101473200000,Mãe E Filha,Petrus Cariry,Ficção,Iluminura Filmes,,Lume Produções Cinematográficas,CE,,3,670,4277.55,CE,1.0,0,2010,1,0,1,0,iniciante,nova,0.0,0.0,0.0,0.0,sem fomento,1.9859336203196984,8494.930357598527,193904015.0,83,0,5867.5,0
2012,B1201571900000,Na Estrada - On The Road,Walter Salles,Ficção,Videofilmes,,Playarte,RJ,,118,289507,3310019.59,RJ,1.0,0,2010,2,8,26,0,iniciante,pequena,0.0,0.0,0.0,0.0,sem fomento,1.9859336203196984,6573479.187697823,193904015.0,83,1,5867.5,1
2012,B1101457200000,O Contestado – Restos Mortais,Sylvio Back,Documentário,Usina De Kyno,,Espaço Filmes,PR,,6,2647,30907.22,PR,1.0,0,2010,3,20,3,0,estabelecida,media,0.0,1.0,0.0,1.0,só incentivo,1.9859336203196984,61379.687308617395,193904015.0,83,0,5867.5,0
2012,B1201628500000,O Diário De Tati,Mauro Farias,Ficção,Bang Filmes,Globo Filmes/Vinny Filmes,Vinny Filmes,RJ,RJ/SP,102,206991,1788157.7,RJ,1.0,1,2010,1,0,0,0,iniciante,nova,0.0,1.0,0.0,1.0,só incentivo,1.9859336203196984,3551162.494863545,193904015.0,83,1,5867.5,1
2012,B1101527800000,O Homem Que Não Dormia,Edgard Navarro,Ficção,Truque,,Pandora Filmes,BA,,6,4047,30791.34,BA,1.0,0,2010,1,9,3,0,iniciante,pequena,1.0,1.0,1.0,1.0,FSA e incentivo,1.9859336203196984,61149.557320694745,193904015.0,83,1,5867.5,0
2012,B1101512800000,O Liberdade,Cintia Langie/Rafael Andreazza,Documentário,Moviola Filmes,,Moviola Filmes,RS,,1,527,3009.0,RS,1.0,0,2010,0,0,0,1,estreante,nova,0.0,0.0,0.0,0.0,sem fomento,1.9859336203196984,5975.674263541972,193904015.0,83,0,5867.5,0
2012,B1101377500000,O Manuscrito Perdido,José Barahona,Documentário,Refinaria Filmes,,Refinaria Produções,RJ,,2,145,1012.0,RJ,1.0,0,2010,0,0,0,1,estreante,nova,0.0,0.0,0.0,0.0,sem fomento,1.9859336203196984,2009.7648237635349,193904015.0,83,0,5867.5,0
2012,B0700640600000,Onde A Coruja Dorme,Marcia Derraik/Simplicio Neto,Documentário,Tv Zero Produções,,Riofilme,RJ,,8,3649,34380.5,RJ,1.0,0,2010,0,144,3,1,estreante,grande,1.0,1.0,1.0,1.0,FSA e incentivo,1.9859336203196984,68277.3908334014,193904015.0,83,1,5867.5,0
2012,B1201681100000,Os Penetras,Andrucha Waddington,Ficção,Conspiração Filmes,Globo Filmes/Lereby/Teleimage,Warner,RJ,RJ/RJ/SP,330,2548441,25613581.0,RJ,1.0,1,2010,6,28,13,0,veterana,media,0.0,1.0,0.0,1.0,só incentivo,1.9859336203196984,50866871.64468184,193904015.0,83,1,5867.5,1
2012,B1201554600000,Paralelo 10,Silvio Da-Rin,Documentário,Diálogo Comunicação,,Gávea Filmes E Produções,RJ,,6,2210,13480.21,RJ,1.0,0,2010,1,3,0,0,iniciante,nova,0.0,1.0,0.0,1.0,só incentivo,1.9859336203196984,26770.8022479698,193904015.0,83,0,5867.5,0
2012,B1101509000000,Paraísos Artificiais,Marcos Prado,Ficção,Zazen Produções,,Zazen,RJ,,232,402852,3963582.33,RJ,1.0,0,2010,1,2,5,0,iniciante,nova,0.0,1.0,0.0,1.0,só incentivo,1.9859336203196984,7871411.406052086,193904015.0,83,1,5867.5,1
2012,B1201656300000,Peixonauta: Agente Secreto Da O.S.T.R.A,Celia Serra/Kiko Mistrorigo,Animação,Tv Pinguim,,Ab Filmes/Polifilmes,SP,,48,7412,71933.36,SP,1.0,0,2010,0,0,0,1,estreante,nova,0.0,1.0,0.0,1.0,só incentivo,1.9859336203196984,142854.8780465602,193904015.0,83,1,5867.5,1
2012,B1201566400000,Ponto Org,Patrícia Moran,Ficção,Anderson Faria Produções Cinematográficas,Dezenove Som E Imagens/Patrícia Moran,Usina Digital,MG,SP/MG,,,,MG,1.0,1,2010,0,5,0,1,estreante,pequena,0.0,1.0,0.0,1.0,só incentivo,1.9859336203196984,,193904015.0,83,,5867.5,
2012,B1201571700000,Quem Se Importa?,Mara Mourão,Documentário,Mamo Filmes,,Imovision,SP,,5,7811,92849.73,SP,1.0,0,2010,3,28,2,0,estabelecida,media,0.0,2.0,0.0,1.0,só incentivo,1.9859336203196984,184393.4004446065,193904015.0,83,1,5867.5,1
2012,B1201567700000,"Raul, O Início, O Fim E O Meio",Evaldo Mocarzel/Walter Carvalho,Documentário,A.F. Cinema/Elixir Entretenimento,,Paramount,SP/SP,,36,170471,1883285.0,SP,1.0,0,2010,0,7,0,1,estreante,pequena,0.0,1.0,0.0,1.0,só incentivo,1.9859336203196984,3740078.9981437833,193904015.0,83,1,5867.5,1
2012,B1201540200000,Reis E Ratos,Mauro Lima,Ficção,Uns Produções E Filmes,Globo Filmes/Guel Produtora,Warner,RJ,RJ/RJ,172,128396,1239304.0,RJ,1.0,1,2010,2,28,4,0,iniciante,media,0.0,0.0,0.0,0.0,sem fomento,1.9859336203196984,2461175.4793966836,193904015.0,83,1,5867.5,1
2012,B1201571600000,Romance De Formação,Julia De Simone,Documentário,Matizar,,Espaço Filmes,RJ,,5,1387,15015.0,RJ,1.0,0,2010,0,20,2,1,estreante,media,0.0,1.0,0.0,1.0,só incentivo,1.9859336203196984,29818.79330910027,193904015.0,83,0,5867.5,0
2012,B1101495900000,Sagrado Segredo,André Luiz Oliveira,Documentário,André Luiz Oliveira/Asacine Produções,Gaia Filmes,Polifilmes/Asacine,DF/DF,DF,5,499,4723.27,DF,1.0,1,2010,1,0,0,0,iniciante,nova,0.0,1.0,0.0,1.0,só incentivo,1.9859336203196984,9380.100690847423,193904015.0,83,0,5867.5,0
2012,B1201554700000,"Santos, 100 Anos De Futebol Arte",Lina Chamie,Documentário,Espn Brasil,Canal Azul,Canal Azul,SP,SP,2,691,7719.0,SP,1.0,1,2010,2,0,0,0,iniciante,nova,0.0,1.0,0.0,1.0,só incentivo,1.9859336203196984,15329.421615247753,193904015.0,83,0,5867.5,0
2012,B1201652400000,Soberano 2 – A Heróica Conquista Do Mundial De 2005,Carlos Nader/Mauricio Arruda,Documentário,G7 Cinema,,G7 Cinema,SP,,51,13609,161692.46,SP,1.0,0,2010,1,7,6,0,iniciante,pequena,0.0,0.0,0.0,0.0,sem fomento,1.9859336203196984,321110.492466198,193904015.0,83,1,5867.5,1
2012,B1101513200000,Sudoeste,Eduardo Nunes,Ficção,3 Tabela Filmes/Superfilmes/Tropical Storm Entertainment,,Vitrine Filmes,RJ/SP/RJ,,3,2805,24476.5,RJ,2.0,0,2010,0,15,0,1,estreante,pequena,0.0,0.0,0.0,0.0,sem fomento,1.9859336203196984,48608.7042577551,193904015.0,83,0,5867.5,0
2012,B1201686200000,São Paulo Companhia De Dança,Evaldo Mocarzel,Documentário,Casa Azul Produções,Raiz Produções,Casa Azul,SP,SP,1,39,415.0,SP,1.0,1,2010,9,2,5,0,veterana,nova,0.0,1.0,0.0,1.0,só incentivo,1.9859336203196984,824.1624524326749,193904015.0,83,0,5867.5,0
2012,B1201659300000,Testemunha 4,Marcelo Grabowsky,Documentário,Mirada Filmes,Marcelo Grabowsky,Mirada Filmes,RJ,,1,162,1756.0,RJ,1.0,1,2010,0,0,0,1,estreante,nova,0.0,1.0,0.0,1.0,só incentivo,1.9859336203196984,3487.2994372813905,193904015.0,83,0,5867.5,0
2012,B1201593600000,Totalmente Inocentes,Rodrigo Bittencourt,Ficção,Atitude Produções/Migdal Filmes,Globo Filmes/Rf Cine Tv/Rodrigo Bittencourt,Downtown/Paris/Riofilme,RJ/RJ,RJ/RJ/-,153,523577,5372762.07,RJ,1.0,1,2010,0,1,0,1,estreante,nova,0.0,1.0,0.0,1.0,só incentivo,1.9859336203196984,10669948.828791458,193904015.0,83,1,5867.5,1
2012,B1201600900000,Tropicália,Marcelo Machado,Documentário,Bossa Nova Films,Record Entretenimento/Rede Record De Televisão,Imagem,SP,SP/SP,39,70995,793467.49,SP,1.0,1,2010,0,21,1,1,estreante,media,0.0,1.0,0.0,1.0,só incentivo,1.9859336203196984,1575773.765021684,193904015.0,83,1,5867.5,1
2012,B1001312000000,Um Homem Qualquer,Caio Vecchio,Ficção,Encruzilhada Filmes,,Pipa Produções,SP,,9,1093,8811.98,SP,1.0,0,2010,0,8,0,1,estreante,pequena,0.0,1.0,0.0,1.0,só incentivo,1.9859336203196984,17500.007343584777,193904015.0,83,0,5867.5,0
2012,B1101467000000,Uma Longa Viagem,Lucia Murat,Documentário,Lucia Murat/Taiga Filmes E Vídeo,Ebc Tv Brasil,Vitrine Filmes,-/RJ,DF,8,6769,63640.26,RJ,1.0,1,2010,5,15,0,0,estabelecida,pequena,0.0,0.0,0.0,0.0,sem fomento,1.9859336203196984,126385.33193988689,193904015.0,83,1,5867.5,1
2012,B1101513100000,Vale Dos Esquecidos,Maria Raduan,Documentário,Rt Features/Tucura Filmes,,Espaço Filmes,SP/SP,,3,424,5151.0,SP,1.0,0,2010,0,20,0,1,estreante,media,0.0,1.0,0.0,1.0,só incentivo,1.9859336203196984,10229.544078266767,193904015.0,83,0,5867.5,0
2012,B1201567200000,Violeta Foi Para O Céu,Andrés Wood,Ficção,Bossa Nova Films,,Imovision,SP,,11,37243,362595.26,SP,1.0,0,2010,0,28,1,1,estreante,media,0.0,0.0,0.0,0.0,sem fomento,1.9859336203196984,720090.1174025624,193904015.0,83,1,5867.5,1
2012,B1201667100000,Virando Bicho,Alexandre Carvalho/Silvia Fraiha,Documentário,Fraiha Produções,,Fraiha Produções,RJ,,24,980,10098.24,RJ,1.0,0,2010,0,0,1,1,estreante,nova,0.0,1.0,0.0,1.0,só incentivo,1.9859336203196984,20054.43432205719,193904015.0,83,0,5867.5,0
2012,B1101526700000,Vou Rifar Meu Coração,Ana Rieper,Documentário,Amado Arte&Produção/Ana Rieper,,Vitrine Filmes,RJ/RJ,,18,11081,92521.82,RJ,1.0,0,2010,0,15,0,1,estreante,pequena,0.0,1.0,0.0,1.0,só incentivo,1.9859336203196984,183742.1929511675,193904015.0,83,1,5867.5,1
2012,B1201547400000,Xingu,Cao Hamburger,Ficção,O2 Filmes,Globo Filmes,Sony/Downtown,SP,RJ,205,378087,3898549.67,SP,1.0,1,2010,2,3,12,0,iniciante,nova,1.0,3.0,1.0,1.0,FSA e incentivo,1.9859336203196984,7742260.860139266,193904015.0,83,1,5867.5,1
2012,B1201605900000,À Beira Do Caminho,Breno Silveira,Ficção,Conspiração Filmes,Teleimage,Fox,RJ,SP,218,159109,1484420.77,RJ,1.0,1,2010,2,32,13,0,iniciante,media,1.0,1.0,1.0,1.0,FSA e incentivo,1.9859336203196984,2947961.1138438545,193904015.0,83,1,5867.5,1
2012,B1101427000000,Área Q,Gerson Sanginitto,Ficção,Sophia Filmes,Estação Luz Filmes/Atc Entretenimentos,Califórnia,RJ,CE/CE,64,38739,393592.81,RJ,1.0,1,2010,0,6,0,1,estreante,pequena,0.0,0.0,0.0,0.0,sem fomento,1.9859336203196984,781649.1940951032,193904015.0,83,1,5867.5,1
2013,B1301877200000,A Alma Da Gente,David Meyer/Helena Solberg,Documentário,Radiante Filmes,,E.H. Produções,RJ,,8,1646,17320.65,RJ,1.0,0,2010,0,0,2,1,estreante,nova,0.0,1.0,0.0,1.0,só incentivo,1.869919704579661,32388.224731127706,201032714.0,129,0,2376.0,0
2013,B1301805800000,A Batalha Do Passinho,Emílio Domingos,Documentário,Osmose Filmes,,Cine Santa Teresa,RJ,,6,2640,17781.5,RJ,1.0,0,2010,0,0,0,1,estreante,nova,0.0,0.0,0.0,0.0,sem fomento,1.869919704579661,33249.97722698324,201032714.0,129,0,2376.0,1
2013,B1301751900000,A Busca,Luciano Moura,Ficção,O2 Filmes,Globo Filmes,Downtown/Paris/Riofilme,SP,RJ,162,352914,3686889.75,SP,1.0,1,2010,0,7,13,1,estreante,pequena,1.0,1.0,1.0,1.0,FSA e incentivo,1.869919704579661,6894187.79213778,201032714.0,129,1,2376.0,1
2013,B1301852900000,A Cidade É Uma Só?,Adirley Queirós,Documentário,400 Filmes/Cinco Da Norte Cine,,Vitrine Filmes,DF/DF,,6,1495,14682.78,DF,1.0,0,2010,0,21,0,1,estreante,media,0.0,0.0,0.0,0.0,sem fomento,1.869919704579661,27455.619640008157,201032714.0,129,0,2376.0,0
2013,B1201666700000,A Coleção Invisível,Bernard Attal,Ficção,Santa Luzia Filmes,Ondina Filmes,Pandora Filmes,BA,BA,20,8595,68288.87,BA,1.0,1,2010,0,10,0,1,estreante,pequena,0.0,1.0,0.0,1.0,só incentivo,1.869919704579661,127694.70361647886,201032714.0,129,1,2376.0,1
2013,B1301846600000,A Floresta De Jonathas,Sergio Andrade,Ficção,Rio Tarumã Films,,Vitrine Filmes,AM,,3,1174,9380.25,AM,1.0,0,2010,0,21,0,1,estreante,media,0.0,0.0,0.0,0.0,sem fomento,1.869919704579661,17540.314308883364,201032714.0,129,0,2376.0,0
2013,B1101405200000,A Luz Do Tom,Nelson Pereira Dos Santos,Documentário,Regina Filmes,,Bretz Filmes/Riofilme,RJ,,12,8831,94502.95,RJ,1.0,0,2010,3,0,1,0,estabelecida,nova,0.0,1.0,0.0,1.0,só incentivo,1.869919704579661,176712.92834590646,201032714.0,129,1,2376.0,1
2013,B1201661300000,A Memória Que Me Contam,Lucia Murat,Ficção,Taiga Filmes E Vídeo,Elixir Entretenimento/Loc All Cinema E Televisão,Imovision,RJ,SP/PR,7,6204,68729.35,RJ,1.0,1,2010,6,33,7,0,veterana,media,1.0,0.0,1.0,0.0,só FSA,1.869919704579661,128518.36584795213,201032714.0,129,1,2376.0,1
2013,B1302047400000,A Nave - Uma Viagem Com A Jazz Sinfônica De São Paulo,Luiz Otavio De Santi,Documentário,Drama Filmes,,Drama Filmes,SP,,1,365,1104.0,SP,1.0,0,2010,0,0,5,1,estreante,nova,0.0,1.0,0.0,1.0,só incentivo,1.869919704579661,2064.391353855946,201032714.0,129,0,2376.0,0
2013,B1301971700000,A Sorte Em Suas Mãos,Daniel Burman,Ficção,Gullane,,Imovision,SP,,18,25088,316108.79,SP,1.0,0,2010,0,33,6,1,estreante,media,0.0,2.0,0.0,1.0,só incentivo,1.869919704579661,591098.055211834,201032714.0,129,1,2376.0,1
2013,B1201614400000,A Última Estação,Márcio Curi,Ficção,Asacine Produções,Márcio Curi,Polifilmes,DF,,13,1977,22172.45,DF,1.0,1,2010,0,22,1,1,estreante,media,1.0,1.0,1.0,1.0,FSA e incentivo,1.869919704579661,41460.701153807306,201032714.0,129,0,2376.0,0
2013,B1301761800000,Amazônia Desconhecida,Daniel Augusto/Eduardo Rajabally,Documentário,Gullane,Grifa Filmes,Elo Company,SP,SP,1,67,425.0,SP,1.0,1,2010,0,1,6,1,estreante,nova,0.0,1.0,0.0,1.0,só incentivo,1.869919704579661,794.7158744463559,201032714.0,129,0,2376.0,0
2013,B1201604900000,América – Uma História Portuguesa,João Nuno Pinto,Ficção,Dezenove Som E Imagens,,Panda Filmes,SP,,1,307,3422.0,SP,1.0,0,2010,0,8,6,1,estreante,pequena,0.0,1.0,0.0,1.0,só incentivo,1.869919704579661,6398.8652290716,201032714.0,129,0,2376.0,0
2013,B1301759600000,Angie,Marcio Garcia,Ficção,Mgp Filmes,,H2O Films/Riofilme,MG,,46,9115,99349.14,MG,1.0,0,2010,1,2,1,0,iniciante,nova,0.0,0.0,0.0,0.0,sem fomento,1.869919704579661,185774.91451904338,201032714.0,129,1,2376.0,1
2013,B1301738800000,Anita E Garibaldi,Alberto Rondalli/Rubens Gennaro,Ficção,Laz Audiovisual,,Ab Filmes/Polifilmes,PR,,10,1027,11809.54,PR,1.0,0,2010,0,1,1,1,estreante,nova,1.0,1.0,1.0,1.0,FSA e incentivo,1.869919704579661,22082.89154802169,201032714.0,129,0,2376.0,0
2013,B1301712400000,Artigas - La Redota,Cesar Charlone,Ficção,Aim Produções Cinematograficas,,Panda Filmes,SP,,3,2318,22519.74,SP,1.0,0,2010,0,8,0,1,estreante,pequena,0.0,0.0,0.0,0.0,sem fomento,1.869919704579661,42110.105568010775,201032714.0,129,0,2376.0,0
2013,B1101473600000,As Hiper Mulheres,Carlos Fausto/Leonardo Sette/Takumã Kuikuro,Documentário,Vídeo Nas Aldeias,,Vitrine Filmes,PE,,5,1021,9069.72,PE,1.0,0,2010,0,21,1,1,estreante,media,0.0,0.0,0.0,0.0,sem fomento,1.869919704579661,16959.64814302024,201032714.0,129,0,2376.0,0
2013,B1301860500000,As Horas Vulgares,Rodrigo De Oliveira/Vitor Graize,Ficção,Patuléia Filmes,,Petrini,ES,,,,,ES,1.0,0,2010,0,0,0,1,estreante,nova,0.0,0.0,0.0,0.0,sem fomento,1.869919704579661,,201032714.0,129,,2376.0,
2013,B1302035000000,Até Que A Sorte Nos Separe 2,Roberto Santucci,Ficção,Gullane,Paris Entretenimento/Globo Filmes/Telecine/Lereby,Downtown/Paris,SP,SP/RJ/RJ/RJ,778,3978191,45274441.66,SP,1.0,1,2010,4,1,6,0,estabelecida,nova,0.0,1.0,0.0,1.0,só incentivo,1.869919704579661,84659570.57387629,201032714.0,129,1,2376.0,1
2013,B1301899900000,"Boa Sorte, Meu Amor",Daniel Aragão,Ficção,Orquestra Cinema Estúdios,Cicatrix Filmes/Set Produções Audiovisuais/Rec Produtores Associados/Daniel Aragão/Gregorio Graziosi/José Pedro Correia Sotero/Santana Josicarlos/Gustavo Sobreira Rocha/Juliano Dornelles/Manoela Torres/Phelipe Joannes Simões Costa,Cicatrix Filmes,PE,PE/PE/-/-/-/-/-/-/-/-,11,4032,31674.35,PE,1.0,1,2010,0,0,0,1,estreante,nova,0.0,1.0,0.0,1.0,só incentivo,1.869919704579661,59228.49119475278,201032714.0,129,1,2376.0,1
2013,B1301739100000,"Bonitinha, Mas Ordinária",Moacyr Góes,Ficção,Diler & Associados,California Filmes/Canal Brasil/Labocine,Califórnia,RJ,CE/RJ/RJ,44,13997,139529.27,RJ,1.0,1,2010,8,7,23,0,veterana,pequena,1.0,1.0,1.0,1.0,FSA e incentivo,1.869919704579661,260908.53133861572,201032714.0,129,1,2376.0,1
2013,B1301815500000,"Caleuche, O Chamado Do Mar",Jorge Olguín,Ficção,Dezenove Som E Imagens,,Disney,SP,,2,497,6528.0,SP,1.0,0,2010,0,6,6,1,estreante,pequena,0.0,1.0,0.0,1.0,só incentivo,1.869919704579661,12206.835831496026,201032714.0,129,0,2376.0,0
2013,B1301812000000,Carreras,Salete Paulina Machado Sirino,Ficção,Salete Paulina Machado Sirino,Tigre Produções Cinematográficas,Tigre Produções Cinematográficas,PR,PR,4,16908,76447.52,PR,1.0,1,2010,0,1,0,1,estreante,nova,0.0,0.0,0.0,0.0,sem fomento,1.869919704579661,142950.72401424774,201032714.0,129,1,2376.0,1
2013,B1301910300000,Casa Da Mãe Joana 2,Hugo Carvana,Ficção,Mac Comunicacão,Globo Filmes/Telecine,Imagem,RJ,RJ/RJ,187,152596,1599981.15,RJ,1.0,1,2010,4,24,4,0,estabelecida,media,1.0,1.0,1.0,1.0,FSA e incentivo,1.869919704579661,2991836.279341026,201032714.0,129,1,2376.0,1
2013,B1201671000000,Chamada A Cobrar,Anna Muylaert,Ficção,Secretaria De Estado Da Cultura De São Paulo,África Filmes/Gullane,Gullane Entretenimento,SP,SP/SP,1,527,6479.84,SP,1.0,1,2010,2,0,0,0,iniciante,nova,0.0,1.0,0.0,1.0,só incentivo,1.869919704579661,12116.78049852347,201032714.0,129,0,2376.0,0
2013,B1301984500000,Cidade Cinza,Guilherme Valiengo/Marcelo Mesquita,Documentário,Guilherme Valiengo/Marcelo Mesquita/Peppe Siffredi/Raphael Bottino,Dcine Cinematografia Digital/Sala 12,Espaço Filmes,,SP/SP,12,11347,132139.06,,,1,2010,0,25,0,1,estreante,media,0.0,1.0,0.0,1.0,só incentivo,1.869919704579661,247089.43203863408,201032714.0,129,1,2376.0,1
2013,B1201647900000,Cine Holliúdy,Halder Gomes,Ficção,Atc Entretenimentos,,Downtown/Paris,CE,,74,487479,5056814.3,CE,1.0,0,2010,0,1,0,1,estreante,nova,0.0,0.0,0.0,0.0,sem fomento,1.869919704579661,9455836.701970205,201032714.0,129,1,2376.0,1
2013,B1201660900000,Colegas,Marcelo Galvão,Ficção,Gatacine,,Europa,SP,,141,163624,1721553.23,SP,1.0,0,2010,2,10,1,0,iniciante,pequena,0.0,1.0,0.0,1.0,só incentivo,1.869919704579661,3219166.3072597613,201032714.0,129,1,2376.0,1
2013,B1201622100000,Coração Do Brasil,Daniel Solá Santiago,Documentário,Daniel Solá Santiago Produções,,Pandora Filmes,SP,,6,631,5815.14,SP,1.0,0,2010,0,10,1,1,estreante,pequena,0.0,1.0,0.0,1.0,só incentivo,1.869919704579661,10873.84487088937,201032714.0,129,0,2376.0,0
2013,B1101527400000,"Corda Bamba, História De Uma Menina Equilibrista",Eduardo Goldenstein,Ficção,Aion Filmes,,Copacabana Filmes,RJ,,8,1591,14828.67,RJ,1.0,0,2010,0,7,0,1,estreante,pequena,0.0,0.0,0.0,0.0,sem fomento,1.869919704579661,27728.42222570928,201032714.0,129,0,2376.0,0
2013,B1301794500000,Cores,Francisco Garcia,Ficção,Kinoosfera Filmes,Dezenove Som E Imagens,Pandora Filmes,SP,SP,5,2376,21972.6,SP,1.0,1,2010,0,10,0,1,estreante,pequena,0.0,0.0,0.0,0.0,sem fomento,1.869919704579661,41086.99770084705,201032714.0,129,0,2376.0,0
2013,B1201590900000,Corpo Presente,Marcelo Freitas Toledo De Melo/Paolo Gregori,Ficção,Cinegrama Filmes,,Raiz Distribuidora,SP,,1,587,7139.06,SP,1.0,0,2010,0,3,1,1,estreante,nova,1.0,1.0,1.0,1.0,FSA e incentivo,1.869919704579661,13349.468966176475,201032714.0,129,0,2376.0,0
2013,B1201660700000,Cru,Jimi Figueiredo,Ficção,Cinema Cinema Produções,,Cinema Cinema Produções,DF,,1,496,4752.93,DF,1.0,0,2010,0,0,0,1,estreante,nova,0.0,0.0,0.0,0.0,sem fomento,1.869919704579661,8887.597461487809,201032714.0,129,0,2376.0,0
2013,B1302000200000,Crô - O Filme,Bruno Barreto,Ficção,Globo Filmes,Filmes Do Equador/Downtown Filmes/Telecine,Downtown/Paris,RJ,RJ/RJ/RJ,467,1716774,18673695.63,RJ,1.0,1,2010,5,1,9,0,estabelecida,nova,0.0,1.0,0.0,1.0,só incentivo,1.869919704579661,34918311.4158601,201032714.0,129,1,2376.0,1
2013,B1301990000000,Cuica De Santo Amaro,Joel De Almeida/Josias Pires,Documentário,Docdoma Filmes,,Docdoma Filmes,BA,,3,750,5938.5,BA,1.0,0,2010,0,0,0,1,estreante,nova,0.0,1.0,0.0,1.0,só incentivo,1.869919704579661,11104.518165646317,201032714.0,129,0,2376.0,0
2013,B1301927900000,Doce Amianto,Guto Parente/Uirá Dos Reis,Ficção,Alumbramento,,Vitrine Filmes,CE,,5,848,6253.57,CE,1.0,0,2010,0,21,2,1,estreante,media,0.0,0.0,0.0,0.0,sem fomento,1.869919704579661,11693.67376696823,201032714.0,129,0,2376.0,0
2013,B1201686600000,Doméstica,Gabriel Mascaro,Documentário,Desvia,,Vitrine Filmes,PE,,5,3269,24453.5,PE,1.0,0,2010,2,21,0,0,iniciante,media,0.0,0.0,0.0,0.0,sem fomento,1.869919704579661,45726.081495938735,201032714.0,129,1,2376.0,1
2013,B1201682700000,Dores De Amores,Raphael Vieira,Ficção,Coqueirão Pictures,17 Tv E Cinema,Kino Filmes,RJ,SP,2,444,2162.72,RJ,1.0,1,2010,0,0,0,1,estreante,nova,0.0,1.0,0.0,1.0,só incentivo,1.869919704579661,4044.112743488524,201032714.0,129,0,2376.0,0
2013,B1301760500000,Dossiê Jango,Paulo Henrique Fontenelle,Documentário,Canal Brasil,,Canal Brasil,RJ,,10,8097,96523.98,RJ,1.0,0,2010,1,1,1,0,iniciante,nova,0.0,0.0,0.0,0.0,sem fomento,1.869919704579661,180492.0921664531,201032714.0,129,1,2376.0,1
2013,B1301968400000,Educação Sentimental,Julio Bressane,Ficção,República Pureza Filmes,Canal Brasil,Arthouse,RJ,RJ,3,991,12614.94,RJ,1.0,1,2010,7,0,1,0,veterana,nova,1.0,0.0,1.0,0.0,só FSA,1.869919704579661,23588.92487809015,201032714.0,129,0,2376.0,0
2013,B1201704900000,Elena,Petra Costa,Documentário,Busca Vida Filmes,,Espaço Filmes,SP,,19,58614,701715.83,SP,1.0,0,2010,0,25,0,1,estreante,media,0.0,1.0,0.0,1.0,só incentivo,1.869919704579661,1312152.2575324716,201032714.0,129,1,2376.0,1
2013,B1201574300000,Ensaio,Tânia Lamarca,Ficção,Acquafredda Cinema,,Imagem,SC,,8,1293,15692.17,SC,1.0,0,2010,1,24,0,0,iniciante,media,0.0,1.0,0.0,1.0,só incentivo,1.869919704579661,29343.09789061382,201032714.0,129,0,2376.0,0
2013,B1301924200000,Esse Amor Que Nos Consome,Allan Ribeiro,Ficção,3 Moinhos Produções/Allan Ribeiro,,Vitrine Filmes,RJ/RJ,,8,1933,15014.38,RJ,1.0,0,2010,0,21,0,1,estreante,media,0.0,0.0,0.0,0.0,sem fomento,1.869919704579661,28075.68501404677,201032714.0,129,0,2376.0,0
2013,B1302008300000,Eu Não Faço A Menor Ideia Do Que Eu Tô Fazendo Com A Minha Vida,Matheus Souza,Ficção,Zeugma Produções,,Vitrine Filmes,RJ,,17,11595,129769.46,RJ,1.0,0,2010,1,21,0,0,iniciante,media,0.0,0.0,0.0,0.0,sem fomento,1.869919704579661,242658.47030666214,201032714.0,129,1,2376.0,1
2013,B1301803100000,Faroeste Caboclo,René Sampaio,Ficção,Fogo Cerrado Filmes/Gávea Filmes E Produções,Globo Filmes/Lereby/Europa Filmes/Telecine,Europa/Riofilme,RJ/RJ,RJ/RJ/SP/RJ,464,1469772,15560125.66,RJ,1.0,1,2010,0,3,0,1,estreante,nova,1.0,1.0,1.0,1.0,FSA e incentivo,1.869919704579661,29096185.5773696,201032714.0,129,1,2376.0,1
2013,B1301783300000,Filme Jardim Atlântico,Jura Capela,Ficção,Jura Filmes,,Jura Filmes,PE,,3,1222,5575.85,PE,1.0,0,2010,0,0,0,1,estreante,nova,0.0,1.0,0.0,1.0,só incentivo,1.869919704579661,10426.391784780502,201032714.0,129,0,2376.0,0
2013,B1301983400000,Fla X Flu - 40 Minutos Antes Do Nada,Renato Terra,Documentário,Sentimental Filme,Sentimental Etal,Elo Company,SP,SP,6,2591,35003.62,SP,1.0,1,2010,0,1,0,1,estreante,nova,0.0,1.0,0.0,1.0,só incentivo,1.869919704579661,65453.958769618715,201032714.0,129,0,2376.0,1
2013,B1201696900000,Flores Raras,Bruno Barreto,Ficção,Filmes Do Equador,Globo Filmes/Telecine,Imagem,RJ,RJ/RJ,101,275497,3402184.5,RJ,1.0,1,2010,5,24,12,0,estabelecida,media,1.0,1.0,1.0,1.0,FSA e incentivo,1.869919704579661,6361811.835165502,201032714.0,129,1,2376.0,1
2013,B1201603300000,Fora Do Figurino,Paulo Pélico,Documentário,Casa Jabuticaba,,Raiz Distribuidora,SP,,5,686,8476.09,SP,1.0,0,2010,0,3,0,1,estreante,nova,0.0,1.0,0.0,1.0,só incentivo,1.869919704579661,15849.607708790618,201032714.0,129,0,2376.0,0
2013,B1402090800000,Fragmentos De Paixão,Iara Cardoso,Documentário,Grupo Storm,,Grupo Storm,SP,,5,325,3178.0,SP,1.0,0,2010,0,0,0,1,estreante,nova,0.0,0.0,0.0,0.0,sem fomento,1.869919704579661,5942.604821154163,201032714.0,129,0,2376.0,0
2013,B1301755800000,Francisco Brennand,Mariana Brennand Fortes,Documentário,Mariola Filmes,,Videofilmes,PE,,13,5296,53744.09,PE,1.0,0,2010,0,26,0,1,estreante,media,0.0,1.0,0.0,1.0,só incentivo,1.869919704579661,100497.1328957027,201032714.0,129,1,2376.0,1
2013,B1301795000000,Giovanni Improtta,José Wilker,Ficção,Luz Mágica Produções/M I Produções,Globo Filmes/Guel Produtora,Sony/Riofilme,RJ/RJ,RJ/RJ,202,188436,1964092.95,RJ,1.0,1,2010,0,2,0,1,estreante,nova,0.0,1.0,0.0,1.0,só incentivo,1.869919704579661,3672696.1088309945,201032714.0,129,1,2376.0,1
2013,B1301945700000,"Habi, A Estrangeira",Maria Florencia Alvarez,Ficção,Videofilmes,,Videofilmes,RJ,,7,5681,73132.6,RJ,1.0,0,2010,0,26,27,1,estreante,media,0.0,1.0,0.0,1.0,só incentivo,1.869919704579661,136752.08978714253,201032714.0,129,1,2376.0,1
2013,B1301904700000,"Hijab, Mulheres De Véu",Paulo Halm,Documentário,Canhota Filmes,,Formosa Filmes,RJ,,8,769,10007.06,RJ,1.0,0,2010,1,1,0,0,iniciante,nova,0.0,0.0,0.0,0.0,sem fomento,1.869919704579661,18712.39867891094,201032714.0,129,0,2376.0,0
2013,B1201582200000,Hoje,Tata Amaral,Ficção,Tangerina Entretenimento,,H2O Films,SP,,12,7525,88488.0,SP,1.0,0,2010,3,1,0,0,estabelecida,nova,0.0,0.0,0.0,0.0,sem fomento,1.869919704579661,165465.45481884503,201032714.0,129,1,2376.0,1
2013,B1201703500000,Jorge Mautner - O Filho Do Holocausto,Heitor D'Alincourt/Pedro Bial,Documentário,Bali Do Ocidente Produções,Canal Brasil,H2O Films,RJ,RJ,31,9690,102831.13,RJ,1.0,1,2010,0,1,0,1,estreante,nova,0.0,0.0,0.0,0.0,sem fomento,1.869919704579661,192285.95623119271,201032714.0,129,1,2376.0,1
2013,B1301731400000,Juan E A Bailarina,Raphael Aguinaga,Ficção,Parceria Produções E Projetos,,Vilacine,RJ,,9,4256,50125.34,RJ,1.0,0,2010,0,0,0,1,estreante,nova,0.0,0.0,0.0,0.0,sem fomento,1.869919704579661,93730.36096475506,201032714.0,129,1,2376.0,1
2013,B1201583500000,Kátia,Karla Holanda,Documentário,Em Foco Multimídia,,Em Foco Multimídia,CE,,2,747,6899.22,CE,1.0,0,2010,0,0,0,1,estreante,nova,0.0,0.0,0.0,0.0,sem fomento,1.869919704579661,12900.987424230088,201032714.0,129,0,2376.0,0
2013,B1201652800000,Laura,Fellipe Gamarano Barbosa,Documentário,Gamarosa/Vermelho Filmes,Ebc Tv Brasil/Tv Cultura,Vitrine Filmes,RJ/SP,DF/SP,27,990,11385.02,RJ,2.0,1,2010,0,21,0,1,estreante,media,0.0,0.0,0.0,0.0,sem fomento,1.869919704579661,21289.07323503353,201032714.0,129,0,2376.0,0
2013,B1201671900000,Lira Paulistana E A Vanguarda Paulista,Riba De Castro,Documentário,Busca Vida Filmes,,Busca Vida Filmes,SP,,2,1577,20377.44,SP,1.0,0,2010,0,0,0,1,estreante,nova,0.0,0.0,0.0,0.0,sem fomento,1.869919704579661,38104.17658488976,201032714.0,129,0,2376.0,0
2013,B1302026800000,Mais Uma Canção,Alexandre Derlam/Rene Goya Filho,Documentário,Estação Filmes,Ac2 Cultura & Entretenimento,Estação Elétrica Produções,RS,RS,2,183,1414.0,RS,1.0,1,2010,0,0,1,1,estreante,nova,0.0,0.0,0.0,0.0,sem fomento,1.869919704579661,2644.066462275641,201032714.0,129,0,2376.0,0
2013,B1201659100000,Margaret Mee E A Flor Da Lua,Malu De Martino,Documentário,Eh! Filmes,,E.H. Produções,RJ,,11,4751,55147.98,RJ,1.0,0,2010,2,0,1,0,iniciante,nova,0.0,0.0,0.0,0.0,sem fomento,1.869919704579661,103122.29446976505,201032714.0,129,1,2376.0,1
2013,B1301835500000,Mataram Meu Irmão,Cristiano Burlan,Documentário,Bela Filmes,,Bela Filmes,SP,,4,745,5538.02,SP,1.0,0,2010,0,0,0,1,estreante,nova,0.0,0.0,0.0,0.0,sem fomento,1.869919704579661,10355.652722356255,201032714.0,129,0,2376.0,0
2013,B1301940000000,Mato Sem Cachorro,Pedro Amorim,Ficção,Titânio Produções,Telecine/Mixer Films/Mixer Rio,Imagem,MG,RJ/SP/RJ,377,1134563,11586523.4,MG,1.0,1,2010,0,24,0,1,estreante,media,1.0,1.0,1.0,1.0,FSA e incentivo,1.869919704579661,21665868.41323333,201032714.0,129,1,2376.0,1
2013,B0901022000000,Meu Amigo Claudia,Dácio Pinheiro,Documentário,Piloto,,Festival Filmes,SP,,1,248,3591.06,SP,1.0,0,2010,0,0,0,1,estreante,nova,0.0,0.0,0.0,0.0,sem fomento,1.869919704579661,6714.993854327837,201032714.0,129,0,2376.0,0
2013,B1301940300000,Meu Passado Me Condena,Júlia Rezende,Ficção,Atitude Produções,Globo Filmes/Paris Filmes/Riofilme/Júlia Rezende,Downtown/Paris,RJ,RJ/SP/RJ/-,421,3140771,34826391.63,RJ,1.0,1,2010,0,1,2,1,estreante,nova,0.0,1.0,0.0,1.0,só incentivo,1.869919704579661,65122555.948345184,201032714.0,129,1,2376.0,1
2013,B1301743100000,Meu Pé De Laranja-Lima,Marcos Bernstein,Ficção,Passaro Films,,Imovision,RJ,,101,70459,670313.05,RJ,1.0,0,2010,1,33,0,0,iniciante,media,1.0,1.0,1.0,1.0,FSA e incentivo,1.869919704579661,1253431.5804318916,201032714.0,129,1,2376.0,1
2013,B1301808100000,Minha Mãe É Uma Peça,André Pellenz,Ficção,Migdal Filmes,Cenoura Filmes/Telecine,Downtown/Paris,RJ,RJ/RJ,512,4604813,49567232.08,RJ,1.0,1,2010,0,1,0,1,estreante,nova,1.0,1.0,1.0,1.0,FSA e incentivo,1.869919704579661,92686743.9678651,201032714.0,129,1,2376.0,1
2013,B1301864200000,Minhocas,Arthur Nunes/Paolo Conti,Animação,Animaking,Globo Filmes/Glaz Entretenimento,Fox,SC,RJ/RJ,127,163029,1614912.0,SC,1.0,1,2010,0,33,0,1,estreante,media,1.0,1.0,1.0,1.0,FSA e incentivo,1.869919704579661,3019755.769962149,201032714.0,129,1,2376.0,1
2013,B1301873000000,Morro Dos Prazeres,Maria Augusta Ramos,Documentário,Nofoco Filmes,,Espaço Filmes,RJ,,5,2283,28026.14,RJ,1.0,0,2010,2,25,0,0,iniciante,media,0.0,0.0,0.0,0.0,sem fomento,1.869919704579661,52406.63142930822,201032714.0,129,0,2376.0,0
2013,B1201672800000,Mulheres Africanas - A Rede Invisível,Carlos Nascimbeni,Documentário,Cinevideo,,Cinevideo Produções,SP,,5,521,6178.5,SP,1.0,0,2010,0,0,0,1,estreante,nova,0.0,0.0,0.0,0.0,sem fomento,1.869919704579661,11553.298894745436,201032714.0,129,0,2376.0,0
2013,B1201709400000,Mundo Invisível,Atom Egoyan/Beto Brant/Gian Vittorio Baldi/Guy Maddin/Jerzy Stuhr/Laís Bodanzky/Leon Cakoff/Manoel De Oliveira/Maria De Medeiros/Renata De Almeida/Theo Angelopoulos/Wim Wenders,Ficção,Instituto Querô/Mostra Filmes,Gullane,Imovision,SP/SP,SP,7,2602,31137.24,SP,1.0,1,2010,0,33,0,1,estreante,media,0.0,0.0,0.0,0.0,sem fomento,1.869919704579661,58224.138622226004,201032714.0,129,0,2376.0,1
2013,B1101483900000,Na Carne E Na Alma,Alberto Salvá Contel,Ficção,Link Digital,Raconto Filmes,Raconto Produções Artísticas,RJ,RJ,1,207,1630.0,RJ,1.0,1,2010,0,0,0,1,estreante,nova,0.0,0.0,0.0,0.0,sem fomento,1.869919704579661,3047.9691184648473,201032714.0,129,0,2376.0,0
2013,B1101491600000,Na Quadrada Das Águas Perdidas,Marcos Carvalho/Wagner Miranda,Ficção,Mont Serrat Filmes/Maracatu Nação Matingueiros,,Polifilmes,PE/PE,,5,13993,64698.13,PE,1.0,0,2010,0,22,0,1,estreante,media,0.0,1.0,0.0,1.0,só incentivo,1.869919704579661,120980.3081364565,201032714.0,129,1,2376.0,1
2013,B1201659800000,No Lugar Errado,Guto Parente/Luiz Pretti/Pedro Diógenes/Ricardo Pretti,Ficção,Alumbramento/Rodrigo Fischer,Bananeira Filmes,Vitrine Filmes,CE/DF,RJ,4,221,1867.16,CE,2.0,1,2010,2,21,0,0,iniciante,media,0.0,0.0,0.0,0.0,sem fomento,1.869919704579661,3491.4392756029597,201032714.0,129,0,2376.0,0
2013,B1201677000000,Noites De Reis,Vinícius Reis,Ficção,Deserto Filmes,,E.H. Produções,RJ,,5,316,3613.6,RJ,1.0,0,2010,1,0,2,0,iniciante,nova,0.0,0.0,0.0,0.0,sem fomento,1.869919704579661,6757.141844469063,201032714.0,129,0,2376.0,0
2013,B1301906100000,Nove Crônicas Para Um Coração Aos Berros,Gustavo Galvão,Ficção,8U Produtora/400 Filmes,,Vitrine Filmes,SP/DF,,3,1611,12323.13,SP,2.0,0,2010,0,21,0,1,estreante,media,0.0,0.0,0.0,0.0,sem fomento,1.869919704579661,23043.263609096757,201032714.0,129,0,2376.0,0
2013,B1101490600000,O Abismo Prateado,Karim Aïnouz,Ficção,Rt Features,,Vitrine Filmes,SP,,14,11713,121369.63,SP,1.0,0,2010,2,21,1,0,iniciante,media,0.0,1.0,0.0,1.0,só incentivo,1.869919704579661,226951.46267454277,201032714.0,129,1,2376.0,1
2013,B1301760600000,O Brasil Deu Certo. E Agora?,Louise Sottomaior,Documentário,Cultura Maior,,Cultura Maior,SP,,7,1676,21519.41,SP,1.0,0,2010,0,0,0,1,estreante,nova,0.0,0.0,0.0,0.0,sem fomento,1.869919704579661,40239.5687899286,201032714.0,129,0,2376.0,0
2013,B1201693000000,O Carteiro,Reginaldo Faria,Ficção,Reginaldo Farias Produções/Teleimage/Tgd Filmes,,Tgd Filmes,RJ/SP/RS,,24,4326,40853.73,RJ,3.0,0,2010,0,0,0,1,estreante,nova,0.0,0.0,0.0,0.0,sem fomento,1.869919704579661,76393.19473257723,201032714.0,129,1,2376.0,1
2013,B1301837200000,O Concurso,Pedro Vasconcelos,Ficção,Globo Filmes,Filmland Internacional/Paris Entretenimento,Downtown/Paris,RJ,SP/SP,355,1320102,14125213.83,RJ,1.0,1,2010,0,1,9,1,estreante,nova,0.0,1.0,0.0,1.0,só incentivo,1.869919704579661,26413015.672118142,201032714.0,129,1,2376.0,1
2013,B1201626900000,O Dia Que Durou 21 Anos,Camilo Tavares,Documentário,Pequi Filmes,,Pequi Filmes,SP,,14,25085,262474.4,SP,1.0,0,2010,0,0,0,1,estreante,nova,0.0,1.0,0.0,1.0,só incentivo,1.869919704579661,490806.0525077238,201032714.0,129,1,2376.0,1
2013,B1301887000000,O Exercício Do Caos,Frederico Machado,Ficção,Lume Filmes,,Lume Produções Cinematográficas,MA,,9,4880,37326.8,MA,1.0,0,2010,0,2,0,1,estreante,nova,0.0,0.0,0.0,0.0,sem fomento,1.869919704579661,69798.11882890409,201032714.0,129,1,2376.0,1
2013,B1301898100000,O Inventor De Sonhos,Ricardo Nauenberg,Ficção,Indústria Imaginária,,Europa,RJ,,34,3708,41410.44,RJ,1.0,0,2010,0,10,0,1,estreante,pequena,0.0,1.0,0.0,1.0,só incentivo,1.869919704579661,77434.19773131378,201032714.0,129,1,2376.0,1
2013,B1101445400000,O País Do Desejo,Paulo Caldas,Ficção,Bananeira Filmes/Cena Dois Produções,99 Produções,Califórnia,RJ/RJ,PE,9,1699,18039.76,RJ,1.0,1,2010,1,7,0,0,iniciante,pequena,1.0,1.0,1.0,1.0,FSA e incentivo,1.869919704579661,33732.90268988798,201032714.0,129,0,2376.0,0
2013,B1301806500000,O Primeiro Dia De Um Ano Qualquer,Domingos De Oliveira,Ficção,Teatro Ilustre Produções Artísticas,Canal Brasil/Forte Filmes,Forte Filmes,RJ,RJ/RJ,3,1158,14763.08,RJ,1.0,1,2010,6,0,3,0,veterana,nova,0.0,0.0,0.0,0.0,sem fomento,1.869919704579661,27605.774192285902,201032714.0,129,0,2376.0,0
2013,B1201636000000,O Que Se Move,Caetano Gotardo,Ficção,Dezenove Som E Imagens,,Lume Produções Cinematográficas,SP,,8,1975,22513.88,SP,1.0,0,2010,0,2,6,1,estreante,nova,0.0,1.0,0.0,1.0,só incentivo,1.869919704579661,42099.14783854194,201032714.0,129,0,2376.0,0
2013,B1301816900000,O Renascimento Do Parto - O Filme,Eduardo Chauvet,Documentário,Érica De Paula/808 Filmes Fora Da Lata,,Espaço Filmes,-/DF,,19,30127,328817.61,DF,1.0,0,2010,0,25,0,1,estreante,media,0.0,0.0,0.0,0.0,sem fomento,1.869919704579661,614862.5281517901,201032714.0,129,1,2376.0,1
2013,B1201698500000,O Som Ao Redor,Kleber Mendonça Filho,Ficção,Cinemascópio,,Vitrine Filmes,PE,,24,96299,988231.95,PE,1.0,0,2010,1,21,1,0,iniciante,media,0.0,1.0,0.0,1.0,só incentivo,1.869919704579661,1847914.3960001823,201032714.0,129,1,2376.0,1
2013,B1301930900000,O Tempo E O Vento,Jayme Monjardim,Ficção,Nexus Cinema,Globo Filmes/Infinito Produções,Downtown/Paris,SP,RJ/RJ,222,711526,7722013.78,SP,1.0,1,2010,1,1,2,0,iniciante,nova,1.0,1.0,1.0,1.0,FSA e incentivo,1.869919704579661,14439545.72625767,201032714.0,129,1,2376.0,1
2013,B1301781700000,Odeio O Dia Dos Namorados,Roberto Santucci,Ficção,Glaz Entretenimento,,Disney,RJ,,325,457523,4492895.0,RJ,1.0,0,2010,4,6,3,0,estabelecida,pequena,0.0,1.0,0.0,1.0,só incentivo,1.869919704579661,8401352.891107436,201032714.0,129,1,2376.0,1
2013,B1101505000000,Olhe Pra Mim De Novo,Claudia Priscilla/Kiko Goifman,Documentário,Paleo Tv,,Paleotv,SP,,2,1431,6025.7,SP,1.0,0,2010,0,1,0,1,estreante,nova,0.0,1.0,0.0,1.0,só incentivo,1.869919704579661,11267.575163885662,201032714.0,129,0,2376.0,0
2013,B1301824300000,Paixão E Acaso,Domingos De Oliveira,Ficção,Teatro Ilustre Produções Artísticas,Canal Brasil/Forte Filmes,Forte Filmes,RJ,RJ/RJ,3,844,10624.73,RJ,1.0,1,2010,6,0,3,0,veterana,nova,0.0,0.0,0.0,0.0,sem fomento,1.869919704579661,19867.39198283866,201032714.0,129,0,2376.0,0
2013,B1301740400000,Paulo Moura - Alma Brasileira,Eduardo Escorel,Documentário,Cinefilmes,,Espaço Filmes/Videofilmes,RJ,,12,2603,31127.04,RJ,1.0,0,2010,1,0,1,0,iniciante,nova,0.0,1.0,0.0,1.0,só incentivo,1.869919704579661,58205.06544123929,201032714.0,129,0,2376.0,1
2013,B1301772600000,Por Que Você Partiu?,Eric Belhassen,Documentário,Boca A Boca Filmes,Teleimage,Imovision,SP,SP,4,2887,36875.48,SP,1.0,1,2010,0,33,0,1,estreante,media,0.0,1.0,0.0,1.0,só incentivo,1.869919704579661,68954.1866678332,201032714.0,129,1,2376.0,1
2013,B1301936500000,Por Trás Do Véu,Emiliano Ribeiro,Documentário,Ipê Artes,,Downtown,RJ,,1,15,232.0,RJ,1.0,0,2010,2,27,3,0,iniciante,media,0.0,1.0,0.0,1.0,só incentivo,1.869919704579661,433.82137146248135,201032714.0,129,0,2376.0,0
2013,B1301803700000,Pra Lá Do Mundo,Roberto Studart,Documentário,Primitivo/Truque,,Pandora Filmes,SP/BA,,4,1827,11688.05,SP,2.0,0,2010,0,10,0,1,estreante,pequena,1.0,1.0,1.0,1.0,FSA e incentivo,1.869919704579661,21855.715003112306,201032714.0,129,0,2376.0,0
2013,B1201652700000,Pulmão Da Arquibancada,Marcel Costa/Pedro Von Krüger,Documentário,Com Domínio Filmes/Filmes Do Bem,,Arthouse,RJ/RJ,,2,150,2021.42,RJ,1.0,0,2010,0,0,0,1,estreante,nova,0.0,0.0,0.0,0.0,sem fomento,1.869919704579661,3779.8930892314183,201032714.0,129,0,2376.0,0
2013,B1301743300000,Qual É O Teu Negócio?,Sérgio Gagliardi,Documentário,Dgt Filmes,,Brazukah Produções Culturais,SP,,2,153,1300.19,SP,1.0,0,2010,0,0,0,1,estreante,nova,0.0,0.0,0.0,0.0,sem fomento,1.869919704579661,2431.2509006974296,201032714.0,129,0,2376.0,0
2013,B1301916600000,Quase Um Tango,Sérgio Silva,Ficção,Producers - Ngm Produções,Gisele Cardoso Hiltl/Sérgio Silva,Ngm Produções,RS,,,,,RS,1.0,1,2010,2,1,1,0,iniciante,nova,0.0,1.0,0.0,1.0,só incentivo,1.869919704579661,,201032714.0,129,,2376.0,
2013,B1301823200000,Rapsódia Armênia,Cassiana Dher Haroutiounian/Cesar Gananian/Gary Gananian,Documentário,Cassiana Dher Haroutiounian/Cesar Gananian/Gary Gananian,,Cesar Augusto Gananian,SP/SP/SP,,1,867,13260.91,SP,1.0,0,2010,0,0,0,1,estreante,nova,0.0,0.0,0.0,0.0,sem fomento,1.869919704579661,24796.83690965747,201032714.0,129,0,2376.0,0
2013,B1301784200000,Raça,Joel Zito Araújo,Documentário,Casa De Criação Cinema,,Espaço Filmes,RJ,,8,2112,24601.55,RJ,1.0,0,2010,2,25,1,0,iniciante,media,0.0,1.0,0.0,1.0,só incentivo,1.869919704579661,46002.92310820176,201032714.0,129,0,2376.0,0
2013,B1301925900000,Repare Bem,Maria De Medeiros,Documentário,Instituto Via Br,,Instituto Via Br,SP,,5,1570,18524.9,SP,1.0,0,2010,0,0,0,1,estreante,nova,0.0,0.0,0.0,0.0,sem fomento,1.869919704579661,34640.07553536777,201032714.0,129,0,2376.0,0
2013,B1101438100000,Reus,Alejandro Pi/Eduardo Piñero/Pablo Fernández,Ficção,Panda Filmes,,Panda Filmes,RS,,1,37,374.0,RS,1.0,0,2010,0,8,0,1,estreante,pequena,0.0,0.0,0.0,0.0,sem fomento,1.869919704579661,699.3499695127932,201032714.0,129,0,2376.0,0
2013,B1101519300000,Rânia,Roberta Marques,Ficção,Latitude Sul Filmes,,Tucumán,CE,,4,971,9544.24,CE,1.0,0,2010,0,1,0,1,estreante,nova,0.0,0.0,0.0,0.0,sem fomento,1.869919704579661,17846.96244123738,201032714.0,129,0,2376.0,0
2013,B1101493300000,Réquiem Para Laura Martin,Luiz Rangel/Paulo Wenceslau Duarte,Ficção,Amazonas Filmes,,Fm Produções,SP,,2,120,1276.99,SP,1.0,0,2010,0,0,0,1,estreante,nova,0.0,0.0,0.0,0.0,sem fomento,1.869919704579661,2387.8687635511815,201032714.0,129,0,2376.0,0
2013,B1302007900000,"Santo Marcos, Goleiro De Placa",Thiago Di Fiori,Documentário,Contém Conteúdo,,Maff Representação E Participação,SP,,11,2557,32997.93,SP,1.0,0,2010,0,0,0,1,estreante,nova,0.0,0.0,0.0,0.0,sem fomento,1.869919704579661,61703.47951734033,201032714.0,129,0,2376.0,1
2013,B1301898000000,"Satyrianas, 78Horas Em 78 Min",Daniel Gaggini/Fausto Noro/Otavio Pacheco,Documentário,Muk Produções/Na Laje Filmes,Teleimage,Vitrine Filmes,SP/SP,SP,1,87,1116.44,SP,1.0,1,2010,0,21,0,1,estreante,media,0.0,0.0,0.0,0.0,sem fomento,1.869919704579661,2087.653154980917,201032714.0,129,0,2376.0,0
2013,B1301917000000,Se Puder...Dirija!,Paulo Fontenelle,Ficção,Total Entertainment,,Disney,RJ,,471,360808,4454754.0,RJ,1.0,0,2010,1,6,9,0,iniciante,pequena,0.0,1.0,0.0,1.0,só incentivo,1.869919704579661,8330032.283655063,201032714.0,129,1,2376.0,1
2013,B1201698400000,Segredos Da Tribo,José Padilha,Documentário,Zazen Produções,,Zazen,RJ,,2,775,6272.0,RJ,1.0,0,2010,4,3,6,0,estabelecida,nova,0.0,1.0,0.0,1.0,só incentivo,1.869919704579661,11728.136387123634,201032714.0,129,0,2376.0,0
2013,B1301969600000,Serra Pelada,Heitor Dhalia,Ficção,Casablanca Content/Paranoid Filmes,Globo Filmes,Warner,SP/SP,RJ,332,405688,4219527.0,SP,1.0,1,2010,3,30,0,0,estabelecida,media,0.0,1.0,0.0,1.0,só incentivo,1.869919704579661,7890176.681305903,201032714.0,129,1,2376.0,1
2013,B1301836900000,Serra Pelada – A Lenda Da Montanha De Ouro,Victor Lopes,Documentário,Tv Zero Produções,Nova Triniti Comunicação/Tv Zero Cinema,Tv Zero Cinema,RJ,RJ/RJ,3,797,6332.82,RJ,1.0,1,2010,3,1,4,0,estabelecida,nova,0.0,1.0,0.0,1.0,só incentivo,1.869919704579661,11841.864903556168,201032714.0,129,0,2376.0,0
2013,B1301776900000,Simone,Juan Zapata,Ficção,Zapata Filmes,,Tucumán,RS,,5,815,5909.28,RS,1.0,0,2010,1,1,0,0,iniciante,nova,0.0,0.0,0.0,0.0,sem fomento,1.869919704579661,11049.879111878497,201032714.0,129,0,2376.0,0
2013,B1201682600000,Sobral - O Homem Que Não Tinha Preço,Paula Fiuza,Documentário,Canal Laranja Produções,Casé Filmes,Serendip,RJ,RJ,14,4550,51515.22,RJ,1.0,1,2010,0,0,0,1,estreante,nova,0.0,1.0,0.0,1.0,só incentivo,1.869919704579661,96329.32496375624,201032714.0,129,1,2376.0,1
2013,B1301888400000,Solidões,Oswaldo Montenegro,Ficção,Oswaldo Montenegro Produções Artísticas,Canal Brasil,Oswaldo Montenegro Produções Artísticas,RJ,RJ,6,1971,29109.04,RJ,1.0,1,2010,1,0,1,0,iniciante,nova,0.0,0.0,0.0,0.0,sem fomento,1.869919704579661,54431.56747739753,201032714.0,129,0,2376.0,0
2013,B1301773400000,Somos Tão Jovens,Antonio Carlos Da Fontoura,Ficção,Canto Claro Produções Artísticas,,Imagem/Fox,RJ,,565,1715763,18253649.24,RJ,1.0,0,2010,3,0,1,0,estabelecida,nova,1.0,1.0,1.0,1.0,FSA e incentivo,1.869919704579661,34132858.39436155,201032714.0,129,1,2376.0,1
2013,B1301808000000,"Sorria, Você Esta Na Barra",Izabel Jaguaribe,Documentário,Tambellini Filmes,Jaguar Produções Artísticas,Videofilmes,RJ,RJ,2,62,798.11,RJ,1.0,1,2010,2,26,8,0,iniciante,media,0.0,1.0,0.0,1.0,só incentivo,1.869919704579661,1492.4016154220733,201032714.0,129,0,2376.0,0
2013,B1101521000000,Super Nada,Rubens Rewald,Ficção,Confeitaria De Cinema,,Lume Produções Cinematográficas,SP,,7,2842,29434.12,SP,1.0,0,2010,0,2,0,1,estreante,nova,0.0,1.0,0.0,1.0,só incentivo,1.869919704579661,55039.44097496229,201032714.0,129,1,2376.0,1
2013,B1301963900000,São Silvestre,Lina Chamie,Documentário,Bossa Nova Films,Girafa Filmes,Pandora Filmes,SP,SP,3,1622,17973.12,SP,1.0,1,2010,3,10,3,0,estabelecida,pequena,0.0,1.0,0.0,1.0,só incentivo,1.869919704579661,33608.29124077479,201032714.0,129,0,2376.0,0
2013,B1201639800000,Tabu,Miguel Gomes,Ficção,Gullane,,Espaço Filmes,SP,,3,22745,246246.07,SP,1.0,0,2010,0,25,6,1,estreante,media,0.0,1.0,0.0,1.0,só incentivo,1.869919704579661,460460.37846830254,201032714.0,129,1,2376.0,1
2013,B1301712200000,Tainá - A Origem,Rosane Svartman,Ficção,Sincrocine,Estudios Quanta,Downtown/Sony/Riofilme,RJ,SP,195,353690,3099476.47,RJ,1.0,1,2010,3,0,0,0,estabelecida,nova,1.0,1.0,1.0,1.0,FSA e incentivo,1.869919704579661,5795772.125134011,201032714.0,129,1,2376.0,1
2013,B1301947600000,Tatuagem,Hilton Lacerda,Ficção,Rec Produtores Associados,,Imovision,PE,,22,46739,450386.43,PE,1.0,0,2010,0,33,4,1,estreante,media,1.0,1.0,1.0,1.0,FSA e incentivo,1.869919704579661,842186.4601322882,201032714.0,129,1,2376.0,1
2013,B1301981200000,Tokiori - Dobras Do Tempo,Paulo Pastorelo,Documentário,Primo Filmes,Paulo Pastorelo,Lume Produções Cinematográficas,SP,,2,540,5263.18,SP,1.0,1,2010,0,2,1,1,estreante,nova,0.0,0.0,0.0,0.0,sem fomento,1.869919704579661,9841.72399074958,201032714.0,129,0,2376.0,0
2013,B1101372000000,Trampolim Do Forte,João Rodrigo Mattos,Ficção,Docdoma Filmes,,Pipa Produções,BA,,5,2616,21156.8,BA,1.0,0,2010,0,9,0,1,estreante,pequena,0.0,0.0,0.0,0.0,sem fomento,1.869919704579661,39561.51720585097,201032714.0,129,0,2376.0,1
2013,B1201580500000,Uma História De Amor E Fúria,Luiz Bolognesi,Animação,Buriti Filmes,Gullane/Lightstar Studios,Europa,SP,SP/SP,65,30456,296444.48,SP,1.0,1,2010,0,10,0,1,estreante,pequena,3.0,2.0,1.0,1.0,FSA e incentivo,1.869919704579661,554327.3744658711,201032714.0,129,1,2376.0,1
2013,B1301733000000,Vai Que Dá Certo,Maurício Farias,Ficção,Fraiha Produções,,Imagem,RJ,,469,2729340,28990665.92,RJ,1.0,0,2010,3,24,2,0,estabelecida,media,1.0,1.0,1.0,1.0,FSA e incentivo,1.869919704579661,54210217.45269405,201032714.0,129,1,2376.0,1
2013,B1301979600000,Vazio Coração,Alberto Araújo,Ficção,Kanal Cine E Vídeo,Teleimage/Moviecenter,Califórnia,GO,SP/SP,28,2479,27563.59,GO,1.0,1,2010,0,7,0,1,estreante,pequena,0.0,0.0,0.0,0.0,sem fomento,1.869919704579661,51541.700069954895,201032714.0,129,0,2376.0,1
2013,B1301769500000,Vendo Ou Alugo,Betse De Paula,Ficção,Aurora Cinematográfica,Atitude Produções/Globo Filmes,Europa/Riofilme,RJ,RJ/RJ,179,152303,1648359.87,RJ,1.0,1,2010,2,3,2,0,iniciante,nova,1.0,1.0,1.0,1.0,FSA e incentivo,1.869919704579661,3082300.6011513686,201032714.0,129,1,2376.0,1
2013,B1201667800000,Xico Stockinger,Frederico Mendina,Documentário,Pironauta,,Lança Filmes,RS,,2,356,2479.33,RS,1.0,0,2010,0,0,0,1,estreante,nova,0.0,1.0,0.0,1.0,só incentivo,1.869919704579661,4636.148021155491,201032714.0,129,0,2376.0,0
2014,B1402089200000,12 De Junho De 1993 - O Dia Da Paixão Palmeirense,Jaime Queiroz/Mauro Betting,Documentário,Canal Azul,Espn Brasil,Elo Company,SP,SP,8,1236,17102.01,SP,1.0,1,2010,0,3,3,1,estreante,nova,0.0,1.0,0.0,1.0,só incentivo,1.7586137805358846,30075.8304608625,202768562.0,114,0,4814.5,0
2014,B1402098200000,A Balada Do Provisório,Felipe David Rodrigues,Ficção,Maria Gorda Filmes,Canal Brasil,Maria Gorda Filmes,RJ,RJ,1,20,150.0,RJ,1.0,1,2010,0,0,0,1,estreante,nova,0.0,0.0,0.0,0.0,sem fomento,1.7586137805358846,263.7920670803827,202768562.0,114,0,4814.5,0
2014,B1301869200000,A Casa Elétrica,Gustavo Fogaça Guffo,Ficção,Panda Filmes,,Panda Filmes,RS,,2,351,2752.35,RS,1.0,0,2010,0,11,1,1,estreante,pequena,0.0,1.0,0.0,1.0,só incentivo,1.7586137805358846,4840.320638857942,202768562.0,114,0,4814.5,0
2014,B1302020900000,A Farra Do Circo,Pedro Bronz/Roberto Berliner,Documentário,Nego Produção De Filmes/Tv Zero Cinema,Canal Brasil,Arthouse,SP/RJ,RJ,6,942,14199.54,SP,2.0,1,2010,1,2,0,0,iniciante,nova,0.0,0.0,0.0,0.0,sem fomento,1.7586137805358846,24971.506721270514,202768562.0,114,0,4814.5,0
2014,B1402149200000,A Grande Vitória,Stefano Capuzzi Lapietra,Ficção,Alfa Filmes & Produções,,Downtown/Paris,SP,,90,26550,310608.29,SP,1.0,0,2010,0,8,0,1,estreante,pequena,0.0,1.0,0.0,1.0,só incentivo,1.7586137805358846,546240.0191426864,202768562.0,114,1,4814.5,1
2014,B1402217800000,A História Do Homem Henry Sobel,André Bushatsky,Documentário,Twins,,Espaço Filmes,SP,,10,1390,17411.55,SP,1.0,0,2010,0,31,0,1,estreante,media,0.0,0.0,0.0,0.0,sem fomento,1.7586137805358846,30620.19177048958,202768562.0,114,0,4814.5,0
2014,B1402723400000,A Noite Da Virada,Fábio Mendonça,Ficção,O2 Filmes,Globo Filmes/Maiomidia Comunicação/Telecine/O2 Filmes,Downtown/Paris,SP,RJ/RJ/RJ/SP,297,348293,4148146.83,SP,1.0,1,2010,0,8,14,1,estreante,pequena,1.0,1.0,1.0,1.0,FSA e incentivo,1.7586137805358846,7294988.178924246,202768562.0,114,1,4814.5,1
2014,B1301910400000,A Oeste Do Fim Do Mundo,Paulo Nascimento,Ficção,Accorde Filmes,Panda Filmes,Espaço Filmes,RS,RS,16,4780,58339.37,RS,1.0,1,2010,4,31,3,0,estabelecida,media,0.0,2.0,0.0,1.0,só incentivo,1.7586137805358846,102596.42002978177,202768562.0,114,1,4814.5,0
2014,B1402070900000,A Onda Da Vida – Uma História De Amor & Surf,José Augusto Muleta,Ficção,Idéias Ideais/José Augusto Muleta,,Ideias Ideais/Nossa Distribuidora,RJ/-,,16,4849,59878.11,RJ,1.0,0,2010,0,0,0,1,estreante,nova,0.0,0.0,0.0,0.0,sem fomento,1.7586137805358846,105302.46939844356,202768562.0,114,1,4814.5,1
2014,B1302034700000,A Pelada,Damien Chemin,Ficção,W.G. Produções,,Downtown/Paris,SE,,4,7517,76281.27,SE,1.0,0,2010,0,8,0,1,estreante,pequena,0.0,0.0,0.0,0.0,sem fomento,1.7586137805358846,134149.29261877856,202768562.0,114,1,4814.5,1
2014,B1301902100000,"A Primeira Missa Ou Tristes Tropeços, Enganos E Urucum",Ana Carolina,Ficção,Crystal Cinematográfica,,Pandora Filmes,RJ,,4,767,6889.91,RJ,1.0,0,2010,2,15,2,0,iniciante,pequena,1.0,1.0,1.0,1.0,FSA e incentivo,1.7586137805358846,12116.690672651996,202768562.0,114,0,4814.5,0
2014,B1402081900000,Alemão,José Eduardo Belmonte,Ficção,Camisa Treze Cultural,,Downtown/Paris,SP,,368,955841,11339991.54,SP,1.0,0,2010,4,8,0,0,estabelecida,pequena,0.0,1.0,0.0,1.0,só incentivo,1.7586137805358846,19942665.393404346,202768562.0,114,1,4814.5,1
2014,B1301944100000,Alguém Qualquer,Tristan Aronovich,Ficção,La Film - Latin American Film Institute,,Panda Filmes,SP,,1,568,7833.79,SP,1.0,0,2010,1,11,1,0,iniciante,pequena,0.0,0.0,0.0,0.0,sem fomento,1.7586137805358846,13776.611047824206,202768562.0,114,0,4814.5,0
2014,B1402080700000,Amazônia,Thierry Ragobert,Ficção,Gullane,,Imovision,SP,,212,79317,979964.95,SP,1.0,0,2010,0,39,10,1,estreante,media,1.0,1.0,1.0,1.0,FSA e incentivo,1.7586137805358846,1723379.865512159,202768562.0,114,1,4814.5,1
2014,B1201629200000,Amazônia Eterna,Belisario Franca,Documentário,Giros/Tudo Produções,,Elo Company,RJ/SP,,2,241,2946.55,RJ,2.0,0,2010,0,3,0,1,estreante,nova,0.0,1.0,0.0,1.0,só incentivo,1.7586137805358846,5181.843435038011,202768562.0,114,0,4814.5,0
2014,B1301732600000,Aos Ventos Que Virão,Hermano Penna,Ficção,Luz Xxi,,Pandora Filmes,SP,,3,2266,22420.46,SP,1.0,0,2010,2,15,1,0,iniciante,pequena,1.0,1.0,1.0,1.0,FSA e incentivo,1.7586137805358846,39428.929921953575,202768562.0,114,0,4814.5,0
2014,B1402480200000,Apneia,Mauricio Eça,Ficção,Juba Filmes,,Elo Company,SP,,9,5293,50672.71,SP,1.0,0,2010,0,3,0,1,estreante,nova,0.0,1.0,0.0,1.0,só incentivo,1.7586137805358846,89113.72610309852,202768562.0,114,1,4814.5,1
2014,B1402521900000,As Aventuras Do Avião Vermelho,Frederico Pinto/Jose Maia,Animação,Armazém De Imagens,Okna Produções,Imagem,RS,RS,91,21696,222862.05,RS,1.0,1,2010,0,29,0,1,estreante,media,1.0,1.0,1.0,1.0,FSA e incentivo,1.7586137805358846,391928.27228847734,202768562.0,114,1,4814.5,1
2014,B1301874500000,Até Que A Sbórnia Nos Separe,Ennio Torresan/Otto Guerra,Animação,Otto Desenhos Animados,,Lotado Filmes,RS,,25,14406,179282.18,RS,1.0,0,2010,0,0,1,1,estreante,nova,1.0,1.0,1.0,1.0,FSA e incentivo,1.7586137805358846,315288.11235251493,202768562.0,114,1,4814.5,1
2014,B1301880900000,Avanti Popolo,Michael Wahrmann,Ficção,Dezenove Som E Imagens,Sancho Filmes,Vitrine Filmes,SP,SP,17,2798,32427.95,SP,1.0,1,2010,0,34,9,1,estreante,media,0.0,0.0,0.0,0.0,sem fomento,1.7586137805358846,57028.23974452864,202768562.0,114,0,4814.5,0
2014,B1402117800000,Bernardes,Gustavo Gama Rodrigues/Paulo De Barros,Documentário,6D Filmes,Rinoceronte Produções/Rinoceronte Entretenimento/Globosat,Nossa Distribuidora,RJ,RJ/RJ/RJ,8,1681,21400.33,RJ,1.0,1,2010,0,0,0,1,estreante,nova,0.0,1.0,0.0,1.0,só incentivo,1.7586137805358846,37634.91524601551,202768562.0,114,0,4814.5,0
2014,B1402300400000,Boa Sorte,Carolina Jabor,Ficção,Conspiração Filmes,Globo Filmes/Telecine/Guel Produtora,Imagem,RJ,RJ/RJ/RJ,179,145890,1888580.47,RJ,1.0,1,2010,0,29,15,1,estreante,media,0.0,1.0,0.0,1.0,só incentivo,1.7586137805358846,3321283.6401929376,202768562.0,114,1,4814.5,1
2014,B1402203900000,Brincante,Walter Carvalho,Documentário,Gullane,Brincante Produções Artísticas,Espaço Filmes,SP,SP,18,7222,94837.54,SP,1.0,1,2010,2,31,10,0,iniciante,media,0.0,1.0,0.0,1.0,só incentivo,1.7586137805358846,166782.60475612315,202768562.0,114,1,4814.5,1
2014,B1402141800000,Castanha,Davi Pretto,Ficção,Tokyo Filmes,Canal Brasil,Vitrine Filmes,RS,RJ,17,3180,28712.82,RS,1.0,1,2010,0,34,0,1,estreante,media,0.0,0.0,0.0,0.0,sem fomento,1.7586137805358846,50494.76093004636,202768562.0,114,1,4814.5,0
2014,B1402148600000,Causa E Efeito,André Marouço,Ficção,Mar Revolto Produções,Estação Luz Filmes/Estação Luz Filmes,Downtown/Paris,SP,CE/CE,126,83413,983325.25,SP,1.0,1,2010,0,8,0,1,estreante,pequena,0.0,1.0,0.0,1.0,só incentivo,1.7586137805358846,1729289.3353988938,202768562.0,114,1,4814.5,1
2014,B1301902700000,Confia Em Mim,Michel Tikhomiroff,Ficção,Mixer Rio,Globo Filmes/Teleimage,Downtown/Paris,RJ,RJ/SP,67,42811,550019.13,RJ,1.0,1,2010,0,8,1,1,estreante,pequena,0.0,1.0,0.0,1.0,só incentivo,1.7586137805358846,967271.2215763582,202768562.0,114,1,4814.5,1
2014,B1301999100000,Confissões De Adolescente - O Filme,Cris D'Amato/Daniel Filho,Ficção,Lereby,,Sony,RJ,,394,816971,8605015.98,RJ,1.0,0,2010,0,13,6,1,estreante,pequena,0.0,1.0,0.0,1.0,só incentivo,1.7586137805358846,15132899.6841595,202768562.0,114,1,4814.5,1
2014,B1402145700000,Copa De Elite,Vitor Brandt,Ficção,Glaz Entretenimento,,Fox,RJ,,269,646224,7793226.0,RJ,1.0,0,2010,0,34,4,1,estreante,media,0.0,1.0,0.0,1.0,só incentivo,1.7586137805358846,13705274.638430549,202768562.0,114,1,4814.5,1
2014,B1302055400000,Coração De Leão,Marcos Carnevale,Ficção,Unfinished Business Produções,,H2O Films,RJ,,46,25936,372720.93,RJ,1.0,0,2010,0,3,0,1,estreante,nova,0.0,1.0,0.0,1.0,só incentivo,1.7586137805358846,655472.1637921508,202768562.0,114,1,4814.5,1
2014,B1101349700000,Cuba Libre,Evaldo Mocarzel,Documentário,Casa Azul Produções,,Raiz Distribuidora,SP,,2,940,8993.86,SP,1.0,0,2010,10,5,6,0,veterana,pequena,0.0,0.0,0.0,0.0,sem fomento,1.7586137805358846,15816.726136210473,202768562.0,114,0,4814.5,0
2014,B1402172000000,De Menor,Caru Alves De Souza,Ficção,Tangerina Entretenimento,Manjericão Filmes,Espaço Filmes,SP,SP,21,7968,96000.55,SP,1.0,1,2010,0,31,1,1,estreante,media,0.0,0.0,0.0,0.0,sem fomento,1.7586137805358846,168827.8901690242,202768562.0,114,1,4814.5,1
2014,B1402183000000,Democracia Em Preto E Branco,Pedro Asbeg,Documentário,Espn Brasil,Gugarod Produções/Miração Filmes/Tv Zero Cinema,Tv Zero Cinema,SP,RJ/SP/RJ,9,1274,17983.5,SP,1.0,1,2010,0,2,1,1,estreante,nova,0.0,1.0,0.0,1.0,só incentivo,1.7586137805358846,31626.03092226708,202768562.0,114,0,4814.5,0
2014,B1402150700000,Do Lado De Fora,Alexandre Carvalho,Ficção,Asc Audiovisual,,Elo Company,SP,,30,9274,125226.24,SP,1.0,0,2010,1,3,1,0,iniciante,nova,0.0,1.0,0.0,1.0,só incentivo,1.7586137805358846,220224.59134869403,202768562.0,114,1,4814.5,1
2014,B1402161500000,Dominguinhos,Eduardo Nazarian/Joaquim Castro/Mariana Aydar,Documentário,Big Bonsai,Duani Martins/Eduardo Nazarian/Mariana Aydar,Espaço Filmes,SP,,15,10284,120460.47,SP,1.0,1,2010,0,31,0,1,estreante,media,0.0,1.0,0.0,1.0,só incentivo,1.7586137805358846,211843.4425518295,202768562.0,114,1,4814.5,1
2014,B1302036500000,Eles Voltam,Marcelo Lordello,Ficção,Marcelo Lordello/Plano 9 Produções,Trincheira Filmes,Vitrine Filmes,-/PE,PE,12,5516,38663.75,PE,1.0,1,2010,0,34,0,1,estreante,media,0.0,0.0,0.0,0.0,sem fomento,1.7586137805358846,67994.6035571943,202768562.0,114,1,4814.5,1
2014,B1301938500000,Em Busca De Iara,Flavio Frederico,Documentário,Kinoscópio,,Kinoscópio,SP,,12,7563,80229.75,SP,1.0,0,2010,2,1,2,0,iniciante,nova,0.0,1.0,0.0,1.0,só incentivo,1.7586137805358846,141093.14395894887,202768562.0,114,1,4814.5,1
2014,B1201696800000,Em Busca De Um Lugar Comum,Felippe Schultz Mussel,Documentário,Sobretudo Produção,,Arthouse,RJ,,1,200,901.0,RJ,1.0,0,2010,0,2,0,1,estreante,nova,0.0,0.0,0.0,0.0,sem fomento,1.7586137805358846,1584.511016262832,202768562.0,114,0,4814.5,0
2014,B1402086200000,Entre Nós,Paulo Morelli,Ficção,O2 Filmes,Globo Filmes,Downtown/Paris,SP,RJ,107,70751,927138.44,SP,1.0,1,2010,2,8,14,0,iniciante,pequena,1.0,1.0,1.0,1.0,FSA e incentivo,1.7586137805358846,1630478.4370485423,202768562.0,114,1,4814.5,1
2014,B1301935400000,Entre Vales,Philippe Barcinsk,Ficção,Degrau Filmes,Polo De Imagem/Aurora Filmes/Secretaria Municipal De Cultura De São Paulo,Imovision,SP,SP/SP/SP,5,3869,37372.93,SP,1.0,1,2010,1,39,0,0,iniciante,media,1.0,1.0,1.0,1.0,FSA e incentivo,1.7586137805358846,65724.54971700297,202768562.0,114,1,4814.5,0
2014,B1402593100000,Esse Viver Ninguém Me Tira,Caco Ciocler,Documentário,Alumiá/Cine Group,,Cine Group,DF/DF,,3,2264,30922.38,DF,1.0,0,2010,0,0,0,1,estreante,nova,0.0,0.0,0.0,0.0,sem fomento,1.7586137805358846,54380.52359496723,202768562.0,114,0,4814.5,0
2014,B1301763500000,Estação Liberdade,Caito Ortiz,Ficção,Prodigo Films,,Elo Company,SP,,2,564,8461.29,SP,1.0,0,2010,2,3,2,0,iniciante,nova,1.0,1.0,1.0,1.0,FSA e incentivo,1.7586137805358846,14880.141195110476,202768562.0,114,0,4814.5,0
2014,B1101402500000,Futebol De Várzea,Marc Dourdin,Documentário,Mamute Filmes,,Polifilmes,SP,,1,52,320.0,SP,1.0,0,2010,0,24,0,1,estreante,media,0.0,0.0,0.0,0.0,sem fomento,1.7586137805358846,562.756409771483,202768562.0,114,0,4814.5,0
2014,B1302053000000,Gata Velha Ainda Mia,Rafael Primot,Ficção,Piloto,Canal Brasil,Polifilmes,SP,RJ,11,3180,41418.1,SP,1.0,1,2010,0,24,1,1,estreante,media,0.0,0.0,0.0,0.0,sem fomento,1.7586137805358846,72838.44142361332,202768562.0,114,1,4814.5,0
2014,B1402159100000,Getúlio,João Jardim,Ficção,Globo Filmes,Copacabana Filmes E Produções/Fogo Azul Filmes/João Jardim/Telecine,Copacabana Filmes,RJ,RJ/RJ/-/RJ,182,508901,6447968.11,RJ,1.0,1,2010,2,8,11,0,iniciante,pequena,1.0,1.0,1.0,1.0,FSA e incentivo,1.7586137805358846,11339485.574701924,202768562.0,114,1,4814.5,1
2014,B1402094700000,Hoje Eu Quero Voltar Sozinho,Daniel Ribeiro,Ficção,Diana Almeida/Lacuna Filmes,,Vitrine Filmes,-/SP,,71,204836,2394207.87,SP,1.0,0,2010,0,34,0,1,estreante,media,0.0,1.0,0.0,1.0,só incentivo,1.7586137805358846,4210486.953649468,202768562.0,114,1,4814.5,1
2014,B1402146400000,Hélio Oiticica,Cesar Oiticica Filho,Documentário,Guerrilha Filmes,Videofilmes,Nossa Distribuidora,RJ,RJ,9,4078,48711.96,RJ,1.0,1,2010,0,0,0,1,estreante,nova,0.0,1.0,0.0,1.0,só incentivo,1.7586137805358846,85665.52413291279,202768562.0,114,1,4814.5,0
2014,B1402269700000,Ilegal,Raphael Erichsen/Tarso Araujo,Documentário,3Film,,Espaço Filmes,SP,,25,5659,73888.54,SP,1.0,0,2010,0,31,0,1,estreante,media,0.0,0.0,0.0,0.0,sem fomento,1.7586137805358846,129941.40466767692,202768562.0,114,1,4814.5,1
2014,B1302053700000,Insônia,Beto Souza,Ficção,Panda Filmes,Arte Lux Produções/Okna Produções,Espaço Filmes,RS,PR/RS,8,2079,25215.7,RS,1.0,1,2010,4,31,1,0,estabelecida,media,0.0,1.0,0.0,1.0,só incentivo,1.7586137805358846,44344.67750585871,202768562.0,114,0,4814.5,0
2014,B1402406800000,Irmã Dulce,Vicente Amorim,Ficção,Migdal Filmes,Globo Filmes/Lereby/Telecine,Downtown/Paris,RJ,RJ/RJ/RJ,143,205157,2373703.61,RJ,1.0,1,2010,2,8,1,0,iniciante,pequena,1.0,1.0,1.0,1.0,FSA e incentivo,1.7586137805358846,4174427.879453777,202768562.0,114,1,4814.5,1
2014,B1402233800000,Isolados,Tomas Portella,Ficção,Media Bridge,,Downtown/Paris,RJ,,181,81367,910796.46,RJ,1.0,0,2010,1,8,0,0,iniciante,pequena,0.0,1.0,0.0,1.0,só incentivo,1.7586137805358846,1601739.2058193006,202768562.0,114,1,4814.5,1
2014,B1101366000000,Jardim Europa,Mauro Baptista Vedia,Ficção,Kashhmyr Audiovisual/Plano Geral Produções,Limiar,Raiz Distribuidora,SP/SP,SP,2,1593,15288.0,SP,1.0,1,2010,0,5,0,1,estreante,pequena,0.0,0.0,0.0,0.0,sem fomento,1.7586137805358846,26885.687476832605,202768562.0,114,0,4814.5,0
2014,B1301938400000,Jogo Das Decapitações,Sérgio Bianchi,Ficção,Agravo Produções Cinematográficas,,Pandora Filmes,SP,,8,1355,14162.07,SP,1.0,0,2010,4,15,4,0,estabelecida,pequena,0.0,1.0,0.0,1.0,só incentivo,1.7586137805358846,24905.611462913836,202768562.0,114,0,4814.5,0
2014,B1402107400000,Jogo De Xadrez,Luis Antonio Pereira,Ficção,Eclectic Entertainment,,Elo Company,RJ,,10,521,6707.83,RJ,1.0,0,2010,0,3,0,1,estreante,nova,0.0,1.0,0.0,1.0,só incentivo,1.7586137805358846,11796.482275492022,202768562.0,114,0,4814.5,0
2014,B1402115000000,Julio Sumiu,Roberto Berliner,Ficção,Globo Filmes,Tv Zero Cinema/B Silva Redatores/Telecine/Riofilme,Imagem,RJ,RJ/RJ/RJ/RJ,259,179745,2237498.32,RJ,1.0,1,2010,1,29,11,0,iniciante,media,0.0,2.0,0.0,1.0,só incentivo,1.7586137805358846,3934895.37947789,202768562.0,114,1,4814.5,1
2014,B1402176400000,Junho,João Wainer,Documentário,Folhapress,,O2 Play,SP,,14,3706,48219.09,SP,1.0,0,2010,0,0,0,1,estreante,nova,0.0,0.0,0.0,0.0,sem fomento,1.7586137805358846,84798.75615890005,202768562.0,114,1,4814.5,0
2014,B1301810400000,La Playa D. C.,Juan Andrés Arango,Ficção,Bananeira Filmes,,Tucumán,RJ,,3,536,5447.5,RJ,1.0,0,2010,0,3,4,1,estreante,nova,0.0,0.0,0.0,0.0,sem fomento,1.7586137805358846,9580.04856946923,202768562.0,114,0,4814.5,0
2014,B1402243500000,Lascados,Vitor Mafra,Ficção,Santa Rita Filmes,Manoel Batista,Santa Rita Filmes,SP,,41,25999,327317.11,SP,1.0,1,2010,0,0,0,1,estreante,nova,0.0,1.0,0.0,1.0,só incentivo,1.7586137805358846,575624.3802511799,202768562.0,114,1,4814.5,1
2014,B1302057500000,Latitudes,Felipe Braga,Ficção,Losbragas Produções,House Entertainment/Alice Braga/Daniel De Oliveira,O2 Play,RJ,RJ/-/-,5,1505,17987.79,RJ,1.0,1,2010,0,0,0,1,estreante,nova,0.0,0.0,0.0,0.0,sem fomento,1.7586137805358846,31633.575375385582,202768562.0,114,0,4814.5,0
2014,B1402543500000,Made In China,Estevão Ciavatta,Ficção,Globo Filmes,Pindorama Filmes/Conspiração Filmes/Guel Produtora,H2O Films,RJ,RJ/RJ/RJ,396,381889,4171611.46,RJ,1.0,1,2010,1,3,11,0,iniciante,nova,0.0,1.0,0.0,1.0,só incentivo,1.7586137805358846,7336253.4005974205,202768562.0,114,1,4814.5,1
2014,B1302025600000,Mar Negro,Rodrigo Aragão,Ficção,Fábulas Negras Produções Artísticas,,Petrini,ES,,,,,ES,1.0,0,2010,0,1,0,1,estreante,nova,0.0,0.0,0.0,0.0,sem fomento,1.7586137805358846,,202768562.0,114,,4814.5,
2014,B1402261200000,Meninos Da Vila - A Magia Dos Santos,Kátia Lund,Documentário,Canal Azul,,Elo Company,SP,,4,35,393.22,SP,1.0,0,2010,0,3,3,1,estreante,nova,0.0,1.0,0.0,1.0,só incentivo,1.7586137805358846,691.5221107823206,202768562.0,114,0,4814.5,0
2014,B1001288800000,Meninos De Kichute,Luca Amberg,Ficção,Amberg Filmes,,Pandora Filmes,SP,,13,2005,17950.98,SP,1.0,0,2010,1,15,1,0,iniciante,pequena,0.0,1.0,0.0,1.0,só incentivo,1.7586137805358846,31568.840802124054,202768562.0,114,0,4814.5,0
2014,B1201544500000,Mentiras Sinceras,Pedro Asbeg,Documentário,Cavideo Produções/Link Digital,,Livres Filmes,RJ/RJ,,1,200,1260.0,RJ,1.0,0,2010,0,0,0,1,estreante,nova,0.0,0.0,0.0,0.0,sem fomento,1.7586137805358846,2215.8533634752143,202768562.0,114,0,4814.5,0
2014,B1302041800000,Minutos Atrás,Caio Soh,Ficção,Caio Soh/Maria Farinha Filmes,Vinte E Dois Gestão Cultural/Canal Brasil,H2O Films,RJ/SP,SP/RJ,11,860,8530.29,RJ,2.0,1,2010,0,3,0,1,estreante,nova,0.0,0.0,0.0,0.0,sem fomento,1.7586137805358846,15001.485545967453,202768562.0,114,0,4814.5,0
2014,B1302050600000,Muita Calma Nessa Hora 2,Felipe Joffily,Ficção,Casé Filmes/Globo Filmes,Idéias Ideais,Downtown/Paris,RJ/RJ,RJ,422,1429862,15888595.19,RJ,1.0,1,2010,3,8,0,0,estabelecida,pequena,0.0,3.0,0.0,1.0,só incentivo,1.7586137805358846,27941902.45449017,202768562.0,114,1,4814.5,1
2014,B1402126100000,Mão Na Luva,José Joffily/Roberto Bomtempo,Ficção,Movimento Carioca Produções Artísticas/Sala2 Cinemavídeo,Canal Brasil,Ab Filmes,RJ/MG,RJ,5,740,9678.4,RJ,2.0,1,2010,0,0,0,1,estreante,nova,0.0,1.0,0.0,1.0,só incentivo,1.7586137805358846,17020.567613538504,202768562.0,114,0,4814.5,0
2014,B1402380600000,Na Quebrada,Fernando Grostein Andrade/Paulo Eduardo,Ficção,Spray Filmes,Globo Filmes/Maiomidia Comunicação,Downtown/Paris,SP,RJ/RJ,218,256046,2948394.64,SP,1.0,1,2010,0,8,1,1,estreante,pequena,0.0,1.0,0.0,1.0,só incentivo,1.7586137805358846,5185087.444362138,202768562.0,114,1,4814.5,1
2014,B1402201100000,Não Pare Na Pista: A Melhor História De Paulo Coelho,Daniel Augusto,Ficção,Dama Filmes,,Sony,SP,,299,94145,1143063.46,SP,1.0,0,2010,0,13,0,1,estreante,pequena,0.0,1.0,0.0,1.0,só incentivo,1.7586137805358846,2010207.1527830288,202768562.0,114,1,4814.5,1
2014,B1402260600000,O Candidato Honesto,Roberto Santucci,Ficção,Camisa Listrada/Panorama Filmes,Telecine,Downtown/Paris,RJ/RJ,RJ,595,2237776,24827669.51,RJ,1.0,1,2010,6,8,0,0,veterana,pequena,0.0,1.0,0.0,1.0,só incentivo,1.7586137805358846,43662281.73887662,202768562.0,114,1,4814.5,1
2014,B1402192100000,O Casamento De Gorete,Paulo Vespúcio,Ficção,Paisagem Filmes,Globo Filmes,Europa,RJ,RJ,100,92246,998440.05,RJ,1.0,1,2010,0,13,0,1,estreante,pequena,0.0,1.0,0.0,1.0,só incentivo,1.7586137805358846,1755870.4309689377,202768562.0,114,1,4814.5,1
2014,B1301996600000,O Grande Kilapy,Zézé Gamboa,Ficção,Raiz Produções,,Imovision,SP,,3,618,7624.21,SP,1.0,0,2010,0,39,6,1,estreante,media,1.0,1.0,1.0,1.0,FSA e incentivo,1.7586137805358846,13408.040771699496,202768562.0,114,0,4814.5,0
2014,B1402214200000,O Homem Das Multidões,Cao Guimarães/Marcelo Gomes,Ficção,Cinco Em Ponto,Rec Produtores Associados,Espaço Filmes,MG,PE,17,11532,132702.4,MG,1.0,1,2010,0,31,2,1,estreante,media,0.0,1.0,0.0,1.0,só incentivo,1.7586137805358846,233372.26935018515,202768562.0,114,1,4814.5,1
2014,B1301926100000,O Lobo Atrás Da Porta,Fernando Coimbra,Ficção,Gullane,Cabra Filmes/Tc Filmes/Cineclube Pela Madrugada,Imagem,SP,SP/SP/RJ,29,26710,346178.94,SP,1.0,1,2010,0,29,10,1,estreante,media,0.0,1.0,0.0,1.0,só incentivo,1.7586137805358846,608795.0544153051,202768562.0,114,1,4814.5,1
2014,B1301989000000,O Menino E O Mundo,Alê Abreu,Animação,Filme De Papel,,Espaço Filmes,SP,,24,61323,635679.92,SP,1.0,0,2010,1,31,1,0,iniciante,media,1.0,1.0,1.0,1.0,FSA e incentivo,1.7586137805358846,1117915.4673219488,202768562.0,114,1,4814.5,1
2014,B1402175100000,O Menino No Espelho,Guilherme Fiúza Zenha,Ficção,Camisa Listrada/Solo Filmes,Canal Brasil,Downtown/Paris,RJ/MG,RJ,14,22886,223688.21,RJ,2.0,1,2010,0,8,0,1,estreante,pequena,1.0,1.0,1.0,1.0,FSA e incentivo,1.7586137805358846,393381.16864940483,202768562.0,114,1,4814.5,1
2014,B1402139200000,O Mercado De Notícias,Jorge Furtado,Documentário,Casa De Cinema De Porto Alegre,,Espaço Filmes,RS,,16,13324,152694.21,RS,1.0,0,2010,4,31,8,0,estabelecida,media,0.0,0.0,0.0,0.0,sem fomento,1.7586137805358846,268530.14191404026,202768562.0,114,1,4814.5,1
2014,B1402245600000,O Segredo Dos Diamantes,Helvécio Ratton,Ficção,Quimera Filmes,,Espaço Filmes,MG,,19,8310,95444.44,MG,1.0,0,2010,6,31,5,0,veterana,media,0.0,1.0,0.0,1.0,só incentivo,1.7586137805358846,167849.9074595304,202768562.0,114,1,4814.5,1
2014,B1402693700000,O Senhor Do Labirinto,Geraldo Motta Filho,Ficção,Tibet Filme,,E.H. Produções,RJ,,10,3293,34977.07,RJ,1.0,0,2010,0,3,1,1,estreante,nova,0.0,1.0,0.0,1.0,só incentivo,1.7586137805358846,61511.15730476827,202768562.0,114,1,4814.5,0
2014,B1402682900000,O Vento Lá Fora,Marcio Debellian,Documentário,Quitanda,,Biscoito Fino,RJ,,3,3340,43338.0,RJ,1.0,0,2010,0,0,1,1,estreante,nova,0.0,0.0,0.0,0.0,sem fomento,1.7586137805358846,76214.80402086416,202768562.0,114,1,4814.5,0
2014,B1302025400000,O Último Lance De Um Leilão,Fabricio Cavalcanti/Orides Vicente,Ficção,Platéia Filmes/Voltado Para O Trono,,Sam Rádio Pictures,SP/SP,,,,,SP,1.0,0,2010,0,0,0,1,estreante,nova,0.0,0.0,0.0,0.0,sem fomento,1.7586137805358846,,202768562.0,114,,4814.5,
2014,B1302060500000,Olho Nu,Joel Pizzini,Documentário,Canal Brasil/Paloma Cinematográfica,Matogrosso Produções Artísticas/Teleimage/Polofilme,Vitrine Filmes,RJ/DF,RJ/SP/MS,22,9435,103867.83,RJ,2.0,1,2010,1,34,0,0,iniciante,media,0.0,1.0,0.0,1.0,só incentivo,1.7586137805358846,182663.39719235856,202768562.0,114,1,4814.5,1
2014,B1402155300000,Operários Da Bola,Virna Smith,Documentário,Virna Smith Produções,,Espaço Filmes,DF,,11,175,1942.42,DF,1.0,0,2010,0,31,0,1,estreante,media,0.0,0.0,0.0,0.0,sem fomento,1.7586137805358846,3415.966579588513,202768562.0,114,0,4814.5,0
2014,B1402192700000,Os Amigos,Lina Chamie,Ficção,Girafa Filmes,Dezenove Som E Imagens,Imovision,SP,SP,24,5513,69936.81,SP,1.0,1,2010,4,39,1,0,estabelecida,media,1.0,1.0,1.0,1.0,FSA e incentivo,1.7586137805358846,122991.83783271986,202768562.0,114,1,4814.5,1
2014,B1402271000000,Os Caras De Pau Em O Misterioso Roubo Do Anel,Felipe Joffily,Ficção,Casé Filmes,Globo Filmes/Imagem/Lereby/Ítaca Films,Imagem,RJ,RJ/SC/RJ/RJ,527,1892337,22614310.17,RJ,1.0,1,2010,3,29,2,0,estabelecida,media,0.0,1.0,0.0,1.0,só incentivo,1.7586137805358846,39769837.502274804,202768562.0,114,1,4814.5,1
2014,B1402150900000,Os Dias Com Ele,Maria Clara Escobar,Documentário,Aeroplano Produções/Filmes De Abril,Klaxon Cultura Audiovisual,Vitrine Filmes,SP/SP,SP,9,1048,12157.17,SP,1.0,1,2010,0,34,0,1,estreante,media,0.0,0.0,0.0,0.0,sem fomento,1.7586137805358846,21379.76669431744,202768562.0,114,0,4814.5,0
2014,B1402137200000,Os Homens São De Marte... E É Para Lá Que Eu Vou,Marcus Baldini,Ficção,Biônica Filmes,Globo Filmes/Telecine/Br3 Produções,Downtown/Paris,SP,RJ/RJ/RJ,465,1793239,21750981.39,SP,1.0,1,2010,1,8,0,0,iniciante,pequena,1.0,1.0,1.0,1.0,FSA e incentivo,1.7586137805358846,38251575.61263357,202768562.0,114,1,4814.5,1
2014,B1402118500000,Ozualdo Candeias E O Cinema,Eugenio Puppo,Documentário,Heco Produções,,Tucumán,SP,,1,269,1545.0,SP,1.0,0,2010,0,3,0,1,estreante,nova,0.0,1.0,0.0,1.0,só incentivo,1.7586137805358846,2717.0582909279415,202768562.0,114,0,4814.5,0
2014,B1001167100000,Pau Brasil,Fernando Belens,Ficção,Truque,Fernando Belens/Studio Brasil Cinema E Televisão/Teleimage,Caliban,BA,-/BA/SP,2,301,3516.04,BA,1.0,1,2010,0,3,4,1,estreante,nova,0.0,1.0,0.0,1.0,só incentivo,1.7586137805358846,6183.356396915391,202768562.0,114,0,4814.5,0
2014,B1402146300000,Praia Do Futuro,Karim Aïnouz,Ficção,Coração Da Selva,,Califórnia,SP,,114,133086,1728214.85,SP,1.0,0,2010,3,10,3,0,estabelecida,pequena,1.0,1.0,1.0,1.0,FSA e incentivo,1.7586137805358846,3039262.450936757,202768562.0,114,1,4814.5,1
2014,B1302031600000,Quando Eu Era Vivo,Marco Dutra,Ficção,Camisa Treze Cultural,,Vitrine Filmes,SP,,25,7731,86851.32,SP,1.0,0,2010,0,34,0,1,estreante,media,0.0,1.0,0.0,1.0,só incentivo,1.7586137805358846,152737.9282097319,202768562.0,114,1,4814.5,1
2014,B1301939800000,Remar É...,Valério Fonseca,Documentário,Valério Fonseca,,Raconto Produções Artísticas,RJ,,1,91,903.0,RJ,1.0,0,2010,0,1,0,1,estreante,nova,0.0,0.0,0.0,0.0,sem fomento,1.7586137805358846,1588.0282438239037,202768562.0,114,0,4814.5,0
2014,B1402186400000,Rio Em Chamas,Daniel Caetano,Documentário,Cavideo Produções,,Cavideo Produções,RJ,,1,970,4875.0,RJ,1.0,0,2010,0,0,2,1,estreante,nova,0.0,0.0,0.0,0.0,sem fomento,1.7586137805358846,8573.242180112436,202768562.0,114,0,4814.5,0
2014,B1402269500000,"Rio, Eu Te Amo",Andrucha Waddington/Carlos Saldanha/Fernando Meirelles/Guillermo Arriaga/John Turturro/José Padilha/Nadine Labaki/Paolo Sorrentino/Sangsoo Im/Stephan Elliott/Vicente Amorim,Ficção,Conspiração Filmes,Bossa Nova Films/Empyrean Pictures/Oz.,Warner,RJ,SP/RJ/RJ,248,98990,1239716.0,RJ,1.0,1,2010,0,31,15,1,estreante,media,0.0,1.0,0.0,1.0,só incentivo,1.7586137805358846,2180181.6415508245,202768562.0,114,1,4814.5,1
2014,B1302034400000,Riocorrente,Paulo Sacramento,Ficção,Olhos De Cão,Saracura Filmes/Tc Filmes,Califórnia,SP,SP/SP,12,3970,51295.98,SP,1.0,1,2010,1,10,5,0,iniciante,pequena,0.0,1.0,0.0,1.0,só incentivo,1.7586137805358846,90209.81731409313,202768562.0,114,1,4814.5,0
2014,B1201628900000,Ritos De Passagem,Chico Liberato,Animação,Liberato Produções Culturais,,Pipa Produções,BA,,2,966,5224.5,BA,1.0,0,2010,0,10,0,1,estreante,pequena,1.0,1.0,1.0,1.0,FSA e incentivo,1.7586137805358846,9187.877696409729,202768562.0,114,0,4814.5,0
2014,B1402106900000,S. O. S. Mulheres Ao Mar,Cris D'Amato,Ficção,Ananã Produções,Globo Filmes/Lereby,Disney,RJ,RJ/RJ,450,1776579,20732500.0,RJ,1.0,1,2010,1,9,1,0,iniciante,pequena,0.0,1.0,0.0,1.0,só incentivo,1.7586137805358846,36460460.20496023,202768562.0,114,1,4814.5,1
2014,B1402173200000,Sem Pena,Eugenio Puppo,Documentário,Heco Produções,Instituto De Defesa Do Direito De Defesa (Iddd),Espaço Filmes,SP,SP,13,7434,94240.62,SP,1.0,1,2010,0,31,0,1,estreante,media,0.0,1.0,0.0,1.0,só incentivo,1.7586137805358846,165732.8530182457,202768562.0,114,1,4814.5,1
2014,B1301754000000,Sementes Do Nosso Quintal,Fernanda Heinz Figueiredo,Documentário,Zinga,,Aiuê Filmes,SP,,3,2192,21416.16,SP,1.0,0,2010,0,0,0,1,estreante,nova,0.0,1.0,0.0,1.0,só incentivo,1.7586137805358846,37662.75410216139,202768562.0,114,0,4814.5,0
2014,B1402151100000,Setenta,Emilia Silveira,Documentário,70 Filmes/Cavideo Produções,Globo Filmes/Canal Brasil/Jom Tob De Azulay,Livres Filmes,RJ/RJ,RJ/RJ/RJ,7,1249,17330.87,RJ,1.0,1,2010,0,0,0,1,estreante,nova,0.0,1.0,0.0,1.0,só incentivo,1.7586137805358846,30478.306810675946,202768562.0,114,0,4814.5,0
2014,B1302014400000,Sobre Sete Ondas Verdes Espumantes,Bruno Polidoro/Cacá Nazario,Documentário,Besouro Filmes,,Boulevard Filmes,RS,,3,1128,6271.0,RS,1.0,0,2010,0,0,0,1,estreante,nova,0.0,0.0,0.0,0.0,sem fomento,1.7586137805358846,11028.267017740533,202768562.0,114,0,4814.5,0
2014,B1402285000000,Sobrevivente Urbano,José Claudio Silva,Ficção,Ze'S Produções,,Ze'S Produções,RJ,,5,366,4156.0,RJ,1.0,0,2010,0,0,0,1,estreante,nova,0.0,0.0,0.0,0.0,sem fomento,1.7586137805358846,7308.798871907136,202768562.0,114,0,4814.5,0
2014,B1402202200000,Sobrevivi Ao Holocausto,Caio Cobra/Marcio Pitliuk,Documentário,Cash Cow,Pit Cult,Downtown/Paris,PR,SP,6,1699,22981.07,PR,1.0,1,2010,0,8,0,1,estreante,pequena,0.0,1.0,0.0,1.0,só incentivo,1.7586137805358846,40414.8263934598,202768562.0,114,0,4814.5,0
2014,B1402635200000,Sopro,Marcos Pimentel,Documentário,Tempero Filmes,Anavilhana,Lume Produções Cinematográficas,MG,MG,6,1350,6431.57,MG,1.0,1,2010,0,6,0,1,estreante,pequena,0.0,0.0,0.0,0.0,sem fomento,1.7586137805358846,11310.64763248118,202768562.0,114,0,4814.5,0
2014,B1402178100000,Tarja Branca,Cacau Rhoden,Documentário,Maria Farinha Filmes,,Ideias Maria Farinha,SP,,15,14892,193057.4,SP,1.0,0,2010,0,1,1,1,estreante,nova,0.0,0.0,0.0,0.0,sem fomento,1.7586137805358846,339513.4040744285,202768562.0,114,1,4814.5,1
2014,B1402168700000,Tim Lopes – História De Arcanjo,Guilherme Azevedo,Documentário,Globo Filmes,Companhia Cinematográfica Filmi Di Luzzi/Avexi Filmes/Bruno Quintella,Europa,RJ,RJ/RJ/RJ,16,1676,21160.31,RJ,1.0,1,2010,0,13,11,1,estreante,pequena,0.0,1.0,0.0,1.0,só incentivo,1.7586137805358846,37212.81276641128,202768562.0,114,0,4814.5,0
2014,B1402280500000,Tim Maia,Mauro Lima,Ficção,Rt Features,,Downtown/Paris,SP,,540,777699,10266056.05,SP,1.0,0,2010,3,8,2,0,estabelecida,pequena,0.0,1.0,0.0,1.0,só incentivo,1.7586137805358846,18054027.64128379,202768562.0,114,1,4814.5,1
2014,B1402294200000,Trash - A Esperança Vem Do Lixo,Stephen Daldry,Ficção,O2 Filmes,,Universal,SP,,266,259283,3040946.35,SP,1.0,0,2010,0,7,14,1,estreante,pequena,0.0,1.0,0.0,1.0,só incentivo,1.7586137805358846,5347850.156980299,202768562.0,114,1,4814.5,1
2014,B1402332500000,Trinta,Paulo Machline,Ficção,Primo Filmes,Paulo Machline,Fox,SP,SP,55,21783,286907.0,SP,1.0,1,2010,1,34,2,0,iniciante,media,1.0,1.0,1.0,1.0,FSA e incentivo,1.7586137805358846,504558.603932209,202768562.0,114,1,4814.5,1
2014,B1402065100000,Uma Dose Violenta De Qualquer Coisa,Gustavo Galvão,Ficção,400 Filmes/Gustavo Galvão,,Okna Produções,DF/-,,13,3667,37165.79,DF,1.0,0,2010,1,2,0,0,iniciante,nova,0.0,0.0,0.0,0.0,sem fomento,1.7586137805358846,65360.270458502775,202768562.0,114,1,4814.5,0
2014,B1402449000000,Uma Passagem Para Mário,Eric Laurence,Documentário,Laurence Produções,Zquatro Studio/Ateliê Produções/Ideiaimagem,Laurence Produções,PE,PE/PE/PE,9,2462,14091.52,PE,1.0,1,2010,0,0,0,1,estreante,nova,0.0,0.0,0.0,0.0,sem fomento,1.7586137805358846,24781.541260697028,202768562.0,114,0,4814.5,0
2014,B1402265700000,Ventos De Agosto,Gabriel Mascaro,Ficção,Desvia,,Vitrine Filmes,PE,,22,8109,90138.42,PE,1.0,0,2010,3,34,1,0,estabelecida,media,0.0,0.0,0.0,0.0,sem fomento,1.7586137805358846,158518.66756773138,202768562.0,114,1,4814.5,1
2014,B1402156100000,Vermelho Brasil,Sylvain Archambault,Ficção,Conspiração Filmes,Conspiração Filmes,H2O Films,RJ,RJ,9,538,6555.01,RJ,1.0,1,2010,0,3,15,1,estreante,nova,0.0,1.0,0.0,1.0,só incentivo,1.7586137805358846,11527.730917550529,202768562.0,114,0,4814.5,0
2014,B1402241100000,Vestido Pra Casar,Gerson Sanginitto,Ficção,Raconto Filmes,Sophia Filmes/New Group Cine & Tv,Imagem,RJ,RJ/RJ,491,1258720,14756458.84,RJ,1.0,1,2010,1,29,0,0,iniciante,media,0.0,1.0,0.0,1.0,só incentivo,1.7586137805358846,25950911.867934573,202768562.0,114,1,4814.5,1
2014,B1402145600000,À Queima Roupa,Theresa Jessouroun,Documentário,Urca Filmes,Kinofilmes,Downtown,RJ,RJ,3,1372,17486.66,RJ,1.0,1,2010,1,28,3,0,iniciante,media,1.0,1.0,1.0,1.0,FSA e incentivo,1.7586137805358846,30752.28125154563,202768562.0,114,0,4814.5,0
2015,B1500311000000,#Garotas,Alex Medeiros,Ficção,Accorde Filmes,Alex Medeiros/Rafael Costa,Downtown/Paris,RS,,14,969,13780.08,RS,1.0,1,2010,0,24,4,1,estreante,media,0.0,0.0,0.0,0.0,sem fomento,1.6129609818097077,22226.731366216318,204450049.0,133,0,2440.0,0
2015,B1500723200000,5X Chico - O Velho E Sua Gente,Ana Rieper/Camilo Cavalcante/Eduardo Goldenstein/Eduardo Nunes/Gustavo Spolidoro,Documentário,3 Tabela Filmes,Globo Filmes,Arthouse,RJ,RJ,8,1149,11667.67,RJ,1.0,1,2010,0,4,0,1,estreante,nova,0.0,1.0,0.0,1.0,só incentivo,1.6129609818097077,18819.49645863167,204450049.0,133,0,2440.0,0
2015,B1402159000000,A Casa De Cecília,Clarissa Appelt,Ficção,Clarissa Appelt,,Clarissa Appelt Baptista San Roman,RJ,,1,142,1488.55,RJ,1.0,0,2010,0,0,0,1,estreante,nova,0.0,0.0,0.0,0.0,sem fomento,1.6129609818097077,2400.9730694728405,204450049.0,133,0,2440.0,0
2015,B1500554400000,A Esperança É A Última Que Morre,Calvito Leal,Ficção,Mpc Filmes,Telecine,Downtown/Paris,RJ,RJ,150,107590,1427955.29,RJ,1.0,1,2010,0,24,1,1,estreante,media,1.0,1.0,1.0,1.0,FSA e incentivo,1.6129609818097077,2303236.166538766,204450049.0,133,1,2440.0,1
2015,B1402125800000,A Estrada 47,Vicente Ferraz,Ficção,Três Mundos Produções,Primo Filmes,Europa,RJ,SP,52,34358,439151.77,RJ,1.0,1,2010,1,15,1,0,iniciante,pequena,1.0,1.0,1.0,1.0,FSA e incentivo,1.6129609818097077,708334.670102671,204450049.0,133,1,2440.0,1
2015,B1500591500000,A Floresta Que Se Move,Vinícius Coimbra,Ficção,Globo Filmes,Eh! Filmes/Telecine,Vinny Filmes,RJ,RJ/RJ,49,8581,110064.97,RJ,1.0,1,2010,0,2,15,1,estreante,nova,1.0,1.0,1.0,1.0,FSA e incentivo,1.6129609818097077,177530.502074056,204450049.0,133,1,2440.0,1
2015,B1402133800000,A História Da Eternidade,Camilo Cavalcante,Ficção,Ac Cavalcante Serviços,República Pureza Filmes/Canal Brasil,Arthouse,PE,RJ/RJ,12,13061,114221.88,PE,1.0,1,2010,0,4,0,1,estreante,nova,0.0,0.0,0.0,0.0,sem fomento,1.6129609818097077,184235.43570895062,204450049.0,133,1,2440.0,1
2015,B1201643000000,A Hora E A Vez De Augusto Matraga,Vinícius Coimbra,Ficção,Prodigo Films,,Nossa Distribuidora,SP,,15,2499,34440.19,SP,1.0,0,2010,0,2,3,1,estreante,nova,1.0,1.0,1.0,1.0,FSA e incentivo,1.6129609818097077,55550.68267611288,204450049.0,133,0,2440.0,1
2015,B1402730900000,A Lei Da Água,André D'Elia,Documentário,Cinedelia,O2 Fillmes,O2 Play,SP,SP,9,1645,35167.27,SP,1.0,1,2010,0,2,0,1,estreante,nova,0.0,0.0,0.0,0.0,sem fomento,1.6129609818097077,56723.43434676708,204450049.0,133,0,2440.0,0
2015,B1500105700000,A Nação Que Não Esperou Por Deus,Lucia Murat/Rodrigo Hinrichsen,Documentário,Taiga Filmes E Vídeo,,Vitrine Filmes,RJ,,7,1472,12119.59,RJ,1.0,0,2010,0,42,8,1,estreante,media,1.0,0.0,1.0,0.0,só FSA,1.6129609818097077,19548.425785531115,204450049.0,133,0,2440.0,0
2015,B1500265900000,A Viagem De Yoani,Peppe Siffredi/Raphael Bottino,Documentário,Sala 12,Tornado Filmes,Elo Company,SP,SP,9,1001,17409.62,SP,1.0,1,2010,0,10,0,1,estreante,pequena,0.0,1.0,0.0,1.0,só incentivo,1.6129609818097077,28081.037768133923,204450049.0,133,0,2440.0,0
2015,B1402781000000,A Vida Privada Dos Hipopótamos,Maíra Bühler/Matias Mariani,Documentário,Primo Filmes,,Vitrine Filmes,SP,,11,1674,12534.3,SP,1.0,0,2010,0,42,3,1,estreante,media,0.0,1.0,0.0,1.0,só incentivo,1.6129609818097077,20217.336834297417,204450049.0,133,0,2440.0,0
2015,B1001197000000,Alucinados,Roberto Santucci,Ficção,Panorama Filmes,,Downtown,RJ,,2,115,1383.85,RJ,1.0,0,2010,7,29,0,0,veterana,media,0.0,0.0,0.0,0.0,sem fomento,1.6129609818097077,2232.096054677364,204450049.0,133,0,2440.0,0
2015,B1402446800000,"Amor, Plástico E Barulho",Renata Pinheiro,Ficção,Aroma Filmes,Canal Brasil,Boulevard Filmes,PE,RJ,12,5665,32087.71,PE,1.0,1,2010,0,1,0,1,estreante,nova,1.0,0.0,1.0,0.0,só FSA,1.6129609818097077,51756.22422562518,204450049.0,133,1,2440.0,1
2015,B1402543600000,Anna K.,José Roberto Aguilar,Ficção,Preta Portê Filmes,Canal Brasil,Preta Portê Filmes,SP,RJ,6,755,10708.74,SP,1.0,1,2010,0,0,0,1,estreante,nova,0.0,0.0,0.0,0.0,sem fomento,1.6129609818097077,17272.77978434489,204450049.0,133,0,2440.0,0
2015,B1402089600000,Aprendi A Jogar Com Você,Murilo Salles,Documentário,Cinema Brasil Digital,,Nossa Distribuidora,RJ,,7,49,704.0,RJ,1.0,0,2010,4,2,3,0,estabelecida,nova,0.0,1.0,0.0,1.0,só incentivo,1.6129609818097077,1135.5245311940341,204450049.0,133,0,2440.0,0
2015,B1500713000000,Aqui Deste Lugar,Fernando Coimbra/Sérgio Machado,Documentário,Gullane,Janela Do Mundo,Gullane Entretenimento,SP,BA,1,153,2161.0,SP,1.0,1,2010,0,1,13,1,estreante,nova,0.0,0.0,0.0,0.0,sem fomento,1.6129609818097077,3485.608681690778,204450049.0,133,0,2440.0,0
2015,B1500451800000,"Ato, Atalho E Vento",Marcelo Masagão,Documentário,Um Minuto,,Agência Observatório,SP,,2,722,11879.24,SP,1.0,0,2010,4,0,4,0,estabelecida,nova,0.0,1.0,0.0,1.0,só incentivo,1.6129609818097077,19160.75061355315,204450049.0,133,0,2440.0,0
2015,B1500801000000,Através,André Michiles/Diogo Martins/Fabio Bardella,Ficção,Estrangeira Filmes,Haikai Filmes,Estrangeira Filmes,SP,SP,3,505,5949.0,SP,1.0,1,2010,0,0,0,1,estreante,nova,0.0,0.0,0.0,0.0,sem fomento,1.6129609818097077,9595.504880785951,204450049.0,133,0,2440.0,0
2015,B1402219600000,Até Que A Casa Caia,Mauro Giuntini,Ficção,Plateau Filmes,Luciana Teixeira/Casa Forte Produções Artísticas,Polifilmes/Plateau Filmes,DF,-/RJ,11,1347,13902.03,DF,1.0,1,2010,1,0,1,0,iniciante,nova,0.0,0.0,0.0,0.0,sem fomento,1.6129609818097077,22423.43195794801,204450049.0,133,0,2440.0,0
2015,B1500904200000,Até Que A Sorte Nos Separe 3,Marcelo Antunez/Roberto Santucci,Ficção,Gullane,,Downtown/Paris,SP,,819,3335670,42263286.12,SP,1.0,0,2010,0,24,13,1,estreante,media,0.0,1.0,0.0,1.0,só incentivo,1.6129609818097077,68169031.47461979,204450049.0,133,1,2440.0,1
2015,B1500276200000,Ausência,Chico Teixeira,Ficção,Bossa Nova Films,G.T Produções Cinematográficas/Anhangabau Produções,Imovision,SP,SP/SP,11,4030,53501.93,SP,1.0,1,2010,1,43,4,0,iniciante,media,0.0,1.0,0.0,1.0,só incentivo,1.6129609818097077,86296.52554151426,204450049.0,133,1,2440.0,1
2015,B1402718400000,Batguano,Tavinho Teixeira,Ficção,Vermelho Profundo/Tavinho Teixeira,,Vermelho Profundo,PB/-,,2,294,2804.0,PB,1.0,0,2010,0,0,0,1,estreante,nova,0.0,0.0,0.0,0.0,sem fomento,1.6129609818097077,4522.74259299442,204450049.0,133,0,2440.0,0
2015,B1402710300000,Beira-Mar,Filipe Matzembacher/Marcio Reolon,Ficção,Avante Filmes,,Vitrine Filmes,RS,,27,11211,142014.14,RS,1.0,0,2010,0,42,0,1,estreante,media,0.0,0.0,0.0,0.0,sem fomento,1.6129609818097077,229063.2666852613,204450049.0,133,1,2440.0,1
2015,B1500840400000,Bem Casados,Aluizio Abranches,Ficção,Hare Filmes,,Imagem,RJ,,445,545829,6940418.06,RJ,1.0,0,2010,3,35,1,0,estabelecida,media,0.0,1.0,0.0,1.0,só incentivo,1.6129609818097077,11194623.528227426,204450049.0,133,1,2440.0,1
2015,B1500712100000,Betinho - A Esperança Equilibrista,Victor Lopes,Documentário,Documenta Filmes,Globo Filmes,Elo Company,RJ,RJ,12,2152,32770.33,RJ,1.0,1,2010,4,10,0,0,estabelecida,pequena,0.0,1.0,0.0,1.0,só incentivo,1.6129609818097077,52857.26365102812,204450049.0,133,0,2440.0,0
2015,B1402653000000,Branco Sai Preto Fica,Adirley Queirós,Ficção,Cinco Da Norte Cine,,Vitrine Filmes,DF,,20,19157,213458.63,DF,1.0,0,2010,1,42,0,0,iniciante,media,0.0,0.0,0.0,0.0,sem fomento,1.6129609818097077,344300.4414205551,204450049.0,133,1,2440.0,1
2015,B1500340300000,Califórnia,Marina Person,Ficção,Lauper Films,Mira Filmes,Vitrine Filmes,SP,SP,25,13849,192329.74,SP,1.0,1,2010,1,42,1,0,iniciante,media,0.0,1.0,0.0,1.0,só incentivo,1.6129609818097077,310220.3662616058,204450049.0,133,1,2440.0,1
2015,B1500315900000,Caminho De Volta,José Joffily/Pedro Rossi,Documentário,Coevo Filmes,Canal Brasil,Vilacine,RJ,RJ,4,809,8280.5,RJ,1.0,1,2010,0,1,5,1,estreante,nova,0.0,0.0,0.0,0.0,sem fomento,1.6129609818097077,13356.123409875285,204450049.0,133,0,2440.0,0
2015,B1402391100000,Campo De Jogo,Eryk Rocha,Documentário,Aruac Produções/Filmegraph,,Tucumán,RJ/MG,,9,2279,28511.88,RJ,2.0,0,2010,4,5,0,0,estabelecida,pequena,0.0,0.0,0.0,0.0,sem fomento,1.6129609818097077,45988.549958040574,204450049.0,133,0,2440.0,0
2015,B1500453100000,Carrossel - O Filme,Alexandre Boury/Mauricio Eça,Ficção,Paris Entretenimento,,Downtown/Paris,RJ,,616,2537628,27221239.28,RJ,1.0,0,2010,0,24,0,1,estreante,media,0.0,1.0,0.0,1.0,só incentivo,1.6129609818097077,43906796.83514579,204450049.0,133,1,2440.0,1
2015,B1402131600000,Casa Grande,Fellipe Gamarano Barbosa,Ficção,Migdal Filmes,Gamarosa/Guiza Produções Audiovisuais,Film Connection/Imovision,RJ,RJ/RJ,33,38075,524262.14,RJ,1.0,1,2010,1,0,2,0,iniciante,nova,1.0,1.0,1.0,1.0,FSA e incentivo,1.6129609818097077,845614.3760600585,204450049.0,133,1,2440.0,1
2015,B1402144900000,Cativas - Presas Pelo Coração,Joana Nin,Documentário,Sambaqui Cultural,Globosat/Horizonte,Moro Comunicação,PR,RJ/RJ,3,1999,19550.5,PR,1.0,1,2010,0,1,0,1,estreante,nova,0.0,1.0,0.0,1.0,só incentivo,1.6129609818097077,31534.19367487069,204450049.0,133,0,2440.0,0
2015,B1402259600000,Cauby - Começaria Tudo Outra Vez,Nelson Hoineff,Documentário,Comalt - Comunicação Alternativa,Canal Brasil,Comalt,RJ,RJ,14,7418,87099.19,RJ,1.0,1,2010,3,0,3,0,estabelecida,nova,0.0,0.0,0.0,0.0,sem fomento,1.6129609818097077,140487.59501723028,204450049.0,133,1,2440.0,1
2015,B1001208900000,Chatô - O Rei Do Brasil,Guilherme Fontes,Ficção,Guilherme Fontes Filmes,,Milocos Entretenimento,RJ,,51,67061,1001282.58,RJ,1.0,0,2010,0,0,0,1,estreante,nova,0.0,0.0,0.0,0.0,sem fomento,1.6129609818097077,1615029.7333057572,204450049.0,133,1,2440.0,1
2015,B1500777500000,Chico - Artista Brasileiro,Miguel Faria Jr.,Documentário,1001 Filmes,Globo Filmes,Sony,RJ,RJ,52,126376,1904190.24,RJ,1.0,1,2010,2,15,2,0,iniciante,pequena,0.0,1.0,0.0,1.0,só incentivo,1.6129609818097077,3071384.559062863,204450049.0,133,1,2440.0,1
2015,B1402144800000,"Cidade De Deus, 10 Anos Depois",Cavi Borges/Luciano Vidigal,Documentário,Berny Filmes/Cavideo Produções,,Livres Filmes,RJ/RJ,,24,3633,31770.34,RJ,1.0,0,2010,0,2,0,1,estreante,nova,0.0,0.0,0.0,0.0,sem fomento,1.6129609818097077,51244.31879882823,204450049.0,133,1,2440.0,1
2015,B1500743500000,Circo Voador - A Nave,Tainá Menezes,Documentário,Acasa/Kanoa Filmes,,Cine Santa Teresa,RJ/RJ,,8,948,12223.5,RJ,1.0,0,2010,0,1,0,1,estreante,nova,0.0,1.0,0.0,1.0,só incentivo,1.6129609818097077,19716.02856115096,204450049.0,133,0,2440.0,0
2015,B1500399800000,Condado Macabro,André De Campos Mello/Marcos Debrito,Ficção,Debrito Produções Cinematográficas,,Elite Filmes,SP,,3,523,6695.92,SP,1.0,0,2010,0,0,0,1,estreante,nova,0.0,0.0,0.0,0.0,sem fomento,1.6129609818097077,10800.257697319259,204450049.0,133,0,2440.0,0
2015,B1500018400000,Cássia Eller,Paulo Henrique Fontenelle,Documentário,Migdal Filmes,Globosat,H2O Films,RJ,RJ,47,75133,952434.35,RJ,1.0,1,2010,2,7,2,0,iniciante,pequena,0.0,1.0,0.0,1.0,só incentivo,1.6129609818097077,1536239.4442852908,204450049.0,133,1,2440.0,1
2015,B1500671700000,Damas Do Samba,Susanna Lira,Documentário,Modo Operante Produções,Ebc Tv Brasil,Elo Company,RJ,RJ,9,716,7772.36,RJ,1.0,1,2010,0,10,0,1,estreante,pequena,0.0,0.0,0.0,0.0,sem fomento,1.6129609818097077,12536.513416578498,204450049.0,133,0,2440.0,0
2015,B1402209700000,De Gravata E Unha Vermelha,Miriam Chnaiderman,Documentário,Sequência 1,,Imovision,SP,,5,3548,49546.21,SP,1.0,0,2010,0,43,1,1,estreante,media,0.0,0.0,0.0,0.0,sem fomento,1.6129609818097077,79916.10352654995,204450049.0,133,1,2440.0,1
2015,B1402082600000,Depois Da Chuva,Cláudio Marques/Marilia Hughes Guerreiro,Ficção,Coisa De Cinema,,Espaço Filmes,BA,,14,16247,185152.29,BA,1.0,0,2010,0,44,0,1,estreante,media,0.0,0.0,0.0,0.0,sem fomento,1.6129609818097077,298643.41946271574,204450049.0,133,1,2440.0,1
2015,B1500344400000,Depois De Tudo,Johnny Araújo,Ficção,Casé Filmes,Rio Ms - Produções Artísticas/Mrp Produções Culturais/Rinoceronte Produções,Imagem,RJ,RJ/SP/RJ,141,21768,282661.93,RJ,1.0,1,2010,1,35,3,0,iniciante,media,1.0,1.0,1.0,1.0,FSA e incentivo,1.6129609818097077,455922.66413302685,204450049.0,133,1,2440.0,1
2015,B1500335800000,Divã A 2,Paulo Fontenelle,Ficção,Total Entertainment,Telecine/Ítaca Films,Downtown/Paris,RJ,RJ/RJ,315,164589,1982583.38,RJ,1.0,1,2010,2,24,10,0,iniciante,media,1.0,1.0,1.0,1.0,FSA e incentivo,1.6129609818097077,3197829.6351244086,204450049.0,133,1,2440.0,1
2015,B1402480100000,Dois Casamentos,Luiz Rosemberg Filho,Ficção,Cavideo Produções,Canal Brasil,Livres Filmes,RJ,RJ,2,380,4536.42,RJ,1.0,1,2010,0,2,3,1,estreante,nova,0.0,0.0,0.0,0.0,sem fomento,1.6129609818097077,7317.068457101194,204450049.0,133,0,2440.0,0
2015,B1500422800000,Dromedário No Asfalto,Gilson Vargas,Ficção,Pata Negra,Boomboom/Ponto Cego,Lança Filmes,RS,RS/RS,7,2290,26107.01,RS,1.0,1,2010,0,1,0,1,estreante,nova,0.0,0.0,0.0,0.0,sem fomento,1.6129609818097077,42109.58848171585,204450049.0,133,0,2440.0,0
2015,B1402117400000,"Eduardo Coutinho, 7 De Outubro",Carlos Nader,Documentário,Sesc,,Sesc,SP,,7,613,9034.83,SP,1.0,0,2010,2,0,0,0,iniciante,nova,0.0,0.0,0.0,0.0,sem fomento,1.6129609818097077,14572.828267283801,204450049.0,133,0,2440.0,0
2015,B1500818400000,Em Três Atos,Lucia Murat,Ficção,Taiga Filmes E Vídeo,,Imovision,RJ,,7,2096,30777.17,RJ,1.0,0,2010,7,43,8,0,veterana,media,1.0,0.0,1.0,0.0,só FSA,1.6129609818097077,49642.37434052428,204450049.0,133,0,2440.0,0
2015,B1500558500000,Entrando Numa Roubada,André Moraes,Ficção,Urca Filmes,Aquarela/Mistika,Europa,RJ,DF/SP,240,131220,1654741.76,RJ,1.0,1,2010,0,15,4,1,estreante,pequena,0.0,1.0,0.0,1.0,só incentivo,1.6129609818097077,2669033.8938511238,204450049.0,133,1,2440.0,1
2015,B1500183700000,Entre Abelhas,Ian Sbf,Ficção,Mixer Rio,Globo Filmes,Imagem,RJ,RJ,342,438782,5738814.7,RJ,1.0,1,2010,0,35,2,1,estreante,media,0.0,1.0,0.0,1.0,só incentivo,1.6129609818097077,9256484.192935983,204450049.0,133,1,2440.0,1
2015,B1402246600000,Estranhos,Paulo Alcântara,Ficção,Araçá Azul Cinema E Vídeo,,Araçá Azul,BA,,1,427,5338.5,BA,1.0,0,2010,0,0,0,1,estreante,nova,0.0,1.0,0.0,1.0,só incentivo,1.6129609818097077,8610.792201391125,204450049.0,133,0,2440.0,0
2015,B1302013600000,Eu Nunca,Kauê Telloli,Ficção,Saliva Shots,Kaue Tk Produções,Elo Company,SP,SP,3,491,5970.38,SP,1.0,1,2010,0,10,0,1,estreante,pequena,0.0,0.0,0.0,0.0,sem fomento,1.6129609818097077,9629.989986577042,204450049.0,133,0,2440.0,0
2015,B1101456300000,Fala Sério!,Augusto Sevá,Ficção,Albatroz Cinematográfica,,Raiz Distribuidora,SP,,2,499,4028.0,SP,1.0,0,2010,1,7,1,0,iniciante,pequena,0.0,1.0,0.0,1.0,só incentivo,1.6129609818097077,6497.006834729503,204450049.0,133,0,2440.0,0
2015,B1500186700000,Filme Sobre Um Bom Fim,Boca Migotto,Documentário,Epifania Filmes,,Boulevard Filmes,RS,,2,4503,39724.0,RS,1.0,0,2010,0,1,0,1,estreante,nova,0.0,0.0,0.0,0.0,sem fomento,1.6129609818097077,64073.26204140883,204450049.0,133,1,2440.0,1
2015,B1402202100000,Guitarra Baiana: A Voz Do Carnaval,Daniel Talento,Documentário,Tia Maria Filmes,,Tia Maria Filmes,RJ,,1,273,3914.0,RJ,1.0,0,2010,0,0,0,1,estreante,nova,0.0,0.0,0.0,0.0,sem fomento,1.6129609818097077,6313.129282803196,204450049.0,133,0,2440.0,0
2015,B1402218500000,Hamlet,Cristiano Burlan,Ficção,Bela Filmes,,Bela Filmes,SP,,1,307,3771.0,SP,1.0,0,2010,1,1,1,0,iniciante,nova,0.0,0.0,0.0,0.0,sem fomento,1.6129609818097077,6082.475862404408,204450049.0,133,0,2440.0,0
2015,B1500543600000,"Hermógenes, Professor E Poeta Do Yoga",Bárbara Tavares,Documentário,Bodhgaya Films,,Bodhgaya Films,RJ,,8,7680,114746.33,RJ,1.0,0,2010,0,0,0,1,estreante,nova,0.0,0.0,0.0,0.0,sem fomento,1.6129609818097077,185081.35309586072,204450049.0,133,1,2440.0,1
2015,B1402195100000,Hipóteses Para O Amor E A Verdade,Rodolfo García Vázquez,Ficção,Os Satyros Cinema,,Raiz Distribuidora,SP,,4,1711,20728.5,SP,1.0,0,2010,0,7,0,1,estreante,pequena,0.0,0.0,0.0,0.0,sem fomento,1.6129609818097077,33434.26171144252,204450049.0,133,0,2440.0,0
2015,B1301899200000,Homem Comum,Carlos Nader,Documentário,Já Filmes,,Vitrine Filmes,SP,,9,1970,24120.65,SP,1.0,0,2010,2,42,2,0,iniciante,media,0.0,1.0,0.0,1.0,só incentivo,1.6129609818097077,38905.66730588833,204450049.0,133,0,2440.0,0
2015,B1301730400000,Hysteria,Ava Rocha/Evaldo Mocarzel,Documentário,Casa Azul Produções,,Raiz Distribuidora,SP,,2,675,4701.0,SP,1.0,0,2010,0,7,7,1,estreante,pequena,0.0,0.0,0.0,0.0,sem fomento,1.6129609818097077,7582.529575487436,204450049.0,133,0,2440.0,0
2015,B1402378700000,Infância,Domingos De Oliveira,Ficção,Teatro Ilustre Produções Artísticas,Forte Filmes/Telecine,Forte Filmes,RJ,RJ/RJ,9,3517,49818.28,RJ,1.0,1,2010,8,2,5,0,veterana,nova,1.0,1.0,1.0,1.0,FSA e incentivo,1.6129609818097077,80354.94182087092,204450049.0,133,1,2440.0,1
2015,B1402071500000,Insubordinados,Edu Felistoque,Ficção,Felistoque Filmes,Kinoosfera Filmes/Canal Brasil/Reza Brava Filmes,Pandora Filmes,SP,SP/RJ/SP,13,777,7940.96,SP,1.0,1,2010,1,19,0,0,iniciante,pequena,0.0,0.0,0.0,0.0,sem fomento,1.6129609818097077,12808.458638111617,204450049.0,133,0,2440.0,0
2015,B1201663300000,Iván,Guto Pasko,Documentário,Gp7 Cinema,,Moro Comunicação,PR,,8,2440,27877.41,PR,1.0,0,2010,0,1,0,1,estreante,nova,0.0,0.0,0.0,0.0,sem fomento,1.6129609818097077,44965.174603911764,204450049.0,133,0,2440.0,0
2015,B1500575600000,"Jia Zhang-Ke, Um Homem De Fenyang",Walter Salles,Documentário,Videofilmes,,Videofilmes,RJ,,11,6689,74647.54,RJ,1.0,0,2010,3,29,28,0,estabelecida,media,0.0,1.0,0.0,1.0,só incentivo,1.6129609818097077,120403.56940807942,204450049.0,133,1,2440.0,1
2015,B1500543200000,Linda De Morrer,Cris D'Amato,Ficção,Migdal Filmes,Globo Filmes/Maiomidia Comunicação/Telecine,Fox,RJ,RJ/RJ/RJ,522,948542,12186625.0,RJ,1.0,1,2010,2,36,2,0,iniciante,media,1.0,1.0,1.0,1.0,FSA e incentivo,1.6129609818097077,19656550.62494673,204450049.0,133,1,2440.0,1
2015,B1500224200000,Los Hermanos: Esse É Só O Começo Do Fim Da Nossa Vida,Maria Ribeiro,Documentário,Casa Na Arvore Produções/Rinoceronte Produções,Globosat/Horizonte,Copacabana Filmes,RJ/RJ,RJ/RJ,16,10332,210134.28,RJ,1.0,1,2010,1,9,0,0,iniciante,pequena,0.0,0.0,0.0,0.0,sem fomento,1.6129609818097077,338938.39458067605,204450049.0,133,1,2440.0,1
2015,B1402704900000,Loucas Pra Casar,Roberto Santucci,Ficção,Glaz Entretenimento,Globo Filmes/Telecine/Maiomidia Comunicação,Downtown/Paris,RJ,RJ/RJ/RJ,604,3726547,45688069.53,RJ,1.0,1,2010,7,24,5,0,veterana,media,1.0,1.0,1.0,1.0,FSA e incentivo,1.6129609818097077,73693073.48609899,204450049.0,133,1,2440.0,1
2015,B1402475600000,Meia Hora E As Manchetes Que Viram Manchete,Angelo Defanti,Documentário,Sobretudo Produção,,Boulevard Filmes,RJ,,4,962,8972.66,RJ,1.0,0,2010,0,1,1,1,estreante,nova,0.0,0.0,0.0,0.0,sem fomento,1.6129609818097077,14472.550483044692,204450049.0,133,0,2440.0,0
2015,B1402250900000,Memórias Da Boca,Alfredo Sternheim/Antonio Ciambra/Clery Cunha/Diogo Gomes Dos Santos/Diomédio Piskator/José Mojica Marins/Mário Vaz Filho/Valdir Baptista,Documentário,Cumamuê Cinema,,Filmikka Produções,SP,,1,243,3301.0,SP,1.0,0,2010,0,0,0,1,estreante,nova,0.0,0.0,0.0,0.0,sem fomento,1.6129609818097077,5324.384200953845,204450049.0,133,0,2440.0,0
2015,B1500257500000,Metanóia,Miguel Nagle,Ficção,Cia. Palco Del'Arte,4U Films,Europa,SP,RJ,63,58176,758160.42,SP,1.0,1,2010,0,15,0,1,estreante,pequena,0.0,0.0,0.0,0.0,sem fomento,1.6129609818097077,1222883.1754124605,204450049.0,133,1,2440.0,1
2015,B1500437700000,Meu Passado Me Condena 2,Júlia Rezende,Ficção,Atitude Produções,Globo Filmes/Maiomidia Comunicação,Downtown/Paris,RJ,RJ/RJ,618,2639935,32941689.75,RJ,1.0,1,2010,1,24,3,0,iniciante,media,0.0,1.0,0.0,1.0,só incentivo,1.6129609818097077,53133660.241630785,204450049.0,133,1,2440.0,1
2015,B1201696600000,Meus Dois Amores,Luiz Henrique Rios,Ficção,Diler & Associados,Globo Filmes/Olho De Boi Produções/Thijoana Filmes/Roteiraria Conteúdos,Downtown/Paris,RJ,RJ/RJ/RJ/RJ,39,22661,281806.53,RJ,1.0,1,2010,0,24,24,1,estreante,media,1.0,1.0,1.0,1.0,FSA e incentivo,1.6129609818097077,454542.9373091869,204450049.0,133,1,2440.0,1
2015,B1402201200000,Muitos Homens Num Só,Mini Kerti,Ficção,Tambellini Filmes,Canal Brasil,Downtown/Paris,RJ,RJ,12,2836,45857.25,RJ,1.0,1,2010,0,24,9,1,estreante,media,1.0,1.0,1.0,1.0,FSA e incentivo,1.6129609818097077,73965.95498309322,204450049.0,133,1,2440.0,1
2015,B1402825200000,Mulheres No Poder,Gustavo Acioli,Ficção,Lavoro Produções,Afinal Filmes/Canal Brasil,Downtown/Paris,RJ,RJ/RJ,14,7804,107063.44,RJ,1.0,1,2010,1,24,1,0,iniciante,media,0.0,1.0,0.0,1.0,só incentivo,1.6129609818097077,172689.15129832472,204450049.0,133,1,2440.0,1
2015,B1500543700000,Ninguém Ama Ninguém...Por Mais De Dois Anos,Clovis Mello,Ficção,Cine,Vulpeculae Produções,Europa,SP,RJ,63,11833,155169.99,SP,1.0,1,2010,0,15,0,1,estreante,pequena,0.0,1.0,0.0,1.0,só incentivo,1.6129609818097077,250283.1394178025,204450049.0,133,1,2440.0,1
2015,B1101348800000,"No Meio Do Rio, Entre As Árvores",Jorge Bodanzky,Documentário,Jorge Roberto Bodanzky,,Raiz Distribuidora,SP,,2,229,2739.0,SP,1.0,0,2010,0,7,0,1,estreante,pequena,0.0,0.0,0.0,0.0,sem fomento,1.6129609818097077,4417.900129176789,204450049.0,133,0,2440.0,0
2015,B1402391600000,O Amuleto,Jeferson De,Ficção,Buda Filmes/Contraponto,,Downtown/Paris,SP/SC,,19,2722,30432.99,SP,2.0,0,2010,1,24,0,0,iniciante,media,0.0,0.0,0.0,0.0,sem fomento,1.6129609818097077,49087.22542980502,204450049.0,133,0,2440.0,1
2015,B1500177000000,O Dia Do Galo,Cris Azzi/Luiz Felipe Fernandes,Documentário,Alicate Conteúdo Audiovisual,Cris Azzi/Nitro Editorial,Delícia Filmes,MG,MG/MG,13,30141,362537.74,MG,1.0,1,2010,0,0,0,1,estreante,nova,0.0,0.0,0.0,0.0,sem fomento,1.6129609818097077,584759.2290534725,204450049.0,133,1,2440.0,1
2015,B1500193000000,O Duelo,Marcos Jorge,Ficção,Total Entertainment,Warner/Grapiuna Produções Artísticas,Warner,RJ,SP/RJ,73,14337,184598.0,RJ,1.0,1,2010,1,32,10,0,iniciante,media,0.0,1.0,0.0,1.0,só incentivo,1.6129609818097077,297749.3713201084,204450049.0,133,1,2440.0,1
2015,B1402667500000,O Fim De Uma Era,Bruno Safadi/Ricardo Pretti,Documentário,Daza Filmes,Alumbramento/Tb Produções/Canal Brasil/Teleimage Productions,Daza Filmes,RJ,CE/RJ/RJ/SP,2,228,2312.18,RJ,1.0,1,2010,0,0,0,1,estreante,nova,0.0,0.0,0.0,0.0,sem fomento,1.6129609818097077,3729.4561229207698,204450049.0,133,0,2440.0,0
2015,B1301987400000,O Fim E Os Meios,Murilo Salles,Ficção,Cinema Brasil Digital,,Nossa Distribuidora,RJ,,17,1049,9774.93,RJ,1.0,0,2010,4,2,3,0,estabelecida,nova,1.0,1.0,1.0,1.0,FSA e incentivo,1.6129609818097077,15766.580689921168,204450049.0,133,0,2440.0,0
2015,B1500149400000,O Gorila,José Eduardo Belmonte,Ficção,Camisa Treze Cultural,,Camisa Treze,SP,,4,1401,17391.89,SP,1.0,0,2010,5,1,2,0,estabelecida,nova,0.0,2.0,0.0,1.0,só incentivo,1.6129609818097077,28052.439969926436,204450049.0,133,0,2440.0,0
2015,B1301872000000,O Rio Nos Pertence,Ricardo Pretti,Ficção,Daza Filmes,Alumbramento/Tb Produções/Canal Brasil/Teleimage,Daza Filmes,RJ,CE/RJ/RJ/SP,1,189,1569.23,RJ,1.0,1,2010,0,0,0,1,estreante,nova,0.0,0.0,0.0,0.0,sem fomento,1.6129609818097077,2531.1067614852477,204450049.0,133,0,2440.0,0
2015,B1301871900000,O Uivo Da Gaita,Bruno Safadi,Ficção,Daza Filmes,Tb Produções/Alumbramento/Canal Brasil/Teleimage,Daza Filmes,RJ,RJ/CE/RJ/SP,2,301,3051.73,RJ,1.0,1,2010,1,0,0,0,iniciante,nova,0.0,0.0,0.0,0.0,sem fomento,1.6129609818097077,4922.321417018139,204450049.0,133,0,2440.0,0
2015,B1402689400000,O Vendedor De Passados,Lula Buarque De Hollanda,Ficção,Conspiração Filmes,Espiral,Imagem/Conspiração,RJ,RJ,208,80335,1026924.65,RJ,1.0,1,2010,2,0,18,0,iniciante,nova,1.0,1.0,1.0,1.0,FSA e incentivo,1.6129609818097077,1656389.3917085906,204450049.0,133,1,2440.0,1
2015,B1402197800000,O Último Cine Drive-In,Iberê Carvalho,Ficção,Pavirada Filmes,Ligocki Entretenimento/Chroma Consultoria,Vitrine Filmes,DF,DF/DF,46,13028,168756.54,DF,1.0,1,2010,0,42,0,1,estreante,media,0.0,1.0,0.0,1.0,só incentivo,1.6129609818097077,272197.71444520925,204450049.0,133,1,2440.0,1
2015,B1500768500000,O Último Poema,Mirela Kruel,Documentário,Besouro Filmes,,Lança Filmes,RS,,6,1626,15423.68,RS,1.0,0,2010,0,1,1,1,estreante,nova,0.0,0.0,0.0,0.0,sem fomento,1.6129609818097077,24877.794035918752,204450049.0,133,0,2440.0,0
2015,B1402156500000,Obra,Gregorio Graziosi,Ficção,Superfilmes,,Vitrine Filmes,SP,,13,4276,53735.87,SP,1.0,0,2010,0,42,5,1,estreante,media,0.0,0.0,0.0,0.0,sem fomento,1.6129609818097077,86673.86163359882,204450049.0,133,1,2440.0,1
2015,B130174300000,Onde Borges Tudo Vê,Taciano Valério,Ficção,Taciano Valério,,Lume Produções Cinematográficas,PE,,1,13,30.0,PE,1.0,0,2010,0,7,0,1,estreante,pequena,0.0,0.0,0.0,0.0,sem fomento,1.6129609818097077,48.38882945429123,204450049.0,133,0,2440.0,0
2015,B1500701300000,Operações Especiais,Tomas Portella,Ficção,Tc Filmes,Globo Filmes/Maiomidia Comunicação,Downtown/Paris,SP,RJ/RJ,321,348322,4392871.68,SP,1.0,1,2010,2,24,0,0,iniciante,media,1.0,1.0,1.0,1.0,FSA e incentivo,1.6129609818097077,7085530.61793686,204450049.0,133,1,2440.0,1
2015,B1500868700000,Oração Do Amor Selvagem,Chico Faganello,Ficção,Filmes Que Voam,,Pandora Filmes,SC,,14,1601,18044.24,SC,1.0,0,2010,1,19,1,0,iniciante,pequena,1.0,1.0,1.0,1.0,FSA e incentivo,1.6129609818097077,29104.655066410003,204450049.0,133,0,2440.0,0
2015,B1500448600000,Orestes,Rodrigo Siqueira,Documentário,C R Produções,,7Estrelo Filmes,SP,,11,2790,33480.07,SP,1.0,0,2010,1,0,0,0,iniciante,nova,0.0,1.0,0.0,1.0,só incentivo,1.6129609818097077,54002.04657825774,204450049.0,133,0,2440.0,1
2015,B1402275800000,Os Maias - Cenas Da Vida Romântica,João Botelho,Ficção,Raccord Produções,,Arthouse,RJ,,10,2319,24888.74,RJ,1.0,0,2010,0,4,6,1,estreante,nova,1.0,1.0,1.0,1.0,FSA e incentivo,1.6129609818097077,40144.56650640655,204450049.0,133,0,2440.0,0
2015,B1402108000000,Os Tubarões De Copacabana,Rosario Boyer,Ficção,Internacional Produções,,Internacional Produções De Cinema E Vídeo,RJ,,1,58,766.3,RJ,1.0,0,2010,0,0,0,1,estreante,nova,0.0,0.0,0.0,0.0,sem fomento,1.6129609818097077,1236.012000360779,204450049.0,133,0,2440.0,0
2015,B1302041500000,Os Últimos Cangaceiros,Wolney Oliveira,Documentário,Bucanero Filmes,Corte Seco Filmes,Imovision,CE,CE,8,4308,43907.16,CE,1.0,1,2010,1,43,1,0,iniciante,media,1.0,1.0,1.0,1.0,FSA e incentivo,1.6129609818097077,70820.53590207594,204450049.0,133,1,2440.0,1
2015,B1500823700000,Osvaldão,Ana Petta/André Michiles/Fábio Bardella/Vandré Fernandes,Documentário,Fundação Maurício Grabois,Clementina Filmes/Estrangeira Filmes,Fundação Maurício Grabois,SP,SP/SP,2,442,6209.72,SP,1.0,1,2010,0,0,0,1,estreante,nova,0.0,0.0,0.0,0.0,sem fomento,1.6129609818097077,10016.036067963378,204450049.0,133,0,2440.0,0
2015,B1402408400000,"Ouro, Suor E Lágrimas",Helena Sroulevich,Documentário,Caribe,,Lagoa Filmes,RJ,,18,3119,43810.37,RJ,1.0,0,2010,0,0,1,1,estreante,nova,0.0,1.0,0.0,1.0,só incentivo,1.6129609818097077,70664.41740864656,204450049.0,133,1,2440.0,1
2015,B1402089400000,Passarinho Lá De Nova Iorque,Murilo Salles,Documentário,Cinema Brasil Digital,,Nossa Distribuidora,RJ,,7,60,637.25,RJ,1.0,0,2010,4,2,3,0,estabelecida,nova,0.0,1.0,0.0,1.0,só incentivo,1.6129609818097077,1027.8593856582363,204450049.0,133,0,2440.0,0
2015,B1301942700000,Pauê - O Passo De Um Vencedor,Alessandra Pereira/Fabio Cappellini,Documentário,Um Mais Um - Comunicação Em Imagem,,Raiz Distribuidora,SP,,4,338,2018.0,SP,1.0,0,2010,0,7,0,1,estreante,pequena,0.0,0.0,0.0,0.0,sem fomento,1.6129609818097077,3254.95526129199,204450049.0,133,0,2440.0,0
2015,B1500592000000,Paysandú 100 Anos De Payxão,Eduardo Albergaria/Gustavo Godinho/Leonardo Edde/Marco André/Priscilla Brasil,Documentário,Urca Filmes,Parioca Filmes/Greenvision,Urca Filme,RJ,PA/PA,4,11965,178508.09,RJ,1.0,1,2010,0,0,4,1,estreante,nova,0.0,1.0,0.0,1.0,só incentivo,1.6129609818097077,287926.58410737565,204450049.0,133,1,2440.0,1
2015,B1500339400000,Pequeno Dicionário Amoroso 2,Mauro Farias/Sandra Werneck,Ficção,Cineluz Produções,Globo Filmes/Maiomidia Comunicação/Telecine,Downtown/Paris,RJ,RJ/RJ/RJ,56,16627,245948.16,RJ,1.0,1,2010,0,24,4,1,estreante,media,0.0,1.0,0.0,1.0,só incentivo,1.6129609818097077,396704.7856278911,204450049.0,133,1,2440.0,1
2015,B1402122500000,Periscópio,Kiko Goifman,Ficção,Paleo Tv,,Vitrine Filmes,SP,,8,1461,13035.68,SP,1.0,0,2010,2,42,1,0,iniciante,media,0.0,1.0,0.0,1.0,só incentivo,1.6129609818097077,21026.04321135717,204450049.0,133,0,2440.0,0
2015,B1500189400000,Permanência,Leonardo Lacca,Ficção,Cinemascópio,Trincheira Filmes,Vitrine Filmes,PE,PE,27,11163,102727.36,PE,1.0,1,2010,0,42,2,1,estreante,media,0.0,0.0,0.0,0.0,sem fomento,1.6129609818097077,165695.2234443193,204450049.0,133,1,2440.0,1
2015,B1500689300000,Piadeiros,Gustavo Rosa De Moura,Documentário,Mira Filmes,,Espaço Filmes,SP,,11,687,8608.79,SP,1.0,0,2010,1,44,0,0,iniciante,media,0.0,1.0,0.0,1.0,só incentivo,1.6129609818097077,13885.642370593596,204450049.0,133,0,2440.0,0
2015,B1500138300000,Ponte Aérea,Júlia Rezende,Ficção,Morena Filmes,,Downtown/Paris,RJ,,56,34566,477345.14,RJ,1.0,0,2010,1,24,6,0,iniciante,media,0.0,1.0,0.0,1.0,só incentivo,1.6129609818097077,769939.0856764924,204450049.0,133,1,2440.0,1
2015,B1500309900000,Qualquer Gato Vira-Lata 2,Marcelo Antunez/Roberto Santucci,Ficção,Tietê Produções,Raiz Produções/Telecine,Downtown/Paris,RJ,SP/RJ,551,807827,10017232.88,RJ,1.0,1,2010,0,24,2,1,estreante,media,1.0,1.0,1.0,1.0,FSA e incentivo,1.6129609818097077,16157405.781141287,204450049.0,133,1,2440.0,1
2015,B1301916500000,Quase Samba,Ricardo Targino,Ficção,Bananeira Filmes,Filmes De Arruaça,Vitrine Filmes,RJ,RJ,13,622,4937.0,RJ,1.0,1,2010,0,42,5,1,estreante,media,1.0,1.0,1.0,1.0,FSA e incentivo,1.6129609818097077,7963.188367194527,204450049.0,133,0,2440.0,0
2015,B1500585100000,Que Horas Ela Volta?,Anna Muylaert,Ficção,África Filmes/Gullane,Globo Filmes/Guel Produtora,Pandora Filmes,SP/SP,RJ/RJ,177,493585,6881242.79,SP,1.0,1,2010,3,19,0,0,estabelecida,pequena,1.0,1.0,1.0,1.0,FSA e incentivo,1.6129609818097077,11099176.126629373,204450049.0,133,1,2440.0,1
2015,B1402719200000,Real Beleza,Jorge Furtado,Ficção,Casa De Cinema De Porto Alegre,Globo Filmes/Guel Produtora,Elo Company,RS,RJ/RJ,44,11208,147516.61,RS,1.0,1,2010,5,10,9,0,estabelecida,pequena,0.0,1.0,0.0,1.0,só incentivo,1.6129609818097077,237938.53609883972,204450049.0,133,1,2440.0,1
2015,B1301943500000,Rio Cigano,Julia Zakia,Ficção,Superfilmes,,Raiz Distribuidora,SP,,2,1230,12682.0,SP,1.0,0,2010,0,7,5,1,estreante,pequena,0.0,1.0,0.0,1.0,só incentivo,1.6129609818097077,20455.571171310712,204450049.0,133,0,2440.0,0
2015,B1402131500000,Romance Policial,Jorge Durán,Ficção,Deserto Filmes,,Pandora Filmes,RJ,,10,3567,45020.9,RJ,1.0,0,2010,2,19,3,0,iniciante,pequena,1.0,1.0,1.0,1.0,FSA e incentivo,1.6129609818097077,72616.95506595667,204450049.0,133,1,2440.0,1
2015,B1500778300000,S.O.S Mulheres Ao Mar 2,Cris D'Amato,Ficção,Ananã Produções,Globo Filmes/Xanadu,Universal/Europa/Elo Company,RJ,RJ/RJ,464,1638272,21119066.91,RJ,1.0,1,2010,2,0,2,0,iniciante,nova,1.0,1.0,1.0,1.0,FSA e incentivo,1.6129609818097077,34064230.89805851,204450049.0,133,1,2440.0,1
2015,B1500740900000,Samba & Jazz,Jefferson Mello,Documentário,Tremè Produções Artísticas,Canal Brasil,Tremè Produções,RJ,RJ,10,1809,21657.66,RJ,1.0,1,2010,0,0,0,1,estreante,nova,0.0,1.0,0.0,1.0,só incentivo,1.6129609818097077,34932.96053730083,204450049.0,133,0,2440.0,0
2015,B1402237400000,Sangue Azul,Lírio Ferreira,Ficção,Drama Filmes/Lírio Ferreira,Beluga Produções/Telecine,Imovision,SP/-,PE/RJ,18,10044,122453.05,SP,1.0,1,2010,2,43,0,0,iniciante,media,1.0,1.0,1.0,1.0,FSA e incentivo,1.6129609818097077,197511.99175359323,204450049.0,133,1,2440.0,1
2015,B1402133100000,Se Deus Vier Que Venha Armado,Luis Dantas,Ficção,Plano Geral Produções,,Pandora Filmes,SP,,10,1703,21221.91,SP,1.0,0,2010,0,19,0,1,estreante,pequena,0.0,1.0,0.0,1.0,só incentivo,1.6129609818097077,34230.11278947725,204450049.0,133,0,2440.0,0
2015,B1500014400000,"Sorria, Você Está Sendo Filmado - O Filme",Daniel Filho,Ficção,Lereby,,H2O Films,RJ,,89,39548,514528.72,RJ,1.0,0,2010,8,7,7,0,veterana,pequena,0.0,0.0,0.0,0.0,sem fomento,1.6129609818097077,829914.7493804921,204450049.0,133,1,2440.0,1
2015,B1500091200000,Superpai,Pedro Amorim,Ficção,Querosene Filmes,,Universal,SP,,321,439410,5159394.63,SP,1.0,0,2010,1,8,0,0,iniciante,pequena,0.0,1.0,0.0,1.0,só incentivo,1.6129609818097077,8321902.227948533,204450049.0,133,1,2440.0,1
2015,B1500071300000,Surfar É Coisa De Rico,Guga Sander,Documentário,Sentimental Filme,Sentimental Etal,Elo Company,SP,SP,2,102,1493.9,SP,1.0,1,2010,0,10,1,1,estreante,pequena,0.0,1.0,0.0,1.0,só incentivo,1.6129609818097077,2409.6024107255225,204450049.0,133,0,2440.0,0
2015,B1500290200000,Terra Cabocla,Márcia Paraíso/Ralf Tambke,Documentário,Plural Filmes,,Plural Filmes Sul,SC,,1,318,4948.16,SC,1.0,0,2010,0,0,0,1,estreante,nova,0.0,0.0,0.0,0.0,sem fomento,1.6129609818097077,7981.189011751523,204450049.0,133,0,2440.0,0
2015,B1500388000000,Território Do Brincar,David Reeks/Renata Meirelles,Documentário,Maria Farinha Filmes/Ludus Produção De Vídeos,,Maria Farinha Filmes,SP/SP,,14,5519,73782.88,SP,1.0,0,2010,0,0,0,1,estreante,nova,0.0,0.0,0.0,0.0,sem fomento,1.6129609818097077,119008.90656554785,204450049.0,133,1,2440.0,1
2015,B1500855000000,Tomie Ohtake,Hélio Goldsztejn,Documentário,Tv Cultura,,Cultura,SP,,1,363,4432.0,SP,1.0,0,2010,0,0,3,1,estreante,nova,0.0,0.0,0.0,0.0,sem fomento,1.6129609818097077,7148.643071380625,204450049.0,133,0,2440.0,0
2015,B1402215300000,Tudo Por Amor Ao Cinema,Aurélio Michelis,Documentário,Aurora Filmes/Imagem Ceuvagem,Olhar Imaginário,Nossa Distribuidora,SP/SP,SP,6,602,8333.0,SP,1.0,1,2010,1,2,0,0,iniciante,nova,0.0,1.0,0.0,1.0,só incentivo,1.6129609818097077,13440.803861420294,204450049.0,133,0,2440.0,0
2015,B1500150200000,Tudo Que Aprendemos Juntos,Sérgio Machado,Ficção,Gullane,,Fox,SP,,73,25816,303608.0,SP,1.0,0,2010,3,36,13,0,estabelecida,media,1.0,1.0,1.0,1.0,FSA e incentivo,1.6129609818097077,489707.85776528175,204450049.0,133,1,2440.0,1
2015,B1402277500000,Tudo Que Deus Criou,André Da Costa Pinto,Ficção,Adriano Lirio/André Da Costa Pinto,,Pipa Produções,RJ/PB,,3,627,4644.0,RJ,2.0,0,2010,0,11,0,1,estreante,pequena,0.0,0.0,0.0,0.0,sem fomento,1.6129609818097077,7490.590799524282,204450049.0,133,0,2440.0,0
2015,B1402326200000,Um Filme Francês,Cavi Borges,Ficção,Cavideo Produções,Canal Brasil,Livres Filmes,RJ,RJ,2,146,2205.35,RJ,1.0,1,2010,0,2,3,1,estreante,nova,0.0,0.0,0.0,0.0,sem fomento,1.6129609818097077,3557.143501234039,204450049.0,133,0,2440.0,0
2015,B1402229600000,Um Sonho Intenso,José Mariani,Documentário,Andaluz,,Pansport,RJ,,6,3449,37026.66,RJ,1.0,0,2010,1,0,1,0,iniciante,nova,0.0,1.0,0.0,1.0,só incentivo,1.6129609818097077,59722.557866734234,204450049.0,133,1,2440.0,1
2015,B1500654500000,Vai Que Cola - O Filme,César Rodrigues,Ficção,Conspiração Filmes,,H2O Films,RJ,,651,3307837,41803908.21,RJ,1.0,0,2010,2,7,18,0,iniciante,pequena,0.0,1.0,0.0,1.0,só incentivo,1.6129609818097077,67428072.8298845,204450049.0,133,1,2440.0,1
2015,B1301949900000,Vai Vai: 80 Anos Nas Ruas,Fernando Capuano,Documentário,Blood Cine,,Ma7 Filmes,SP,,1,385,6253.61,SP,1.0,0,2010,0,0,0,1,estreante,nova,0.0,0.0,0.0,0.0,sem fomento,1.6129609818097077,10086.828925455005,204450049.0,133,0,2440.0,0
2015,B1402831700000,Zirig Dum Brasília,André Luiz Oliveira,Documentário,Abr Filmes,,Abr Cine Vídeo,DF,,1,169,1328.08,DF,1.0,0,2010,2,0,0,0,iniciante,nova,0.0,0.0,0.0,0.0,sem fomento,1.6129609818097077,2142.1412207218364,204450049.0,133,0,2440.0,0
2015,B1500585700000,Ídolo,Ricardo Calvet,Documentário,Remake Filmes,,Nossa Distribuidora,RJ,,13,606,7543.39,RJ,1.0,0,2010,0,2,0,1,estreante,nova,0.0,1.0,0.0,1.0,só incentivo,1.6129609818097077,12167.193740573532,204450049.0,133,0,2440.0,0
2015,B1500672000000,Órfãos Do Eldorado,Guilherme Coelho,Ficção,Matizar,Canal Brasil,Downtown,RJ,RJ,16,3163,39808.34,RJ,1.0,1,2010,2,29,3,0,iniciante,media,1.0,1.0,1.0,1.0,FSA e incentivo,1.6129609818097077,64209.29917061466,204450049.0,133,1,2440.0,1
2015,B1500218600000,Últimas Conversas,Eduardo Coutinho,Documentário,Videofilmes,,Espaço Filmes/Videofilmes,RJ,,22,14498,187626.54,RJ,1.0,0,2010,8,1,28,0,veterana,nova,0.0,2.0,0.0,1.0,só incentivo,1.6129609818097077,302634.2881719584,204450049.0,133,1,2440.0,1
2016,B1600603300000,1976 - O Ano Da Invasão Corinthiana,Alexandre Boechat/Ricardo Aidar,Documentário,Canal Azul,Espn Brasil,Conexão Cultural,SP,SP,4,5944,53428.52,SP,1.0,1,2010,0,0,5,1,estreante,nova,0.0,1.0,0.0,1.0,só incentivo,1.4833250366493091,79251.86138711835,206081432.0,142,1,3377.0,1
2016,B1600422600000,82 Minutos,Nelson Hoineff,Documentário,Comalt - Comunicação Alternativa,Canal Brasil,Comalt,RJ,RJ,2,159,2642.19,RJ,1.0,1,2010,4,1,4,0,estabelecida,nova,0.0,0.0,0.0,0.0,sem fomento,1.4833250366493091,3919.2265785844384,206081432.0,142,0,3377.0,0
2016,B1500400500000,A Bruta Flor Do Querer,Andradina Azevedo/Dida Andrade,Ficção,Filmes Da Lata,,O2 Play,SP,,19,2929,34047.56,SP,1.0,0,2010,0,3,0,1,estreante,nova,0.0,0.0,0.0,0.0,sem fomento,1.4833250366493091,50503.59818481955,206081432.0,142,1,3377.0,0
2016,B1402372600000,A Despedida,Marcelo Galvão,Ficção,Gatacine,Canal Brasil,Gatacine,SP,RJ,9,1641,23196.64,SP,1.0,1,2010,3,1,2,0,estabelecida,nova,0.0,1.0,0.0,1.0,só incentivo,1.4833250366493091,34408.15687814083,206081432.0,142,0,3377.0,0
2016,B1600109600000,A Frente Fria Que A Chuva Traz,Neville D'Almeida,Ficção,República Pureza Filmes,Cooperativa Cinema & Mídias Digitais/Fabrica Imagem E Conteudo/Telecine/Mário Bortolotto,Downtown/Paris,RJ,PR/RJ/RJ/-,3,1695,26153.93,RJ,1.0,1,2010,1,39,2,0,iniciante,media,1.0,1.0,1.0,1.0,FSA e incentivo,1.4833250366493091,38794.77917577347,206081432.0,142,0,3377.0,0
2016,B1600296800000,A Loucura Entre Nós,Fernanda Fontes Vareille,Documentário,Águas De Março Filmes,,Águas De Março Filmes,BA,,8,5190,64350.11,BA,1.0,0,2010,0,0,0,1,estreante,nova,0.0,1.0,0.0,1.0,só incentivo,1.4833250366493091,95452.12927413707,206081432.0,142,1,3377.0,1
2016,B1402307700000,A Luneta Do Tempo,Alceu Valença,Ficção,Focus Films,Canal Brasil,Fênix Filmes,RJ,RJ,22,7370,80134.0,RJ,1.0,1,2010,0,0,0,1,estreante,nova,0.0,1.0,0.0,1.0,só incentivo,1.4833250366493091,118864.76848685574,206081432.0,142,1,3377.0,1
2016,B1600084400000,A Morte De J.P. Cuenca,João Paulo Cuenca,Ficção,Duas Mariola Filmes,João Paulo Cuenca/Canal Brasil,Dm Filmes,RJ,RJ/RJ,3,339,3547.1,RJ,1.0,1,2010,0,0,3,1,estreante,nova,0.0,0.0,0.0,0.0,sem fomento,1.4833250366493091,5261.502237498765,206081432.0,142,0,3377.0,0
2016,B1500404600000,A Vizinhança Do Tigre,Affonso Uchôa,Ficção,Affonso Uchôa,Katásia Filmes,Affonso Uchôa,MG,MG,11,1959,16904.19,MG,1.0,1,2010,1,1,1,0,iniciante,nova,0.0,1.0,0.0,1.0,só incentivo,1.4833250366493091,25074.408251276884,206081432.0,142,0,3377.0,0
2016,B1600275900000,Abaixando A Máquina 2 – No Limite Da Linha,Guillermo Planel,Documentário,Ponto De Equilíbrio Imagens,Canal Brasil,Ponto De Equilíbrio,RJ,RJ,1,390,2828.49,RJ,1.0,1,2010,0,0,0,1,estreante,nova,0.0,0.0,0.0,0.0,sem fomento,1.4833250366493091,4195.570032912204,206081432.0,142,0,3377.0,0
2016,B1600032100000,Amor Em Sampa,Carlos Alberto Riccelli/Kim Riccelli,Ficção,Pulsar Cinema,Coração Da Selva/Globo Filmes,Elo Company,SP,SP/RJ,81,12975,174081.35,SP,1.0,1,2010,0,16,1,1,estreante,pequena,1.0,1.0,1.0,1.0,FSA e incentivo,1.4833250366493091,258219.22486871123,206081432.0,142,1,3377.0,1
2016,B1600070900000,Amores Urbanos,Vera Egito,Ficção,Paranoid Filmes,Vera Egito,Europa,SP,,19,7570,123232.92,SP,1.0,1,2010,0,19,0,1,estreante,pequena,0.0,0.0,0.0,0.0,sem fomento,1.4833250366493091,182794.4755754014,206081432.0,142,1,3377.0,1
2016,B1600096000000,Apaixonados - O Filme,Paulo Fontenelle,Ficção,Total Entertainment,,H2O Films,RJ,,128,26445,338752.2,RJ,1.0,0,2010,3,10,12,0,estabelecida,pequena,0.0,1.0,0.0,1.0,só incentivo,1.4833250366493091,502479.6194800341,206081432.0,142,1,3377.0,1
2016,B1600478600000,Aquarius,Kleber Mendonça Filho,Ficção,Cinemascópio,Globo Filmes/Videofilmes/Maiomidia Comunicação,Vitrine Filmes,PE,RJ/RJ/RJ,140,357026,5272300.55,PE,1.0,1,2010,2,53,3,0,iniciante,media,0.0,1.0,0.0,1.0,só incentivo,1.4833250366493091,7820535.406554922,206081432.0,142,1,3377.0,1
2016,B1500711700000,Arminda Lopes — A Estética Além Da Dor,Luzimar Batista Stricher,Documentário,Stricher Comunicações,,Lança Filmes,RS,,1,91,723.0,RS,1.0,0,2010,0,3,0,1,estreante,nova,0.0,0.0,0.0,0.0,sem fomento,1.4833250366493091,1072.4440014974505,206081432.0,142,0,3377.0,0
2016,B1500873900000,Através Da Sombra,Walter Lima Junior,Ficção,Casa Forte Produções Artísticas/Cinelândia Produções,Globo Filmes/Telecine,Europa,RJ/RJ,RJ/RJ,22,6655,97221.51,RJ,1.0,1,2010,3,19,0,0,estabelecida,pequena,1.0,1.0,1.0,1.0,FSA e incentivo,1.4833250366493091,144211.09988385116,206081432.0,142,1,3377.0,1
2016,B1500392400000,Big Jato,Claudio Assis,Ficção,Perdidas Ilusões,República Pureza Filmes/Canal Brasil,Arthouse,PE,RJ/RJ,21,11528,149805.59,PE,1.0,1,2010,3,7,0,0,estabelecida,pequena,0.0,0.0,0.0,0.0,sem fomento,1.4833250366493091,222210.3822770214,206081432.0,142,1,3377.0,1
2016,B1500798600000,Boi Neon,Gabriel Mascaro,Ficção,Desvia,Canal Brasil,Imovision,PE,RJ,37,34761,410235.72,PE,1.0,1,2010,4,48,2,0,estabelecida,media,0.0,1.0,0.0,1.0,só incentivo,1.4833250366493091,608512.9144038557,206081432.0,142,1,3377.0,1
2016,B1600405900000,Br 716,Domingos De Oliveira,Ficção,Teatro Ilustre Produções Artísticas,Canal Brasil,Pipoca & Filmes/Forte Filmes,RJ,RJ,11,10386,145579.73,RJ,1.0,1,2010,9,0,6,0,veterana,nova,1.0,1.0,1.0,1.0,FSA e incentivo,1.4833250366493091,215942.05833764654,206081432.0,142,1,3377.0,1
2016,B1600750900000,Brasil Rico - Uma Discussão Sobre Prosperidade,Louise Sottomaior/Maílson Da Nóbrega,Documentário,Cultura Maior,,Cultura Maior,SP,,1,62,870.1,SP,1.0,0,2010,0,1,1,1,estreante,nova,0.0,0.0,0.0,0.0,sem fomento,1.4833250366493091,1290.641114388564,206081432.0,142,0,3377.0,0
2016,B1500169500000,Brasil S/A,Marcelo Pedroso,Ficção,Símio Filmes,Vilarejo Filmes,Inquieta Cinema Cultura E Comunicação,PE,PE,17,2432,16899.8,PE,1.0,1,2010,1,0,2,0,iniciante,nova,0.0,0.0,0.0,0.0,sem fomento,1.4833250366493091,25067.896454365993,206081432.0,142,0,3377.0,0
2016,B1600342000000,Brasil: Dna África,Mônica Amorim Monteiro,Documentário,Cine Group,Globo Filmes,Cine Group,DF,RJ,3,698,5801.88,DF,1.0,1,2010,0,1,0,1,estreante,nova,0.0,1.0,0.0,1.0,só incentivo,1.4833250366493091,8606.073863634894,206081432.0,142,0,3377.0,0
2016,B1500344800000,Campo Grande,Sandra Kogut,Ficção,Tambellini Filmes,Marola Filmes/Canal Brasil,Imovision,RJ,RJ/RJ,13,4854,66952.18,RJ,1.0,1,2010,2,48,10,0,iniciante,media,1.0,1.0,1.0,1.0,FSA e incentivo,1.4833250366493091,99311.84485225113,206081432.0,142,1,3377.0,1
2016,B1500542500000,Canção Da Volta,Gustavo Rosa De Moura,Ficção,Lauper Films,Mira Filmes,Pandora Filmes,SP,SP,14,2404,34189.81,SP,1.0,1,2010,2,24,2,0,iniciante,media,0.0,1.0,0.0,1.0,só incentivo,1.4833250366493091,50714.60117128291,206081432.0,142,0,3377.0,0
2016,B1600352700000,Carrossel 2 - O Sumiço De Maria Joaquina,Mauricio Eça,Ficção,Paris Produções,,Downtown/Paris,SP,,888,2525347,28590845.61,SP,1.0,0,2010,1,39,0,0,iniciante,media,0.0,1.0,0.0,1.0,só incentivo,1.4833250366493091,42409517.11228799,206081432.0,142,1,3377.0,1
2016,B1600306000000,Charlote Sp,Frank Mora,Ficção,Frank Mora,,Raiz Distribuidora,SP,,9,432,6123.81,SP,1.0,0,2010,0,13,0,1,estreante,pequena,0.0,0.0,0.0,0.0,sem fomento,1.4833250366493091,9083.600692683407,206081432.0,142,0,3377.0,0
2016,B1600640900000,Cinema Novo,Eryk Rocha,Documentário,Aruac Produções/Coqueirão Pictures,Canal Brasil/Fm Produções,Vitrine Filmes,RJ/RJ,RJ/RJ,20,6958,90543.39,RJ,1.0,1,2010,5,53,0,0,estabelecida,media,0.0,0.0,0.0,0.0,sem fomento,1.4833250366493091,134305.27729010268,206081432.0,142,1,3377.0,1
2016,B1600685500000,Coragem,Sebastião Braga,Documentário,Feel Filmes,,Boulevard Filmes,SP,,3,314,1833.0,SP,1.0,0,2010,0,4,0,1,estreante,nova,0.0,1.0,0.0,1.0,só incentivo,1.4833250366493091,2718.9347921781837,206081432.0,142,0,3377.0,0
2016,B1600651600000,Curumim,Marcos Prado,Documentário,Zazen Produções,Globosat/Globo Filmes/Horizonte,Zazen,RJ,RJ/RJ/RJ,13,2663,42132.53,RJ,1.0,1,2010,2,4,7,0,iniciante,nova,1.0,1.0,1.0,1.0,FSA e incentivo,1.4833250366493091,62496.236606378116,206081432.0,142,0,3377.0,0
2016,B1600529400000,"Cícero Dias, O Compadre De Picasso",Vladimir Carvalho,Documentário,Com Domínio Filmes,Canal Brasil,Com Domínio Filmes,RJ,RJ,4,1206,17546.91,RJ,1.0,1,2010,3,0,0,0,estabelecida,nova,0.0,0.0,0.0,0.0,sem fomento,1.4833250366493091,26027.770918832128,206081432.0,142,0,3377.0,0
2016,B1600192300000,De Onde Eu Te Vejo,Luiz Villaça,Ficção,Bossa Nova Films,Maiomidia Comunicação,Warner,SP,RJ,79,32763,501934.0,SP,1.0,1,2010,3,33,5,0,estabelecida,media,0.0,1.0,0.0,1.0,só incentivo,1.4833250366493091,744531.2689455344,206081432.0,142,1,3377.0,1
2016,B1600599600000,Deixe-Me Viver,Clóvis Vieira,Ficção,Cv&F,,Cv&F,SP,,64,53837,724116.79,SP,1.0,0,2010,1,0,0,0,iniciante,nova,0.0,0.0,0.0,0.0,sem fomento,1.4833250366493091,1074100.5640651302,206081432.0,142,1,3377.0,1
2016,B1600648800000,Dentro Da Caixinha,Guilherme Reis,Ficção,Postura Digital,,Cineart Filmes,MG,,3,1601,17491.5,MG,1.0,0,2010,0,0,0,1,estreante,nova,0.0,1.0,0.0,1.0,só incentivo,1.4833250366493091,25945.57987855139,206081432.0,142,0,3377.0,0
2016,B1600454400000,Desculpe O Transtorno,Tomas Portella,Ficção,Gullane,,Disney,SP,,323,153234,1935131.0,SP,1.0,0,2010,3,10,16,0,estabelecida,pequena,0.0,1.0,0.0,1.0,só incentivo,1.4833250366493091,2870428.261496214,206081432.0,142,1,3377.0,1
2016,B1600012800000,Do Pó Da Terra,Maurício Nahas,Documentário,Notorious Films,,O2 Play,SP,,12,1357,19172.65,SP,1.0,0,2010,0,3,0,1,estreante,nova,0.0,1.0,0.0,1.0,só incentivo,1.4833250366493091,28439.271763914378,206081432.0,142,0,3377.0,0
2016,B1402633700000,Ela Volta Na Quinta,André Novais Oliveira,Ficção,Filmes De Plástico,,Vitrine Filmes,MG,,10,1669,18140.71,MG,1.0,0,2010,0,53,0,1,estreante,media,0.0,0.0,0.0,0.0,sem fomento,1.4833250366493091,26908.569325594486,206081432.0,142,0,3377.0,0
2016,B1600680100000,Elis,Hugo Prata,Ficção,Bravura Cinematográfica,Globo Filmes/Academia De Filmes/Maiomidia Comunicação,Downtown/Paris,SP,RJ/SP/RJ,282,559896,8493069.23,SP,1.0,1,2010,0,39,0,1,estreante,media,1.0,1.0,1.0,1.0,FSA e incentivo,1.4833250366493091,12597982.22685487,206081432.0,142,1,3377.0,1
2016,B1600107600000,Em Nome Da Lei,Sergio Rezende,Ficção,Morena Filmes,Maiomidia Comunicação,Fox,RJ,RJ,389,226978,3196720.0,RJ,1.0,1,2010,6,38,7,0,veterana,media,1.0,1.0,1.0,1.0,FSA e incentivo,1.4833250366493091,4741774.8111575795,206081432.0,142,1,3377.0,1
2016,B1600355900000,Entre Idas E Vindas,José Eduardo Belmonte,Ficção,Film Noise,Imagem/Acere/Alex Gabassi Serviços,Imagem,SP,SC/SP/SP,293,109698,1535091.72,SP,1.0,1,2010,6,38,0,0,veterana,media,0.0,1.0,0.0,1.0,só incentivo,1.4833250366493091,2277039.981829051,206081432.0,142,1,3377.0,1
2016,B1600305100000,Epidemia De Cores,Mário Eugênio Saretta,Documentário,Mário Eugênio Saretta,,Lança Filmes,RS,,3,1556,16442.33,RS,1.0,0,2010,0,3,0,1,estreante,nova,0.0,0.0,0.0,0.0,sem fomento,1.4833250366493091,24389.319749850038,206081432.0,142,0,3377.0,0
2016,B1600064700000,Espaço Além - Marina Abramovic E O Brasil,Marco Del Fiol,Documentário,Casa Redonda Produções,,Elo Company,SP,,17,20147,318116.34,SP,1.0,0,2010,0,16,0,1,estreante,pequena,1.0,1.0,1.0,1.0,FSA e incentivo,1.4833250366493091,471869.9316892441,206081432.0,142,1,3377.0,1
2016,B1500865900000,Estive Em Lisboa E Lembrei De Você,José Barahona,Ficção,Refinaria Filmes,Mutuca Filmes,Tucumán,RJ,RJ,9,3834,40132.9,RJ,1.0,1,2010,1,6,1,0,iniciante,pequena,0.0,1.0,0.0,1.0,só incentivo,1.4833250366493091,59530.13536334306,206081432.0,142,1,3377.0,1
2016,B1402818800000,Eu Sou Carlos Imperial,Renato Terra/Ricardo Calil,Documentário,Afinal Filmes,,Bretz Filmes/Videofilmes,RJ,,8,3187,48018.21,RJ,1.0,0,2010,1,0,0,0,iniciante,nova,0.0,1.0,0.0,1.0,só incentivo,1.4833250366493091,71226.61310808422,206081432.0,142,1,3377.0,0
2016,B1402091800000,Exilados Do Vulcão,Paula Gaitán,Ficção,Aruac Produções/Franco Produções E Filmes,Paula Gaitán,Livres Filmes,RJ/RJ,,6,1208,10739.23,RJ,1.0,1,2010,1,5,0,0,iniciante,pequena,0.0,1.0,0.0,1.0,só incentivo,1.4833250366493091,15929.768733335359,206081432.0,142,0,3377.0,0
2016,B1500636700000,Fome,Cristiano Burlan,Ficção,Bela Filmes,,Vitrine Filmes,SP,,11,1193,14813.44,SP,1.0,0,2010,2,53,2,0,iniciante,media,0.0,0.0,0.0,0.0,sem fomento,1.4833250366493091,21973.146430902343,206081432.0,142,0,3377.0,0
2016,B1500699400000,Futuro Junho,Maria Augusta Ramos,Documentário,Nofoco Filmes,,Arthouse,RJ,,4,392,3129.49,RJ,1.0,0,2010,3,7,1,0,estabelecida,pequena,0.0,0.0,0.0,0.0,sem fomento,1.4833250366493091,4642.0508689436465,206081432.0,142,0,3377.0,0
2016,B1600736900000,Galinha Pintadinha Mini Na Telona,Juliano Prado/Marcos Luporini,Animação,Bromelia Produções,,Flix Media,SP,,172,24832,358359.07,SP,1.0,0,2010,0,0,0,1,estreante,nova,0.0,0.0,0.0,0.0,sem fomento,1.4833250366493091,531562.9806413624,206081432.0,142,1,3377.0,1
2016,B1500405100000,Geraldinos,Pedro Asbeg/Renato Martins,Documentário,Jacqueline Filmes/Palmares Produções E Jornalismo,,Jacqueline Filmes/Livres Filmes,RJ/RJ,,5,478,6344.44,RJ,1.0,0,2010,0,0,0,1,estreante,nova,0.0,0.0,0.0,0.0,sem fomento,1.4833250366493091,9410.866695519342,206081432.0,142,0,3377.0,0
2016,B1600116800000,Glauco Do Brasil,Zeca Brito,Documentário,Anti Filmes/Boulevard Filmes,,Boulevard Filmes,RS/SP,,4,241,1951.0,RS,2.0,0,2010,0,4,0,1,estreante,nova,0.0,1.0,0.0,1.0,só incentivo,1.4833250366493091,2893.9671465028023,206081432.0,142,0,3377.0,0
2016,B1500496500000,Hector,Edu Felistoque,Ficção,Felistoque Filmes,Canal Brasil/Lucca Comunicação/Estricnina/Kinoosfera Filmes,Polifilmes,SP,RJ/SP/SP/SP,2,150,1180.0,SP,1.0,1,2010,2,26,1,0,iniciante,media,0.0,0.0,0.0,0.0,sem fomento,1.4833250366493091,1750.3235432461847,206081432.0,142,0,3377.0,0
2016,B1500283900000,Henry Kayath: O Homem E Seu Tempo,Regina Jehá,Documentário,Lauper Films,,Lauper,SP,,1,18,282.73,SP,1.0,0,2010,0,0,2,1,estreante,nova,0.0,1.0,0.0,1.0,só incentivo,1.4833250366493091,419.3804876118592,206081432.0,142,0,3377.0,0
2016,B1600476600000,Hestórias Da Psicanálise - Leitores De Freud,Francisco Ronald,Documentário,Cabelo Duro,,Espaço Filmes,SP,,22,10716,161799.88,SP,1.0,0,2010,0,46,0,1,estreante,media,0.0,0.0,0.0,0.0,sem fomento,1.4833250366493091,240001.81293085383,206081432.0,142,1,3377.0,1
2016,B1301956300000,Histórias De Alice,Oswaldo Caldeira,Ficção,Oswaldo Caldeira Produções Cinematográficas,,Pipa Produções,RJ,,3,392,4791.27,RJ,1.0,0,2010,2,12,1,0,iniciante,pequena,1.0,1.0,1.0,1.0,FSA e incentivo,1.4833250366493091,7107.010748346736,206081432.0,142,0,3377.0,0
2016,B1301798200000,Invasores,Marcelo Freitas Toledo De Melo,Ficção,Raiz Produções,,Raiz Distribuidora,SP,,3,475,3953.0,SP,1.0,0,2010,0,13,7,1,estreante,pequena,0.0,1.0,0.0,1.0,só incentivo,1.4833250366493091,5863.583869874719,206081432.0,142,0,3377.0,0
2016,B1600187400000,Jaime Lerner - Uma História De Sonhos,Carlos Deiró,Documentário,Deiro Filmes,,Pandora Filmes,PR,,3,408,5512.25,PR,1.0,0,2010,0,24,0,1,estreante,media,0.0,0.0,0.0,0.0,sem fomento,1.4833250366493091,8176.458433270154,206081432.0,142,0,3377.0,0
2016,B1600421600000,Jonas,Lô Politi,Ficção,Lô Politi,Mastershot Produções/Rede Record De Televisão,Elite Filmes,SP,SP/SP,15,1421,18896.65,SP,1.0,1,2010,0,1,0,1,estreante,nova,0.0,1.0,0.0,1.0,só incentivo,1.4833250366493091,28029.87405379917,206081432.0,142,0,3377.0,0
2016,B1600564300000,Lua Em Sagitário,Márcia Paraíso,Ficção,Plural Filmes,Canal Brasil,Elo Company,SC,RJ,21,3223,35577.36,SC,1.0,1,2010,0,16,1,1,estreante,pequena,1.0,0.0,1.0,0.0,só FSA,1.4833250366493091,52772.78882588567,206081432.0,142,1,3377.0,0
2016,B1600442200000,Magal E Os Formigas,Michael Ruman/Newton Cannito,Ficção,Moonshot Pictures,Globo Filmes/Xanadu,Europa,SP,RJ/RJ,17,849,11512.14,SP,1.0,1,2010,0,19,1,1,estreante,pequena,0.0,1.0,0.0,1.0,só incentivo,1.4833250366493091,17076.245487411976,206081432.0,142,0,3377.0,0
2016,B1600294500000,Mais Forte Que O Mundo - A História De José Aldo,Afonso Poyart,Ficção,Black Maria/Paris Entretenimento,Globo Filmes/O2 Filmes,Downtown/Paris,SP/SP,RJ/SP,403,565916,7793731.83,SP,1.0,1,2010,1,39,0,0,iniciante,media,0.0,1.0,0.0,1.0,só incentivo,1.4833250366493091,11560637.552369637,206081432.0,142,1,3377.0,1
2016,B1402855900000,Maresia,Marcos Guttmann,Ficção,Solar Filmes,Passaro Films/Canal Brasil/Guiza Produções Audiovisuais,E.H. Produções,RJ,RJ/RJ/RJ,8,891,10153.18,RJ,1.0,1,2010,0,4,0,1,estreante,nova,2.0,1.0,1.0,1.0,FSA e incentivo,1.4833250366493091,15060.466095607033,206081432.0,142,0,3377.0,0
2016,B1600624200000,Marginal,Alex Miranda/Pedro Caldas,Documentário,Trator Filmes,Globo Filmes,Trator Filmes,SP,RJ,2,114,1520.34,SP,1.0,1,2010,0,0,0,1,estreante,nova,0.0,1.0,0.0,1.0,só incentivo,1.4833250366493091,2255.1583862194107,206081432.0,142,0,3377.0,0
2016,B1600314300000,Marias,Joana Mariani,Documentário,Primo Filmes,,Vitrine Filmes,SP,,17,1708,22312.56,SP,1.0,0,2010,0,53,4,1,estreante,media,0.0,2.0,0.0,1.0,só incentivo,1.4833250366493091,33096.77887973991,206081432.0,142,0,3377.0,0
2016,B1500651700000,Mate-Me Por Favor,Anita Rocha Da Silveira,Ficção,Bananeira Filmes,Imovision,Imovision,RJ,SP,46,9873,116368.43,RJ,1.0,1,2010,0,48,6,1,estreante,media,2.0,4.0,1.0,1.0,FSA e incentivo,1.4833250366493091,172612.20569457256,206081432.0,142,1,3377.0,1
2016,B1600280000000,Menino 23 - Infâncias Perdidas No Brasil,Belisario Franca,Documentário,Giros,Globo Filmes/Canal Brasil,Elo Company,RJ,RJ/RJ,12,7102,94626.8,RJ,1.0,1,2010,1,16,0,0,iniciante,pequena,1.0,1.0,1.0,1.0,FSA e incentivo,1.4833250366493091,140362.30157800685,206081432.0,142,1,3377.0,1
2016,B1600033400000,Meu Amigo Hindu,Hector Babenco,Ficção,Hb Filmes,Globo Filmes/Maiomidia Comunicação,Europa,SP,RJ/RJ,44,24045,377960.3,SP,1.0,1,2010,3,19,3,0,estabelecida,pequena,1.0,1.0,1.0,1.0,FSA e incentivo,1.4833250366493091,560637.9758494839,206081432.0,142,1,3377.0,1
2016,B1600200900000,Meu Nome É Jacque,Angela Zoé,Documentário,Documenta Filmes,Globo Filmes,Documenta Produções,RJ,RJ,1,515,4627.77,RJ,1.0,1,2010,0,0,1,1,estreante,nova,0.0,1.0,0.0,1.0,só incentivo,1.4833250366493091,6864.487104854574,206081432.0,142,0,3377.0,0
2016,B1600382500000,Miller & Fried - As Origens Do País Do Futebol,Luiz Ferraz,Documentário,Olé Produções,Globo Filmes,Olé Produções,SP,RJ,2,240,3155.83,SP,1.0,1,2010,0,0,0,1,estreante,nova,0.0,1.0,0.0,1.0,só incentivo,1.4833250366493091,4681.121650408989,206081432.0,142,0,3377.0,0
2016,B1600716500000,Minha Mãe É Uma Peça 2,César Rodrigues,Ficção,Diamondback,Migdal Filmes/Downtown Filmes/Globo Filmes/Paris Filmes/Xanadu,Downtown/Paris,RJ,RJ/RJ/RJ/SP/RJ,1217,9235798,124695648.82,RJ,1.0,1,2010,3,39,0,0,estabelecida,media,0.0,1.0,0.0,1.0,só incentivo,1.4833250366493091,184964177.85593587,206081432.0,142,1,3377.0,1
2016,B1600716200000,Muleque Té Doido 2: A Lenda De Dom Sebastião,Erlanes Duarte,Ficção,Rafaela Gonçalves,,Rafaela Gonçalves,MA,,17,69753,893822.57,MA,1.0,0,2010,0,0,0,1,estreante,nova,0.0,0.0,0.0,0.0,sem fomento,1.4833250366493091,1325829.3964032296,206081432.0,142,1,3377.0,1
2016,B1500661200000,Mundo Cão,Marcos Jorge,Ficção,Zencrane Filmes,Migdal Filmes/Globo Filmes/Lereby,Downtown/Paris,SP,RJ/RJ/RJ,91,19670,287574.9,SP,1.0,1,2010,2,39,2,0,iniciante,media,0.0,1.0,0.0,1.0,só incentivo,1.4833250366493091,426567.04908192146,206081432.0,142,1,3377.0,1
2016,B1402347100000,Mundo Deserto De Almas Negras,Ruy Veridiano,Ficção,Heavybunker,,Heavy Bunker,SP,,4,533,8447.55,SP,1.0,0,2010,0,0,0,1,estreante,nova,0.0,0.0,0.0,0.0,sem fomento,1.4833250366493091,12530.46241334687,206081432.0,142,0,3377.0,0
2016,B1600416100000,Mãe Só Há Uma,Anna Muylaert,Ficção,África Filmes,Dezenove Som E Imagens/Canal Brasil,Vitrine Filmes,SP,SP/RJ,51,33461,434613.08,SP,1.0,1,2010,4,53,0,0,estabelecida,media,1.0,1.0,1.0,1.0,FSA e incentivo,1.4833250366493091,644672.4628192692,206081432.0,142,1,3377.0,1
2016,B1600656600000,Nascida De Novo,Mary Grace Hughes,Ficção,Mary Grace Hughes,Fabio Da Silva Leme/Bless Filmes/Starcine Audiovideo Produções,Maria Da Graça Hughes,SP,-/MG/MG,5,3049,40147.0,SP,1.0,1,2010,0,0,0,1,estreante,nova,0.0,0.0,0.0,0.0,sem fomento,1.4833250366493091,59551.05024635982,206081432.0,142,1,3377.0,0
2016,B1500257400000,Nervos De Aço,Maurice Capovilla,Ficção,Saturna Produções,Canal Brasil/Atama Filmes,Livres Filmes,RJ,RJ/RS,1,127,2042.07,RJ,1.0,1,2010,1,5,1,0,iniciante,pequena,0.0,1.0,0.0,1.0,só incentivo,1.4833250366493091,3029.0535575904546,206081432.0,142,0,3377.0,0
2016,B1402652900000,Nise - O Coração Da Loucura,Roberto Berliner,Ficção,Tv Zero Cinema/Tv Zero Produções,,Imagem,RJ/RJ,,80,154238,2227284.34,RJ,1.0,0,2010,2,38,0,0,iniciante,media,1.0,1.0,1.0,1.0,FSA e incentivo,1.4833250366493091,3303786.625258932,206081432.0,142,1,3377.0,1
2016,B1600109200000,No Vermelho,Marcelo Reis,Documentário,Blest - Bagulium Loquo Est,Postura Digital,Blest,MG,MG,1,238,2160.0,MG,1.0,1,2010,0,0,0,1,estreante,nova,0.0,0.0,0.0,0.0,sem fomento,1.4833250366493091,3203.982079162508,206081432.0,142,0,3377.0,0
2016,B1600047500000,Nos Passos Do Mestre,André Marouço,Documentário,Mundo Maior Filmes,,Vitrine Filmes,SP,,19,26655,350408.88,SP,1.0,0,2010,1,53,1,0,iniciante,media,0.0,0.0,0.0,0.0,sem fomento,1.4833250366493091,519770.26476824336,206081432.0,142,1,3377.0,1
2016,B1500899000000,Nós Duas Descendo A Escada,Fabiano De Souza,Ficção,Rainer Cine,,Lança Filmes,RS,,6,1438,18085.44,RS,1.0,0,2010,2,3,1,0,iniciante,nova,0.0,0.0,0.0,0.0,sem fomento,1.4833250366493091,26826.58595081888,206081432.0,142,0,3377.0,0
2016,B1600585600000,O Amor De Catarina,Gil Baroni,Ficção,Beija Flor Filmes,,Europa,PR,,69,4457,54173.47,PR,1.0,0,2010,1,19,0,0,iniciante,pequena,0.0,0.0,0.0,0.0,sem fomento,1.4833250366493091,80356.86437317025,206081432.0,142,1,3377.0,1
2016,B1600690400000,O Amor No Divã,Alexandre Reinecke,Ficção,Tortuga Studios,,Vitrine Filmes,SP,,42,4607,63300.48,SP,1.0,0,2010,0,53,0,1,estreante,media,1.0,1.0,1.0,1.0,FSA e incentivo,1.4833250366493091,93895.18681591886,206081432.0,142,1,3377.0,1
2016,B1402130700000,O Ardor,Pablo Fendrik,Ficção,Bananeira Filmes,,Imagem,RJ,,3,234,3710.42,RJ,1.0,0,2010,0,38,6,1,estreante,media,0.0,1.0,0.0,1.0,só incentivo,1.4833250366493091,5503.75888248433,206081432.0,142,0,3377.0,0
2016,B1600227000000,O Caseiro,Julio Santi,Ficção,Nexus Cinema,Urano Films,Europa,SP,SP,61,11856,153425.65,SP,1.0,1,2010,0,19,3,1,estreante,pequena,1.0,1.0,1.0,1.0,FSA e incentivo,1.4833250366493091,227580.10790919408,206081432.0,142,1,3377.0,1
2016,B1600094200000,O Começo Da Vida,Estela Renner,Documentário,Maria Farinha Filmes,,Maria Farinha Filmes,SP,,32,35194,234170.91,SP,1.0,0,2010,1,1,2,0,iniciante,nova,0.0,0.0,0.0,0.0,sem fomento,1.4833250366493091,347351.5736579521,206081432.0,142,1,3377.0,1
2016,B1600041400000,O Diabo Mora Aqui,Dante Vescio/Rodrigo Gasparini,Ficção,Marlucco Visão,,Pandora Filmes,SP,,5,1055,18558.64,SP,1.0,0,2010,0,24,0,1,estreante,media,0.0,0.0,0.0,0.0,sem fomento,1.4833250366493091,27528.495358161334,206081432.0,142,0,3377.0,0
2016,B1600100300000,O Escaravelho Do Diabo,Carlo Milani,Ficção,Dezenove Som E Imagens,Globo Filmes/Lereby/Telecine,Downtown/Paris,SP,RJ/RJ/RJ,363,82634,1024437.54,SP,1.0,1,2010,0,39,10,1,estreante,media,1.0,1.0,1.0,1.0,FSA e incentivo,1.4833250366493091,1519573.851565428,206081432.0,142,1,3377.0,1
2016,B1600713100000,O Filho Eterno,Paulo Machline,Ficção,Camisa Treze Cultural,Globo Filmes/Guel Produtora,Sony,SP,RJ/RJ,60,22007,348365.26,SP,1.0,1,2010,2,16,3,0,iniciante,pequena,0.0,1.0,0.0,1.0,só incentivo,1.4833250366493091,516738.91205684614,206081432.0,142,1,3377.0,1
2016,B1402235800000,O Gigantesco Imã,Petrônio Lorena/Tiago Scorza,Documentário,Mont Serrat Filmes,Aiuru Filmes/Nosotros & Los Demás Produções Artísticas,Inquieta Cinema Cultura E Comunicação,PE,RJ/PE,6,390,2776.0,PE,1.0,1,2010,0,0,0,1,estreante,nova,0.0,1.0,0.0,1.0,só incentivo,1.4833250366493091,4117.7103017384825,206081432.0,142,0,3377.0,0
2016,B1301988900000,O Mestre E O Divino,Tiago Campos,Documentário,Vídeo Nas Aldeias,,Livres Filmes,PE,,7,728,7703.95,PE,1.0,0,2010,0,5,2,1,estreante,pequena,0.0,0.0,0.0,0.0,sem fomento,1.4833250366493091,11427.461916094446,206081432.0,142,0,3377.0,0
2016,B1500837400000,O Outro Lado Do Paraíso,André Ristum,Ficção,Mercado Filmes,Geração Editorial/Sombumbo Filmes/Sincrocine/Telecine/Canal Brasil,Europa,DF,SP/SP/RJ/RJ/RJ,21,7331,94102.19,DF,1.0,1,2010,1,19,0,0,iniciante,pequena,0.0,1.0,0.0,1.0,só incentivo,1.4833250366493091,139584.13443053025,206081432.0,142,1,3377.0,1
2016,B1600408200000,O Roubo Da Taça,Caito Ortiz,Ficção,Prodigo Films,,Downtown/Paris,SP,,192,30209,397360.64,SP,1.0,0,2010,3,39,4,0,estabelecida,media,1.0,1.0,1.0,1.0,FSA e incentivo,1.4833250366493091,589414.9858909929,206081432.0,142,1,3377.0,1
2016,B1600567900000,O Shaolin Do Sertão,Halder Gomes,Ficção,Atc Entretenimentos,Globo Filmes/Telecine/Maiomidia Comunicação,Downtown/Paris,CE,RJ/RJ/RJ,187,610741,7973943.72,CE,1.0,1,2010,1,39,1,0,iniciante,media,1.0,1.0,1.0,1.0,FSA e incentivo,1.4833250366493091,11827950.360708527,206081432.0,142,1,3377.0,1
2016,B1500150300000,O Signo Das Tetas,Frederico Machado,Ficção,Lume Filmes,,Lume Produções Cinematográficas,MA,,6,373,4125.65,MA,1.0,0,2010,1,8,1,0,iniciante,pequena,0.0,0.0,0.0,0.0,sem fomento,1.4833250366493091,6119.679937452222,206081432.0,142,0,3377.0,0
2016,B1600500300000,O Silêncio Do Céu,Marco Dutra,Ficção,Camisa Treze Cultural,Canal Brasil,Vitrine Filmes,SP,RJ,25,11236,142259.09,SP,1.0,1,2010,1,53,3,0,iniciante,media,0.0,1.0,0.0,1.0,só incentivo,1.4833250366493091,211016.46988794737,206081432.0,142,1,3377.0,1
2016,B1500452100000,O Touro,Larissa Figueiredo,Documentário,Sto Lat Filmes,,Cazumbá Filmes,PR,,4,247,2635.08,PR,1.0,0,2010,0,0,0,1,estreante,nova,0.0,0.0,0.0,0.0,sem fomento,1.4833250366493091,3908.6801375738614,206081432.0,142,0,3377.0,0
2016,B1600710700000,O Vendedor De Sonhos,Jayme Monjardim,Ficção,Filmland Internacional,,Warner,SP,,418,673269,9148523.0,SP,1.0,0,2010,2,33,0,0,iniciante,media,0.0,1.0,0.0,1.0,só incentivo,1.4833250366493091,13570233.214262048,206081432.0,142,1,3377.0,1
2016,B1500897000000,O Último Virgem,Felipe Bretas/Rilson Baco,Ficção,Patota Produções,Kliky/Multiphocus Arte & Comunicação/Paramount Pictures Brasil,Downtown/Paris,RJ,RJ/RJ/RJ,340,126841,1587433.36,RJ,1.0,1,2010,0,39,0,1,estreante,media,0.0,1.0,0.0,1.0,só incentivo,1.4833250366493091,2354679.6469003363,206081432.0,142,1,3377.0,1
2016,B1600514100000,Olympia 2016,Rodrigo Mac Niven,Ficção,Rodrigo Mac Niven,,Fênix Filmes,RJ,,3,578,8598.65,RJ,1.0,0,2010,1,0,0,0,iniciante,nova,0.0,0.0,0.0,0.0,sem fomento,1.4833250366493091,12754.592826384582,206081432.0,142,0,3377.0,0
2016,B1600036400000,Os Dez Mandamentos - O Filme,Alexandre Avancini,Ficção,Rede Record De Televisão,,Downtown/Paris,SP,,1127,11305479,116833026.88,SP,1.0,0,2010,0,39,0,1,estreante,media,0.0,0.0,0.0,0.0,sem fomento,1.4833250366493091,173301353.87862572,206081432.0,142,1,3377.0,1
2016,B1402391300000,Os Inimigos Da Dor,Arauco Hernández,Ficção,Primo Filmes,,Primo Filmes,SP,,3,312,3913.0,SP,1.0,0,2010,0,0,4,1,estreante,nova,0.0,1.0,0.0,1.0,só incentivo,1.4833250366493091,5804.250868408747,206081432.0,142,0,3377.0,0
2016,B1600341800000,Os Outros,Sandra Werneck,Documentário,Cineluz Produções,,Cineluz Produções,RJ,,12,592,7139.27,RJ,1.0,0,2010,4,0,5,0,estabelecida,nova,0.0,0.0,0.0,0.0,sem fomento,1.4833250366493091,10589.857934399313,206081432.0,142,0,3377.0,0
2016,B1600280100000,Os Senhores Da Guerra,Tabajara Ruas,Ficção,Walper Ruas Produções,,Walper Ruas,RS,,18,5199,66053.52,RS,1.0,0,2010,1,1,1,0,iniciante,nova,0.0,1.0,0.0,1.0,só incentivo,1.4833250366493091,97978.83997481588,206081432.0,142,1,3377.0,1
2016,B1402524100000,Os Sonhos De Um Sonhador - A História De Frank Aguiar,Caco Milano,Ficção,Nation Filmes,Caco Milano/Maristela Filmes,Elite Filmes,SP,SP/SP,7,567,6306.56,SP,1.0,1,2010,0,1,0,1,estreante,nova,0.0,0.0,0.0,0.0,sem fomento,1.4833250366493091,9354.678343131067,206081432.0,142,0,3377.0,0
2016,B1600602000000,"Palmeiras, O Campeão Do Século",Kim Teixeira/Mauro Betting,Documentário,Canal Azul,,Conexão Cultural,SP,,8,5336,76393.14,SP,1.0,0,2010,0,0,5,1,estreante,nova,0.0,1.0,0.0,1.0,só incentivo,1.4833250366493091,113315.8571902558,206081432.0,142,1,3377.0,1
2016,B1500177200000,Para Minha Amada Morta,Aly Muritiba,Ficção,Grafo Audiovisual,,Vitrine Filmes,PR,,35,7167,89826.13,PR,1.0,0,2010,0,53,0,1,estreante,media,1.0,0.0,1.0,0.0,só FSA,1.4833250366493091,133241.34757431562,206081432.0,142,1,3377.0,1
2016,B1600358100000,Paratodos,Marcelo Mesquita,Documentário,Sala 12,Barry Company,O2 Play,SP,SP,14,3146,38233.51,SP,1.0,1,2010,0,3,1,1,estreante,nova,0.0,1.0,0.0,1.0,só incentivo,1.4833250366493091,56712.72262198173,206081432.0,142,1,3377.0,0
2016,B1600294100000,Paulina,Santiago Mitre,Ficção,Videofilmes,,Esfera Produções,RJ,,19,15324,209170.77,RJ,1.0,0,2010,0,0,30,1,estreante,nova,0.0,1.0,0.0,1.0,só incentivo,1.4833250366493091,310268.2400762142,206081432.0,142,1,3377.0,1
2016,B1600530200000,Pequeno Segredo,David Schurman,Ficção,Schurmann Filmes,Ocean Films/Instituto Kat Schurmann,Diamond Films,SP,SC/SC,259,187055,2801967.64,SP,1.0,1,2010,2,0,1,0,iniciante,nova,0.0,1.0,0.0,1.0,só incentivo,1.4833250366493091,4156228.7522931783,206081432.0,142,1,3377.0,1
2016,B1600494700000,Ponho A Mão No Fogo,André Amado,Ficção,2A Produções,,2A Produções,RJ,,1,59,320.0,RJ,1.0,0,2010,0,0,0,1,estreante,nova,0.0,0.0,0.0,0.0,sem fomento,1.4833250366493091,474.6640117277789,206081432.0,142,0,3377.0,0
2016,B1600264400000,Ponto Zero,José Pedro Goulart,Ficção,Mínima,Okna Produções,Pandora Filmes,RS,RS,17,8247,115856.26,RS,1.0,1,2010,0,24,0,1,estreante,media,2.0,1.0,1.0,1.0,FSA e incentivo,1.4833250366493091,171852.49111055187,206081432.0,142,1,3377.0,1
2016,B1600368700000,Porta Dos Fundos - Contrato Vitalício,Ian Sbf,Ficção,Porta Dos Fundos,Telecine,Downtown/Paris,RJ,RJ,515,454569,6208337.13,RJ,1.0,1,2010,1,39,0,0,iniciante,media,0.0,1.0,0.0,1.0,só incentivo,1.4833250366493091,9208981.900888517,206081432.0,142,1,3377.0,1
2016,B1600517400000,Precisamos Falar Do Assédio,Paula Sacchetta,Documentário,Mira Filmes,,Mira Filmes,SP,,1,241,2042.63,SP,1.0,0,2010,0,0,1,1,estreante,nova,0.0,0.0,0.0,0.0,sem fomento,1.4833250366493091,3029.8842196109786,206081432.0,142,0,3377.0,0
2016,B1500399400000,Prova De Coragem,Roberto Gervitz,Ficção,M. Schmiedt Produções,Globo Filmes/Maiomidia Comunicação/Telecine,Europa/Vinny Filmes,RS,RJ/RJ/RJ,60,12147,167481.2,RS,1.0,1,2010,1,0,2,0,iniciante,nova,1.0,3.0,1.0,1.0,FSA e incentivo,1.4833250366493091,248429.0571280703,206081432.0,142,1,3377.0,1
2016,B1500562100000,Quanto Tempo O Tempo Tem,Adriana Dutra,Documentário,Inffinito,,Infinito Produções,RJ,,10,5955,82195.08,RJ,1.0,0,2010,1,0,1,0,iniciante,nova,0.0,1.0,0.0,1.0,só incentivo,1.4833250366493091,121922.0200533929,206081432.0,142,1,3377.0,1
2016,B1600466200000,Quem Você Quer Ser Nessa História?,Felipe Britto/Nelli Sampaio/Rodrigo Van Der Put,Documentário,Sant'Ana Filmes,,Sant'Ana Filmes,RJ,,1,319,3761.76,RJ,1.0,0,2010,0,0,0,1,estreante,nova,0.0,0.0,0.0,0.0,sem fomento,1.4833250366493091,5579.912789865905,206081432.0,142,0,3377.0,0
2016,B1600017500000,Ralé,Helena Ignez,Ficção,Mercúrio Produções,Canal Brasil,Pandora Filmes,SP,RJ,6,2203,25198.84,SP,1.0,1,2010,0,24,3,1,estreante,media,0.0,1.0,0.0,1.0,só incentivo,1.4833250366493091,37378.07026652008,206081432.0,142,0,3377.0,0
2016,B1500899800000,Reza A Lenda,Homero Olivetto,Ficção,Biônica Filmes/Ouro 21,Globo Filmes/Guel Produtora,Imagem,SP/SP,RJ/RJ,382,377670,4979716.42,SP,1.0,1,2010,0,38,0,1,estreante,media,1.0,1.0,1.0,1.0,FSA e incentivo,1.4833250366493091,7386538.041199666,206081432.0,142,1,3377.0,1
2016,B1500475400000,"Rondon, O Desbravador",Marcelo Santiago/Rodrigo Piovezan,Ficção,Rondon Produções & Filmes,Movimento Filmes/Canal Brasil,Europa,MT,RJ/RJ,15,2321,23670.4,MT,1.0,1,2010,0,19,0,1,estreante,pequena,0.0,0.0,0.0,0.0,sem fomento,1.4833250366493091,35110.89694750381,206081432.0,142,0,3377.0,0
2016,B1402254300000,Sinfonia Da Necrópole,Juliana Rojas,Ficção,Avoa Filmes,,Vitrine Filmes,SP,,11,2288,29250.81,SP,1.0,0,2010,0,53,0,1,estreante,media,0.0,0.0,0.0,0.0,sem fomento,1.4833250366493091,43388.45881527198,206081432.0,142,0,3377.0,0
2016,B1600685000000,Sob Pressão,Andrucha Waddington,Ficção,Conspiração Filmes,Globo Filmes/Guel Produtora,H2O Films,RJ,RJ/RJ,76,39237,542520.79,RJ,1.0,1,2010,7,10,20,0,veterana,pequena,0.0,1.0,0.0,1.0,só incentivo,1.4833250366493091,804734.6707097623,206081432.0,142,1,3377.0,1
2016,B1600337700000,São Paulo Em Hi-Fi,Lufe Steffen,Documentário,Cigano Filmes/Lufe Steffen,,Cigano Filmes,SP/SP,,3,3526,34655.61,SP,1.0,0,2010,0,0,0,1,estreante,nova,0.0,1.0,0.0,1.0,só incentivo,1.4833250366493091,51405.53397335416,206081432.0,142,1,3377.0,1
2016,B1500866700000,São Sebastião Do Rio De Janeiro - A Formação De Uma Cidade,Juliana De Carvalho,Documentário,Bang Filmes,,Bang Filmes,RJ,,6,5080,44764.81,RJ,1.0,0,2010,0,0,1,1,estreante,nova,0.0,0.0,0.0,0.0,sem fomento,1.4833250366493091,66400.76343384935,206081432.0,142,1,3377.0,1
2016,B1600603400000,Tamo Junto,Matheus Souza,Ficção,Zeugma Produções,Rt Features/Bruno Jourdan Blochas/Pedro Vitor Azevedo,Downtown/Paris,RJ,SP/-/-,355,84051,1028742.48,RJ,1.0,1,2010,2,39,1,0,iniciante,media,0.0,0.0,0.0,0.0,sem fomento,1.4833250366493091,1525959.4768487012,206081432.0,142,1,3377.0,1
2016,B1500861900000,"Teobaldo Morto, Romeu Exilado",Rodrigo De Oliveira,Ficção,Pique-Bandeira Filmes,Rodrigo De Oliveira,Pique-Bandeira Filmes,ES,,3,473,2936.0,ES,1.0,1,2010,0,0,0,1,estreante,nova,0.0,0.0,0.0,0.0,sem fomento,1.4833250366493091,4355.042307602372,206081432.0,142,0,3377.0,0
2016,B1600765000000,Teresinha,Victor Ribeiro,Documentário,Paris Entretenimento,Victor Films,Paris,SP,SP,5,1323,20999.47,SP,1.0,1,2010,0,8,1,1,estreante,pequena,0.0,0.0,0.0,0.0,sem fomento,1.4833250366493091,31149.03960736607,206081432.0,142,0,3377.0,0
2016,B1500496600000,Toro,Edu Felistoque,Ficção,Felistoque Filmes,Canal Brasil/Lucca Comunicação/Estricnina/Kinoosfera Filmes,Polifilmes,SP,RJ/SP/SP/SP,1,105,660.0,SP,1.0,1,2010,2,26,1,0,iniciante,media,0.0,0.0,0.0,0.0,sem fomento,1.4833250366493091,978.994524188544,206081432.0,142,0,3377.0,0
2016,B1500269700000,Trago Comigo,Tata Amaral,Ficção,Tangerina Entretenimento,Primo Filmes/Manjericão Filmes,Pandora Filmes,SP,SP/SP,12,3023,36371.93,SP,1.0,1,2010,4,24,2,0,estabelecida,media,0.0,1.0,0.0,1.0,só incentivo,1.4833250366493091,53951.394400256104,206081432.0,142,1,3377.0,0
2016,B1500754900000,Travessias,Salete Paulina Machado Sirino,Ficção,Tigre Produções Cinematográficas,,Tigre Produções Cinematográficas,PR,,9,16132,80640.5,PR,1.0,0,2010,1,2,0,0,iniciante,nova,0.0,1.0,0.0,1.0,só incentivo,1.4833250366493091,119616.07261791862,206081432.0,142,1,3377.0,1
2016,B1600083900000,Turbulência,Tiago Venâncio,Ficção,Arthur Vinciprova/Tiago Venâncio,,Downtown/Paris,RJ/RJ,,4,755,8447.6,RJ,1.0,0,2010,0,39,0,1,estreante,media,0.0,0.0,0.0,0.0,sem fomento,1.4833250366493091,12530.536579598704,206081432.0,142,0,3377.0,0
2016,B1600043800000,Tô Ryca!,Pedro Antônio,Ficção,Glaz Entretenimento,Telecine,Downtown/Paris,RJ,RJ,420,1121570,14835057.9,RJ,1.0,1,2010,0,39,6,1,estreante,media,1.0,1.0,1.0,1.0,FSA e incentivo,1.4833250366493091,22005212.803212125,206081432.0,142,1,3377.0,1
2016,B1402301100000,Um Homem Só,Cláudia Jouvin,Ficção,Giros,Globo Filmes/Guel Produtora/Telecine,Downtown/Paris,RJ,RJ/RJ/RJ,57,4184,59021.39,RJ,1.0,1,2010,0,39,0,1,estreante,media,1.0,1.0,1.0,1.0,FSA e incentivo,1.4833250366493091,87547.90548484317,206081432.0,142,1,3377.0,1
2016,B1600436900000,Um Namorado Para Minha Mulher,Júlia Rezende,Ficção,Paris Entretenimento,Globo Filmes/Maiomidia Comunicação,Downtown/Paris,SP,RJ/RJ,435,665999,9028755.59,SP,1.0,1,2010,3,39,1,0,estabelecida,media,0.0,1.0,0.0,1.0,só incentivo,1.4833250366493091,13392579.216434404,206081432.0,142,1,3377.0,1
2016,B1600011000000,Um Suburbano Sortudo,Roberto Santucci,Ficção,Camisa Listrada,Panorama Filmes/Globo Filmes/Maiomidia Comunicação/Telecine,Downtown/Paris,RJ,RJ/RJ/RJ/RJ,472,1070434,14245429.85,RJ,1.0,1,2010,9,39,1,0,veterana,media,0.0,1.0,0.0,1.0,só incentivo,1.4833250366493091,21130602.754336413,206081432.0,142,1,3377.0,1
2016,B1600305700000,Uma Loucura De Mulher,Marcus Ligocki Júnior,Ficção,Ligocki Entretenimento,Telecine,Imagem,DF,RJ,274,103351,1354911.48,DF,1.0,1,2010,0,38,0,1,estreante,media,1.0,1.0,1.0,1.0,FSA e incentivo,1.4833250366493091,2009774.1207275696,206081432.0,142,1,3377.0,1
2016,B1600067600000,Uma Noite Em Sampa,Ugo Giorgetti,Ficção,Sp Filmes De São Paulo,O Príncipe,O2 Play,SP,SP,11,3228,49131.22,SP,1.0,1,2010,6,3,6,0,veterana,nova,0.0,1.0,0.0,1.0,só incentivo,1.4833250366493091,72877.56870712528,206081432.0,142,1,3377.0,0
2016,B1500870400000,Vai Que Dá Certo 2,Maurício Farias,Ficção,Fraiha Produções,Guel Produtora,Imagem,RJ,RJ,536,923426,12022063.96,RJ,1.0,1,2010,4,38,3,0,estabelecida,media,1.0,1.0,1.0,1.0,FSA e incentivo,1.4833250366493091,17832628.46406734,206081432.0,142,1,3377.0,1
2016,B1500489800000,Vampiro 40º,Marcelo Santiago,Ficção,Canal Brasil,Filmes Do Equador,Lc Barreto Filmes,RJ,RJ,2,204,2919.5,RJ,1.0,1,2010,1,0,2,0,iniciante,nova,0.0,0.0,0.0,0.0,sem fomento,1.4833250366493091,4330.5674444976585,206081432.0,142,0,3377.0,0
2016,B1600439700000,Vidas Partidas,Marcos Schetchman,Ficção,Voglia Produções,Guel Produtora,Europa,RJ,RJ,29,5857,79485.81,RJ,1.0,1,2010,0,19,1,1,estreante,pequena,0.0,1.0,0.0,1.0,só incentivo,1.4833250366493091,117903.29203135002,206081432.0,142,1,3377.0,1
2016,B1500407700000,Xingu Cariri Caruaru Carioca,Beth Formaggini,Documentário,4 Ventos Comunicação,,4 Ventos Comunicação,RJ,,7,583,5888.15,RJ,1.0,0,2010,1,0,2,0,iniciante,nova,0.0,0.0,0.0,0.0,sem fomento,1.4833250366493091,8734.04031454663,206081432.0,142,0,3377.0,0
2016,B1402372200000,Yorimatã,Rafael Saar,Documentário,Dilúvio Produções,Tela Brasilis/Imagem-Tempo,Dilúvio Filmes,RJ,RJ/RJ,5,1912,15350.15,RJ,1.0,1,2010,0,0,0,1,estreante,nova,0.0,0.0,0.0,0.0,sem fomento,1.4833250366493091,22769.26181132239,206081432.0,142,0,3377.0,0
2016,B1600036800000,Zoom,Pedro Morelli,Ficção,O2 Filmes,,Downtown/Paris,SP,,97,14139,205326.89,SP,1.0,0,2010,0,39,17,1,estreante,media,1.0,1.0,1.0,1.0,FSA e incentivo,1.4833250366493091,304566.5166343387,206081432.0,142,1,3377.0,1
2016,B1600019500000,"Zé De Julião, Muito Além Do Cangaço",Hermano Penna,Documentário,Luz Xxi,,Luz Xxi,SP,,6,196,2905.88,SP,1.0,0,2010,3,0,2,0,estabelecida,nova,0.0,1.0,0.0,1.0,só incentivo,1.4833250366493091,4310.364557498495,206081432.0,142,0,3377.0,0
2016,B1600532800000,É Fada!,Cris D'Amato,Ficção,Lereby,Globo Filmes/Imagem,Imagem,RJ,RJ/SC,732,1722069,21240910.24,RJ,1.0,1,2010,4,38,8,0,estabelecida,media,0.0,1.0,0.0,1.0,só incentivo,1.4833250366493091,31507173.960212685,206081432.0,142,1,3377.0,1
2017,B1700538300000,10 Centavos Para O Número Da Besta,Guillermo Planel,Documentário,Ponto De Equilíbrio Imagens,Canal Brasil,Ponto De Equilíbrio,RJ,RJ,1,7,63.0,RJ,1.0,1,2010,1,1,1,0,iniciante,nova,0.0,0.0,0.0,0.0,sem fomento,1.4339081587350282,90.33621400030678,207660929.0,160,0,2686.0,0
2017,B1600181500000,A Cidade Onde Envelheço,Marília Rocha,Ficção,Anavilhana,,Vitrine Filmes,MG,,30,9101,70409.3,MG,1.0,0,2010,3,64,3,0,estabelecida,grande,0.0,1.0,0.0,1.0,só incentivo,1.4339081587350282,100960.46972082222,207660929.0,160,1,2686.0,1
2017,B1600439300000,A Comédia Divina,Toni Venturi,Ficção,Olhar Imaginário,Aurora Filmes/Globo Filmes/Maiomidia Comunicação,Imagem,SP,SP/RJ/RJ,135,45875,653289.31,SP,1.0,1,2010,6,45,5,0,veterana,media,1.0,1.0,1.0,1.0,FSA e incentivo,1.4339081587350282,936756.8716233771,207660929.0,160,1,2686.0,1
2017,B1500334900000,A Família Dionti,Alan Minas,Ficção,Caraminhola Filmes,Canal Brasil,Arthouse,RJ,RJ,11,3489,37224.66,RJ,1.0,1,2010,1,9,1,0,iniciante,pequena,0.0,0.0,0.0,0.0,sem fomento,1.4339081587350282,53376.74368013746,207660929.0,160,1,2686.0,1
2017,B1700505300000,A Filosofia Na Alcova,Ivam Cabral/Rodolfo García Vázquez,Ficção,Espaço Dos Satyros,,Espaço Dos Satyros,SP,,1,2691,36381.0,SP,1.0,0,2010,0,0,0,1,estreante,nova,0.0,0.0,0.0,0.0,sem fomento,1.4339081587350282,52167.012722939064,207660929.0,160,0,2686.0,1
2017,B1600630700000,A Finada Mãe Da Madame,Bernard Attal,Ficção,Santa Luzia Filmes,,Santa Luzia Filmes,BA,,3,461,5858.28,BA,1.0,0,2010,1,0,1,0,iniciante,nova,1.0,0.0,1.0,0.0,só FSA,1.4339081587350282,8400.235488154241,207660929.0,160,0,2686.0,0
2017,B1402263600000,A Gente,Aly Muritiba,Documentário,Grafo Audiovisual,Tv Paranaense,Olhar Distribuição,PR,PR,12,576,6124.66,PR,1.0,1,2010,1,0,1,0,iniciante,nova,0.0,0.0,0.0,0.0,sem fomento,1.4339081587350282,8782.199943478077,207660929.0,160,0,2686.0,0
2017,B1600585400000,A Glória E A Graça,Flávio Ramos Tambellini,Ficção,Tambellini Filmes,Globo Filmes/Maiomidia Comunicação/Canal Brasil,H2O Films,RJ,RJ/RJ/RJ,30,5403,81674.69,RJ,1.0,1,2010,3,12,11,0,estabelecida,pequena,1.0,1.0,1.0,1.0,FSA e incentivo,1.4339081587350282,117114.00435315422,207660929.0,160,1,2686.0,1
2017,B1700428000000,A Menina Índigo,Wagner De Assis,Ficção,Cinética Filmes,Inspired Camera/Naymar Brasil Cinematográfica,Film Connection,RJ,SP/RJ,82,41967,583354.91,RJ,1.0,1,2010,1,2,1,0,iniciante,nova,1.0,1.0,1.0,1.0,FSA e incentivo,1.4339081587350282,836477.3648871381,207660929.0,160,1,2686.0,1
2017,B1600439400000,A Terra Vermelha,Diego Martinez Vignatti,Ficção,Panda Filmes,Fm Produções,Imovision,RS,RJ,6,1621,23140.46,RS,1.0,1,2010,0,51,3,1,estreante,media,1.0,0.0,1.0,0.0,só FSA,1.4339081587350282,33181.29439088157,207660929.0,160,0,2686.0,0
2017,B1700162000000,Altas Expectativas,Alvaro Campos/Pedro Antônio,Ficção,2 Moleques Produções,Globo Filmes/Xanadu/Telecine,Vitrine Filmes,RJ,RJ/RJ/RJ,105,6696,92334.69,RJ,1.0,1,2010,0,64,0,1,estreante,grande,2.0,1.0,1.0,1.0,FSA e incentivo,1.4339081587350282,132399.46532526962,207660929.0,160,1,2686.0,1
2017,B1700175000000,Amor.Com,Anita Barbosa,Ficção,Total Entertainment,,H2O Films,RJ,,346,92873,1192785.62,RJ,1.0,0,2010,0,12,13,1,estreante,pequena,0.0,1.0,0.0,1.0,só incentivo,1.4339081587350282,1710345.032139819,207660929.0,160,1,2686.0,1
2017,B1600780500000,Animal Político,Tião,Ficção,Trincheira Filmes,,Vitrine Filmes,PE,,22,4333,29277.53,PE,1.0,0,2010,0,64,0,1,estreante,grande,0.0,0.0,0.0,0.0,sem fomento,1.4339081587350282,41981.28913460955,207660929.0,160,1,2686.0,1
2017,B1600245600000,Antes O Tempo Não Acabava,Fábio Baldo/Sergio Andrade,Ficção,Rio Tarumã Films,3 Moinhos Produções,Livres Filmes,AM,RJ,17,1705,19280.81,AM,1.0,1,2010,0,8,1,1,estreante,pequena,1.0,1.0,1.0,1.0,FSA e incentivo,1.4339081587350282,27646.910766019922,207660929.0,160,0,2686.0,0
2017,B1700255500000,Aqualoucos,Victor Ribeiro,Documentário,Paris Entretenimento,Globo Filmes,Paris,SP,RJ,2,118,2238.32,SP,1.0,1,2010,1,9,3,0,iniciante,pequena,0.0,1.0,0.0,1.0,só incentivo,1.4339081587350282,3209.5453098597886,207660929.0,160,0,2686.0,0
2017,B1500572900000,As Aventuras Do Pequeno Colombo,Rodrigo Gava,Animação,Indiana Produções,Gava Produções,Downtown/Paris,RJ,RJ,26,2380,33137.07,RJ,1.0,1,2010,0,58,1,1,estreante,media,1.0,1.0,1.0,1.0,FSA e incentivo,1.4339081587350282,47515.51502957374,207660929.0,160,0,2686.0,0
2017,B1700054400000,As Duas Irenes,Fabio Meira,Ficção,Roseira Filmes,Polana Filmes/Lacuna Filmes,Vitrine Filmes,SP,SP/SP,36,13064,97207.34,SP,1.0,1,2010,0,64,0,1,estreante,grande,0.0,0.0,0.0,0.0,sem fomento,1.4339081587350282,139386.39791492984,207660929.0,160,1,2686.0,1
2017,B1500314300000,Asco,Ale Paschoalini,Ficção,Ale Paschoalini/Mosquito Project,,Mosquito Project,SP/MG,,1,43,1137.5,SP,2.0,0,2010,0,0,0,1,estreante,nova,0.0,0.0,0.0,0.0,sem fomento,1.4339081587350282,1631.0705305610945,207660929.0,160,0,2686.0,0
2017,B1600770800000,Axé: Canto Do Povo De Algum Lugar,Francisco Mascarenhas Kertesz,Documentário,Macaco Gordo,,Zahir Company,BA,,24,32053,451907.65,BA,1.0,0,2010,0,0,0,1,estreante,nova,0.0,0.0,0.0,0.0,sem fomento,1.4339081587350282,647994.0663297736,207660929.0,160,1,2686.0,1
2017,B1600752300000,Beduíno,Julio Bressane,Ficção,Tb Produções,,Tb Produções,RJ,,4,746,11272.72,RJ,1.0,0,2010,8,0,5,0,veterana,nova,1.0,0.0,1.0,0.0,só FSA,1.4339081587350282,16164.045179135526,207660929.0,160,0,2686.0,0
2017,B1600750800000,Belo Monte - Um Mundo Onde Tudo É Possível,Alexandre Bouchet,Documentário,Globo Filmes,Indiana Produções,Indiana Produções Cinematográficas,RJ,RJ,1,91,1469.42,RJ,1.0,1,2010,0,0,16,1,estreante,nova,0.0,1.0,0.0,1.0,só incentivo,1.4339081587350282,2107.0133266084254,207660929.0,160,0,2686.0,0
2017,B1700330100000,Bingo - O Rei Das Manhãs,Daniel Rezende,Ficção,Gullane,Locall,Warner,SP,SP,442,249309,3997911.0,SP,1.0,1,2010,0,35,17,1,estreante,media,1.0,1.0,1.0,1.0,FSA e incentivo,1.4339081587350282,5732637.200796516,207660929.0,160,1,2686.0,1
2017,B1500464600000,Bruxarias,Virginia Curiá,Animação,Otto Desenhos Animados,,Vitrine Filmes,RS,,14,706,6038.23,RS,1.0,0,2010,0,64,2,1,estreante,grande,1.0,0.0,1.0,0.0,só FSA,1.4339081587350282,8658.267261318608,207660929.0,160,0,2686.0,0
2017,B1600041000000,Bugigangue No Espaço,Ale Mchaddo,Animação,44 Toons,,Imagem,SP,,295,112624,1534609.18,SP,1.0,0,2010,0,45,0,1,estreante,media,2.0,1.0,1.0,1.0,FSA e incentivo,1.4339081587350282,2200488.6236716714,207660929.0,160,1,2686.0,1
2017,B1600737300000,Bye Bye Jaqueline,Anderson Simão,Ficção,O Quadro,,Lança Filmes,PR,,6,516,5900.0,PR,1.0,0,2010,0,6,0,1,estreante,pequena,0.0,0.0,0.0,0.0,sem fomento,1.4339081587350282,8460.058136536667,207660929.0,160,0,2686.0,0
2017,B1402296800000,Cada Vez Mais Longe,Eveline Costa/Oswaldo Eduardo Lioi,Ficção,Kadiwéu Cinema/Sequência Filmes,,Sequência Produções Artisticas,RJ/RJ,,1,342,4265.39,RJ,1.0,0,2010,0,0,0,1,estreante,nova,0.0,0.0,0.0,0.0,sem fomento,1.4339081587350282,6116.177521186803,207660929.0,160,0,2686.0,0
2017,B1402701900000,Café – Um Dedo De Prosa,Maurício Squarisi,Animação,Tupi Desenhos Animados,,Polifilmes/Spcine,SP,,1,104,1530.08,SP,1.0,0,2010,0,0,0,1,estreante,nova,0.0,0.0,0.0,0.0,sem fomento,1.4339081587350282,2193.9941955172917,207660929.0,160,0,2686.0,0
2017,B1500883200000,"Capoeira, Um Passo A Dois",Jorge Itapuã,Documentário,Daza Filmes,,Daza Filmes,RJ,,2,347,4070.47,RJ,1.0,0,2010,0,3,3,1,estreante,nova,1.0,0.0,1.0,0.0,só FSA,1.4339081587350282,5836.68014288617,207660929.0,160,0,2686.0,0
2017,B1600332400000,Central - O Filme,Renato Nunes Dorneles/Tatiana Sager,Documentário,Panda Filmes,Linha De Produção,Panda Filmes,RS,RS,10,16408,240713.27,RS,1.0,1,2010,0,13,3,1,estreante,pequena,0.0,0.0,0.0,0.0,sem fomento,1.4339081587350282,345160.7217687877,207660929.0,160,1,2686.0,1
2017,B1700422600000,Chocante,Johnny Araújo,Ficção,Casé Filmes,Globo Filmes/Imagem,Imagem,RJ,RJ/SC,490,155063,2199472.96,RJ,1.0,1,2010,2,45,4,0,iniciante,media,1.0,1.0,1.0,1.0,FSA e incentivo,1.4339081587350282,3153842.2222610824,207660929.0,160,1,2686.0,1
2017,B1700172000000,Cidades Fantasmas,Tyrell Spencer,Documentário,Casa De Cinema De Porto Alegre,Globo Filmes,Casa De Cinema De Porto Alegre,RS,RJ,4,1082,14156.27,RS,1.0,1,2010,0,1,10,1,estreante,nova,0.0,1.0,0.0,1.0,só incentivo,1.4339081587350282,20298.791050255917,207660929.0,160,0,2686.0,0
2017,B1700410600000,Cinemagia - A História Das Videolocadoras De São Paulo,Alan Oliveira,Documentário,Lumolab,,Lumolab,SP,,1,193,3370.0,SP,1.0,0,2010,0,0,0,1,estreante,nova,0.0,0.0,0.0,0.0,sem fomento,1.4339081587350282,4832.270494937045,207660929.0,160,0,2686.0,0
2017,B1600502400000,Clarisse Ou Alguma Coisa Sobre Nós Dois,Petrus Cariry,Ficção,Iluminura Filmes,,Sereia Filmes,CE,,14,4207,39101.34,CE,1.0,0,2010,2,1,2,0,iniciante,nova,0.0,0.0,0.0,0.0,sem fomento,1.4339081587350282,56067.730443472305,207660929.0,160,1,2686.0,1
2017,B1402289000000,Com Os Punhos Cerrados,Luiz Pretti/Pedro Diógenes/Ricardo Pretti,Ficção,Alumbramento,,Pique-Bandeira Filmes,CE,,5,602,3760.03,CE,1.0,0,2010,0,1,3,1,estreante,nova,0.0,0.0,0.0,0.0,sem fomento,1.4339081587350282,5391.537694088468,207660929.0,160,0,2686.0,0
2017,B1700046100000,Comeback,Erico Rassi,Ficção,Rio Bravo Filmes,,O2 Play,SP,,33,3356,42937.3,SP,1.0,0,2010,0,7,0,1,estreante,pequena,0.0,1.0,0.0,1.0,só incentivo,1.4339081587350282,61568.14478405353,207660929.0,160,1,2686.0,1
2017,B1700119200000,Como Nossos Pais,Laís Bodanzky,Ficção,Buriti Filmes/Gullane,Globo Filmes/Xanadu,Imovision,SP/SP,RJ/RJ,124,206909,3510565.99,SP,1.0,1,2010,3,51,1,0,estabelecida,media,1.0,3.0,1.0,1.0,FSA e incentivo,1.4339081587350282,5033829.214838712,207660929.0,160,1,2686.0,1
2017,B1700386500000,Como Se Tornar O Pior Aluno Da Escola,Fabricio Bittar,Ficção,Clube Filmes,Telecine,Downtown/Paris,SP,RJ,359,506412,6850270.39,SP,1.0,1,2010,0,58,0,1,estreante,media,2.0,1.0,1.0,1.0,FSA e incentivo,1.4339081587350282,9822658.601761984,207660929.0,160,1,2686.0,1
2017,B1500559900000,Cora Coralina - Todas As Vidas,Renato Barbieri,Documentário,Asacine Produções,Renato Fortes Barbieri,Tucumán,DF,DF,10,7040,97643.98,DF,1.0,1,2010,1,7,2,0,iniciante,pequena,0.0,1.0,0.0,1.0,só incentivo,1.4339081587350282,140012.4995733599,207660929.0,160,1,2686.0,1
2017,B1700537400000,Coragem! As Muitas Vidas De Dom Paulo Evaristo Arns,Ricardo Carvalho,Documentário,Tvm Produções,Globo Filmes,Tv Meio Ambiente,SP,RJ,10,912,14606.1,SP,1.0,1,2010,0,0,0,1,estreante,nova,0.0,1.0,0.0,1.0,só incentivo,1.4339081587350282,20943.805957299697,207660929.0,160,0,2686.0,0
2017,B1700181500000,Corpo Delito,Pedro Rocha,Documentário,Corpo Aberto,,Vitrine Filmes,CE,,32,1447,9863.31,CE,1.0,0,2010,0,64,0,1,estreante,grande,0.0,0.0,0.0,0.0,sem fomento,1.4339081587350282,14143.08068113279,207660929.0,160,0,2686.0,0
2017,B1700112000000,Corpo Elétrico,Marcelo Caetano,Ficção,Plateau Produções,Desbun Filmes/Marcelo Batista Caetano/África Filmes,Vitrine Filmes,SP,SP/-/SP,33,20133,238076.41,SP,1.0,1,2010,0,64,4,1,estreante,grande,1.0,1.0,1.0,1.0,FSA e incentivo,1.4339081587350282,341379.7067013457,207660929.0,160,1,2686.0,1
2017,B1600754800000,Cromossomo 21,Alex Pires Duarte,Ficção,Alex Pires Duarte,,Alex Pires Duarte,RJ,,14,4817,63479.63,RJ,1.0,0,2010,0,0,0,1,estreante,nova,0.0,0.0,0.0,0.0,sem fomento,1.4339081587350282,91023.95937048085,207660929.0,160,1,2686.0,1
2017,B1600058600000,Crônica Da Demolição,Eduardo Ades,Documentário,Imagem-Tempo/Tela Brasilis,,Imagem-Tempo,RJ/RJ,,8,3532,47218.51,RJ,1.0,0,2010,0,0,0,1,estreante,nova,0.0,0.0,0.0,0.0,sem fomento,1.4339081587350282,67707.00673231152,207660929.0,160,1,2686.0,1
2017,B1700227000000,Câmara De Espelhos,Dea Ferraz,Documentário,Alumia Produção E Conteúdo,Ateliê Produções/Parêa Filmes,Inquieta Cinema Cultura E Comunicação,PE,PE/PE,7,411,3300.35,PE,1.0,1,2010,0,2,0,1,estreante,nova,0.0,0.0,0.0,0.0,sem fomento,1.4339081587350282,4732.39879168115,207660929.0,160,0,2686.0,0
2017,B1700258100000,Danado De Bom,Debby Brennand,Documentário,Mariola Filmes,,Inquietude,PE,,13,2237,23846.7,PE,1.0,0,2010,0,0,1,1,estreante,nova,0.0,1.0,0.0,1.0,só incentivo,1.4339081587350282,34193.9776889066,207660929.0,160,0,2686.0,0
2017,B1700030400000,Deixa Na Régua,Emíilio Domingos,Documentário,Osmose Filmes,,Osmose Filmes,RJ,,3,390,4453.7,RJ,1.0,0,2010,0,0,1,1,estreante,nova,0.0,0.0,0.0,0.0,sem fomento,1.4339081587350282,6386.196766558195,207660929.0,160,0,2686.0,0
2017,B1600287300000,Deserto,Guilherme Weber,Ficção,Bananeira Filmes,Mutuca Filmes/Canal Brasil,Tucumán,RJ,RJ/RJ,12,1362,17377.15,RJ,1.0,1,2010,0,7,8,1,estreante,pequena,1.0,1.0,1.0,1.0,FSA e incentivo,1.4339081587350282,24917.237160562396,207660929.0,160,0,2686.0,0
2017,B1700328500000,Detetives Do Prédio Azul,André Pellenz,Ficção,Paris Entretenimento,Globo Filmes/Rsmts Empreendimentos E Participações/Globosat,Downtown/Paris,RJ,RJ/RJ/RJ,516,1223055,16122831.58,RJ,1.0,1,2010,1,58,3,0,iniciante,media,0.0,1.0,0.0,1.0,só incentivo,1.4339081587350282,23118659.744472764,207660929.0,160,1,2686.0,1
2017,B1600653900000,Divinas Divas,Leandra Leal,Documentário,Daza Filmes,Biônica Filmes/Canal Brasil,Vitrine Filmes,RJ,SP/RJ,37,34127,254424.81,RJ,1.0,1,2010,0,64,3,1,estreante,grande,0.0,0.0,0.0,0.0,sem fomento,1.4339081587350282,364821.8108436094,207660929.0,160,1,2686.0,1
2017,B1700244500000,Divórcio,Pedro Amorim,Ficção,Filmland Internacional,,Warner,SP,,592,487466,6581359.0,SP,1.0,0,2010,2,35,1,0,iniciante,media,0.0,1.0,0.0,1.0,só incentivo,1.4339081587350282,9437064.365664206,207660929.0,160,1,2686.0,1
2017,B1600052200000,Do Outro Lado Do Atlântico,Daniele Ellery/Márcio Câmara,Documentário,Deberton Entretenimento/Euphemia Produções,,Deberton Entretenimento,CE/CE,,1,283,1830.0,CE,1.0,0,2010,0,0,0,1,estreante,nova,0.0,0.0,0.0,0.0,sem fomento,1.4339081587350282,2624.051930485102,207660929.0,160,0,2686.0,0
2017,B1500812200000,Doidas E Santas,Paulo Thiago,Ficção,Melodrama Produções,,Imagem,RJ,,94,29925,421006.83,RJ,1.0,0,2010,5,45,1,0,estabelecida,media,2.0,2.0,1.0,1.0,FSA e incentivo,1.4339081587350282,603685.1284201711,207660929.0,160,1,2686.0,1
2017,B1700045100000,"Dolores - Uma Mulher, Dois Amores",Juan Dickinson,Ficção,Valkyria Filmes,,Tucumán,RJ,,15,3366,46505.2,RJ,1.0,0,2010,0,7,0,1,estreante,pequena,1.0,0.0,1.0,0.0,só FSA,1.4339081587350282,66684.18570360423,207660929.0,160,1,2686.0,1
2017,B1700477300000,Dona Flor E Seus Dois Maridos,Pedro Vasconcelos,Ficção,Reginaldo Farias Produções,Fv Produções/República Pureza Filmes/Telecine,Downtown/Paris,RJ,RJ/RJ/RJ,113,46640,640772.54,RJ,1.0,1,2010,1,58,0,0,iniciante,media,1.0,1.0,1.0,1.0,FSA e incentivo,1.4339081587350282,918808.9729993673,207660929.0,160,1,2686.0,1
2017,B1700395900000,Duas De Mim,Cininha De Paula,Ficção,Migdal Filmes,Globo Filmes/Xanadu/Telecine,Downtown/Paris,RJ,RJ/RJ/RJ,281,292504,3930701.25,RJ,1.0,1,2010,0,58,5,1,estreante,media,2.0,1.0,1.0,1.0,FSA e incentivo,1.4339081587350282,5636264.591924974,207660929.0,160,1,2686.0,1
2017,B1600579200000,El Mate,Bruno Kott,Ficção,Filmes De Vagabundo,Canal Brasil,Filmes De Vagabundo,SP,RJ,1,235,2120.0,SP,1.0,1,2010,0,0,0,1,estreante,nova,0.0,0.0,0.0,0.0,sem fomento,1.4339081587350282,3039.8852965182596,207660929.0,160,0,2686.0,0
2017,B1600765100000,Elon Não Acredita Na Morte,Ricardo Alves Junior,Ficção,Entre Filmes,Punta Colorada De Cinema/Sancho Filmes,Vitrine Filmes,MG,SP/SP,29,2210,15577.84,MG,1.0,1,2010,0,64,0,1,estreante,grande,0.0,1.0,0.0,1.0,só incentivo,1.4339081587350282,22337.191871468873,207660929.0,160,0,2686.0,0
2017,B1402707600000,Encantados,Tizuka Yamasaki,Ficção,Scena Filmes,,Riofilme,RJ,,9,6941,82083.51,RJ,1.0,0,2010,6,145,1,0,veterana,grande,0.0,1.0,0.0,1.0,só incentivo,1.4339081587350282,117700.21468660826,207660929.0,160,1,2686.0,1
2017,B1700466900000,Entre Irmãs,Breno Silveira,Ficção,Conspiração Filmes,Globo Filmes/Xanadu,H2O Films/Sony,RJ,RJ/RJ,100,58453,938543.45,RJ,1.0,1,2010,4,0,21,0,estabelecida,nova,1.0,1.0,1.0,1.0,FSA e incentivo,1.4339081587350282,1345785.110282321,207660929.0,160,1,2686.0,1
2017,B1600690600000,Era O Hotel Cambridge,Eliane Caffé,Ficção,Aurora Filmes,Apoio-Associação De Auxílio Mutuo Da Região Leste,Vitrine Filmes,SP,SP,25,30555,313646.81,SP,1.0,1,2010,3,64,0,0,estabelecida,grande,1.0,1.0,1.0,1.0,FSA e incentivo,1.4339081587350282,449740.71982021525,207660929.0,160,1,2686.0,1
2017,B1600163900000,Estamos Vivos,Filipe Codeço,Ficção,Cavideo Produções,Roda Produtiva/Impulso Hub Projetos Audiovisuais/Canal Brasil,Livres Filmes,RJ,RJ/MG/RJ,1,62,371.2,RJ,1.0,1,2010,0,8,5,1,estreante,pequena,0.0,0.0,0.0,0.0,sem fomento,1.4339081587350282,532.2667085224424,207660929.0,160,0,2686.0,0
2017,B1700243800000,Esteros,Papu Curotto,Ficção,Latina Estudio,,Europa,SP,,9,3851,61386.42,SP,1.0,0,2010,0,28,0,1,estreante,media,0.0,1.0,0.0,1.0,só incentivo,1.4339081587350282,88022.48847353511,207660929.0,160,1,2686.0,1
2017,B1600520300000,Estopô Balaio,Cristiano Burlan,Documentário,Bela Filmes,,Bela Filmes,SP,,2,290,1417.5,SP,1.0,0,2010,3,2,3,0,estabelecida,nova,0.0,0.0,0.0,0.0,sem fomento,1.4339081587350282,2032.5648150069026,207660929.0,160,0,2686.0,0
2017,B1600789900000,Eu Fico Loko,Bruno Garotti,Ficção,Ananã Produções,Eduardo Scarpa/Paris Filmes,Downtown/Paris,RJ,-/SP,620,559431,6848306.92,RJ,1.0,1,2010,0,58,3,1,estreante,media,0.0,1.0,0.0,1.0,só incentivo,1.4339081587350282,9819843.166109553,207660929.0,160,1,2686.0,1
2017,B1600472500000,Eu Te Levo,Marcelo Müller,Ficção,Academia De Filmes,,Pandora Filmes,SP,,6,472,5177.96,SP,1.0,0,2010,0,30,2,1,estreante,media,0.0,1.0,0.0,1.0,só incentivo,1.4339081587350282,7424.719089603626,207660929.0,160,0,2686.0,0
2017,B1700123200000,Exodus - De Onde Vim Não Existe Mais,Hank Levine,Documentário,O2 Filmes,Globo Filmes,Paris/O2 Play,SP,RJ,36,6280,77573.34,SP,1.0,1,2010,0,0,18,1,estreante,nova,1.0,1.0,1.0,1.0,FSA e incentivo,1.4339081587350282,111233.04512632631,207660929.0,160,1,2686.0,1
2017,B1600708000000,Fala Comigo,Felipe Sholl,Ficção,Syndrome Films,,Vitrine Filmes,RJ,,23,8982,125041.04,RJ,1.0,0,2010,0,64,0,1,estreante,grande,1.0,0.0,1.0,0.0,só FSA,1.4339081587350282,179297.367432713,207660929.0,160,1,2686.0,1
2017,B1700552000000,"Fala Sério, Mãe!",Pedro Vasconcelos,Ficção,Camisa Listrada/Focus Films,Telecine/Globo Filmes/Maiomidia Comunicação,Downtown/Paris,RJ/RJ,RJ/RJ/RJ,696,2911611,38831048.25,RJ,1.0,1,2010,1,58,0,0,iniciante,media,1.0,1.0,1.0,1.0,FSA e incentivo,1.4339081587350282,55680156.89790854,207660929.0,160,1,2686.0,1
2017,B1700052000000,Filhos De Bach,Ansgar Ahlers,Ficção,Conspiração Filmes,,Disney,RJ,,27,3337,52203.0,RJ,1.0,0,2010,0,11,21,1,estreante,pequena,0.0,1.0,0.0,1.0,só incentivo,1.4339081587350282,74854.30761044468,207660929.0,160,1,2686.0,1
2017,B1700236800000,Fonte Da Juventude,Estevão Ciavatta,Documentário,Pindorama Filmes,,Pindorama Filmes,RJ,,2,120,2260.15,RJ,1.0,0,2010,2,0,1,0,iniciante,nova,0.0,0.0,0.0,0.0,sem fomento,1.4339081587350282,3240.847524964974,207660929.0,160,0,2686.0,0
2017,B1700524700000,Gabeira,Moacyr Góes,Documentário,Bufões Produções Artísticas,Globo Filmes,Gávea Filmes E Produções/Pipoca & Filmes,RJ,RJ,15,1638,19889.08,RJ,1.0,1,2010,9,0,0,0,veterana,nova,0.0,1.0,0.0,1.0,só incentivo,1.4339081587350282,28519.114081733678,207660929.0,160,0,2686.0,0
2017,B1700305400000,Gabriel E A Montanha,Fellipe Gamarano Barbosa,Ficção,Gamarosa,Tv Zero Cinema/Canal Brasil,Bretz Filmes/Pagu Pictures,RJ,RJ/RJ,89,42167,698061.29,RJ,1.0,1,2010,2,0,0,0,iniciante,nova,1.0,0.0,1.0,0.0,só FSA,1.4339081587350282,1000955.7790280986,207660929.0,160,1,2686.0,1
2017,B1600534400000,Galeria F,Emilia Silveira,Documentário,70 Filmes,Globo Filmes/Canal Brasil/Santo Guerreiro,Elo Company,RJ,RJ/RJ/BA,6,569,5379.03,RJ,1.0,1,2010,1,20,0,0,iniciante,media,0.0,1.0,0.0,1.0,só incentivo,1.4339081587350282,7713.035003080478,207660929.0,160,0,2686.0,0
2017,B1700454300000,Gosto Se Discute,André Pellenz,Ficção,Damasco Filmes,Filmland Internacional,Imagem,SP,SP,468,169485,2400978.15,SP,1.0,1,2010,1,45,0,0,iniciante,media,1.0,1.0,1.0,1.0,FSA e incentivo,1.4339081587350282,3442782.158229534,207660929.0,160,1,2686.0,1
2017,B1700109600000,"Gostosas, Lindas E Sexies",Ernani Nunes,Ficção,Santa Rita Filmes,,Downtown/Paris,SP,,174,85063,1189017.34,SP,1.0,0,2010,0,58,1,1,estreante,media,1.0,1.0,1.0,1.0,FSA e incentivo,1.4339081587350282,1704941.664703421,207660929.0,160,1,2686.0,1
2017,B1600172700000,Guerra Do Paraguay,Luiz Rosemberg Filho,Ficção,Cavideo Produções,Cafeína Produções/Canal Brasil,Livres Filmes,RJ,RJ/RJ,3,838,10701.12,RJ,1.0,1,2010,1,8,5,0,iniciante,pequena,0.0,0.0,0.0,0.0,sem fomento,1.4339081587350282,15344.423275602587,207660929.0,160,0,2686.0,0
2017,B1700339700000,Historietas Assombradas – O Filme,Victor-Hugo Borges,Animação,Neoplastique Entretenimento,,Vitrine Filmes,SP,,222,34933,474680.76,SP,1.0,0,2010,0,64,0,1,estreante,grande,1.0,1.0,1.0,1.0,FSA e incentivo,1.4339081587350282,680648.6145585438,207660929.0,160,1,2686.0,1
2017,B1402280900000,História Antes De Uma História,Wilson Lazaretti,Animação,Núcleo Do Cinema De Animação De Campinas,,Polifilmes/Spcine,SP,,1,197,1825.5,SP,1.0,0,2010,0,0,0,1,estreante,nova,0.0,0.0,0.0,0.0,sem fomento,1.4339081587350282,2617.599343770794,207660929.0,160,0,2686.0,0
2017,B1700044000000,Internet - O Filme,Filippo Capuzzi Lapietra,Ficção,Paris Entretenimento,,Downtown/Paris,SP,,411,380166,4915838.38,SP,1.0,0,2010,0,58,3,1,estreante,media,0.0,0.0,0.0,0.0,sem fomento,1.4339081587350282,7048860.760104784,207660929.0,160,1,2686.0,1
2017,B1600685100000,Intolerância.Doc,Susanna Lira,Documentário,Modo Operante Produções,Globo Filmes,Modo Operante Produções,RJ,RJ,2,236,3779.59,RJ,1.0,1,2010,1,0,1,0,iniciante,nova,0.0,1.0,0.0,1.0,só incentivo,1.4339081587350282,5419.584937673326,207660929.0,160,0,2686.0,0
2017,B1500643000000,Introdução À Música Do Sangue,Luiz Carlos Lacerda,Ficção,Matinê Filmes,Canal Brasil,Arthouse,RJ,RJ,6,634,6574.2,RJ,1.0,1,2010,1,9,0,0,iniciante,pequena,0.0,1.0,0.0,1.0,só incentivo,1.4339081587350282,9426.799017155821,207660929.0,160,0,2686.0,0
2017,B1700381100000,Invisível,Pablo Giorgelli,Ficção,Punta Colorada De Cinema/Sancho Filmes,,Vitrine Filmes,SP/SP,,41,9610,80562.53,SP,1.0,0,2010,0,64,0,1,estreante,grande,2.0,0.0,1.0,0.0,só FSA,1.4339081587350282,115519.26905533546,207660929.0,160,1,2686.0,1
2017,B1700447200000,Jesus - A Esperança,Semi Salomão,Ficção,Grupo Teatral Mãe Do Céu,,Moro Comunicação,PR,,5,2180,23575.07,PR,1.0,0,2010,0,3,0,1,estreante,nova,0.0,0.0,0.0,0.0,sem fomento,1.4339081587350282,33804.4852157494,207660929.0,160,0,2686.0,0
2017,B1700092500000,Joaquim,Marcelo Gomes,Ficção,Rec Produtores Associados,,Imovision,PE,,35,19671,276847.19,PE,1.0,0,2010,2,51,5,0,iniciante,media,2.0,2.0,1.0,1.0,FSA e incentivo,1.4339081587350282,396973.44446386653,207660929.0,160,1,2686.0,1
2017,B1600018100000,Jonas E O Circo Sem Lona,Paula Gomes,Documentário,Plano 3 Filmes,,Vitrine Filmes,BA,,29,2681,17997.22,BA,1.0,0,2010,0,64,0,1,estreante,grande,0.0,0.0,0.0,0.0,sem fomento,1.4339081587350282,25806.360592549227,207660929.0,160,0,2686.0,0
2017,B1700349800000,"João, O Maestro",Mauro Lima,Ficção,Filmes Do Equador,Globo Filmes/Maiomidia Comunicação,Sony,RJ,RJ/RJ,125,87517,1515200.75,RJ,1.0,1,2010,4,17,13,0,estabelecida,pequena,2.0,1.0,1.0,1.0,FSA e incentivo,1.4339081587350282,2172658.7175464337,207660929.0,160,1,2686.0,1
2017,B1700077100000,La Vingança,Fernando Fraiha,Ficção,Globo Filmes/Querosene Filmes,Paris Entretenimento/Biônica Filmes/O2 Filmes/Telecine,Downtown/Paris,RJ/SP,SP/SP/SP/RJ,23,5219,83403.52,RJ,2.0,1,2010,0,58,0,1,estreante,media,1.0,1.0,1.0,1.0,FSA e incentivo,1.4339081587350282,119592.9877952201,207660929.0,160,1,2686.0,1
2017,B1600764800000,Lamparina Da Aurora,Frederico Machado,Ficção,Lume Filmes,,Lume Produções Cinematográficas,MA,,17,2115,15437.6,MA,1.0,0,2010,2,9,2,0,iniciante,pequena,0.0,0.0,0.0,0.0,sem fomento,1.4339081587350282,22136.10059128787,207660929.0,160,0,2686.0,0
2017,B1700382400000,Lino - Uma Aventura De Sete Vidas,Rafael Ribas,Animação,Startanima,,Fox,SP,,445,314292,4344171.0,SP,1.0,0,2010,0,39,2,1,estreante,media,1.0,1.0,1.0,1.0,FSA e incentivo,1.4339081587350282,6229142.239840106,207660929.0,160,1,2686.0,1
2017,B1500113300000,Love Film Festival,Bruno Safadi/Juancho Cardona/Manuela Dias/Vinícius Coimbra,Ficção,República Pureza Filmes,Casablanca Content/Canal Brasil,Arthouse,RJ,SP/RJ,17,2473,32609.6,RJ,1.0,1,2010,0,9,3,1,estreante,pequena,2.0,0.0,1.0,0.0,só FSA,1.4339081587350282,46759.17149308577,207660929.0,160,0,2686.0,0
2017,B1700268100000,"Lygia, Uma Escritora Brasileira",Hélio Goldsztejn,Documentário,Tv Cultura,,Cultura,SP,,8,784,11842.49,SP,1.0,0,2010,1,1,4,0,iniciante,nova,0.0,0.0,0.0,0.0,sem fomento,1.4339081587350282,16981.043030737983,207660929.0,160,0,2686.0,0
2017,B1700051900000,"Macaco Tião, O Candidato Do Povo",Alex Levy-Heller,Documentário,Alelo Filmes,Afinal Filmes,Pipa Produções,RJ,RJ,2,76,850.8,RJ,1.0,1,2010,0,13,0,1,estreante,pequena,0.0,0.0,0.0,0.0,sem fomento,1.4339081587350282,1219.969061451762,207660929.0,160,0,2686.0,0
2017,B1500315500000,Mais Do Que Eu Possa Me Reconhecer,Allan Ribeiro,Documentário,Acalante Filmes,,Livres Filmes,RJ,,2,215,2488.98,RJ,1.0,0,2010,1,8,0,0,iniciante,pequena,0.0,0.0,0.0,0.0,sem fomento,1.4339081587350282,3568.9687289283106,207660929.0,160,0,2686.0,0
2017,B1700347600000,Malasartes E O Duelo Com A Morte,Paulo Morelli,Ficção,O2 Filmes,Globo Filmes/O2 Filmes,Downtown/Paris,SP,RJ/SP,352,114382,1540238.22,SP,1.0,1,2010,3,58,18,0,estabelecida,media,2.0,1.0,1.0,1.0,FSA e incentivo,1.4339081587350282,2208560.1500535174,207660929.0,160,1,2686.0,1
2017,B1700172800000,Mar Inquieto,Fernando Mantelli,Ficção,Verte Filmes,Sequência - Tv E Cinema/Guedes Filmes/Cubo Filmes,Lança Filmes,RS,RS/RJ/RS,4,189,2708.8,RS,1.0,1,2010,0,6,0,1,estreante,pequena,0.0,0.0,0.0,0.0,sem fomento,1.4339081587350282,3884.1704203814447,207660929.0,160,0,2686.0,0
2017,B1700248200000,Maria - Não Esqueça Que Eu Venho Dos Trópicos,Francisco C. Martins,Documentário,Liligo,,Pandora Filmes,SP,,6,1014,12364.45,SP,1.0,0,2010,0,30,0,1,estreante,media,0.0,1.0,0.0,1.0,só incentivo,1.4339081587350282,17729.48573327132,207660929.0,160,0,2686.0,0
2017,B1600787700000,Martírio,Ernesto De Carvalho/Tatiana Almeida (Tita)/Vincent Carelli,Documentário,Papo Amarelo,Vídeo Nas Aldeias,Vitrine Filmes,PE,PE,29,6429,48641.18,PE,1.0,1,2010,0,64,0,1,estreante,grande,0.0,0.0,0.0,0.0,sem fomento,1.4339081587350282,69746.98485249908,207660929.0,160,1,2686.0,1
2017,B1700031200000,Memória Em Verde E Rosa,Pedro Von Krüger,Documentário,Com Domínio Filmes,,Com Domínio Filmes,RJ,,1,408,6105.91,RJ,1.0,0,2010,0,1,1,1,estreante,nova,0.0,0.0,0.0,0.0,sem fomento,1.4339081587350282,8755.314165501795,207660929.0,160,0,2686.0,0
2017,B1700050700000,Meu Corpo É Político,Alice Riff,Documentário,Studio Riff,Paideia Filmes,Olhar Distribuição,SP,SP,13,2308,19745.42,SP,1.0,1,2010,0,0,0,1,estreante,nova,0.0,0.0,0.0,0.0,sem fomento,1.4339081587350282,28313.1188356498,207660929.0,160,0,2686.0,0
2017,B1700231000000,Meus 15 Anos,Caroline Fioratti,Ficção,Paris Entretenimento,,Downtown/Paris,SP,,593,742153,8986031.9,SP,1.0,0,2010,0,58,3,1,estreante,media,0.0,0.0,0.0,0.0,sem fomento,1.4339081587350282,12885144.456063228,207660929.0,160,1,2686.0,1
2017,B1600300000000,Muito Romântico,Gustavo Jahn/Melissa Dullius,Ficção,Gustavo Jahn/Melissa Dullius,If You Hold A Stone,Vitrine Filmes,SC/RS,RJ,24,1333,8917.72,SC,2.0,1,2010,0,64,0,1,estreante,grande,0.0,0.0,0.0,0.0,sem fomento,1.4339081587350282,12787.191465314534,207660929.0,160,0,2686.0,0
2017,B1600420900000,Mulher Do Pai,Cristiane Oliveira,Ficção,Okna Produções,,Vitrine Filmes,RS,,26,6928,81680.87,RS,1.0,0,2010,0,64,0,1,estreante,grande,1.0,1.0,1.0,1.0,FSA e incentivo,1.4339081587350282,117122.86590557519,207660929.0,160,1,2686.0,1
2017,B1700168200000,"Ninguém Entra, Ninguém Sai",Hsu Chien,Ficção,Caribe,Globo Filmes/Verbo Promoções,Imagem,RJ,RJ/RS,418,195992,2648634.69,RJ,1.0,1,2010,0,45,2,1,estreante,media,1.0,1.0,1.0,1.0,FSA e incentivo,1.4339081587350282,3797898.8914996223,207660929.0,160,1,2686.0,1
2017,B1700396100000,Ninguém Está Olhando,Julia Solomonoff,Ficção,Taiga Filmes E Vídeo,,Vitrine Filmes,RJ,,13,7493,105228.8,RJ,1.0,0,2010,0,64,10,1,estreante,grande,1.0,0.0,1.0,0.0,só FSA,1.4339081587350282,150888.43485389653,207660929.0,160,1,2686.0,1
2017,B1700133700000,No Intenso Agora,João Moreira Salles,Documentário,Videofilmes,,Videofilmes,RJ,,17,19164,282317.04,RJ,1.0,0,2010,3,30,31,0,estabelecida,media,0.0,0.0,0.0,0.0,sem fomento,1.4339081587350282,404816.70700592326,207660929.0,160,1,2686.0,1
2017,B1700264000000,Nunca Me Sonharam,Cacau Rhoden,Documentário,Maria Farinha Filmes,,Maria Farinha Filmes,SP,,8,2827,34808.92,SP,1.0,0,2010,1,2,3,0,iniciante,nova,0.0,0.0,0.0,0.0,sem fomento,1.4339081587350282,49912.794384754896,207660929.0,160,1,2686.0,1
2017,B1700386400000,Não Devore Meu Coração,Felipe Bragança,Ficção,Duas Mariola Filmes,Globo Filmes/Canal Brasil/Maiomidia Comunicação,Tucumán,RJ,RJ/RJ/RJ,100,7923,108221.14,RJ,1.0,1,2010,2,7,4,0,iniciante,pequena,1.0,1.0,1.0,1.0,FSA e incentivo,1.4339081587350282,155179.1755936057,207660929.0,160,1,2686.0,1
2017,B1700052200000,O Crime Da Gávea,André Luiz Warwar,Ficção,Md Produções Artísticas,,Elo Company,RJ,,5,760,13605.85,RJ,1.0,0,2010,0,20,0,1,estreante,media,1.0,1.0,1.0,1.0,FSA e incentivo,1.4339081587350282,19509.539321524982,207660929.0,160,0,2686.0,0
2017,B1600363900000,O Deserto Do Deserto,Samir Abujamra/Tito Gonzalez Garcia,Documentário,Ouidah Films,Canal Brasil,Ouidah Films,RJ,RJ,5,675,8424.13,RJ,1.0,1,2010,0,0,0,1,estreante,nova,0.0,0.0,0.0,0.0,sem fomento,1.4339081587350282,12079.428737244512,207660929.0,160,0,2686.0,0
2017,B1700151900000,O Filme Da Minha Vida,Selton Mello,Ficção,Bananeira Filmes,,Vitrine Filmes,RJ,,262,295988,4465799.44,RJ,1.0,0,2010,2,64,8,0,iniciante,grande,2.0,1.0,1.0,1.0,FSA e incentivo,1.4339081587350282,6403546.252290321,207660929.0,160,1,2686.0,1
2017,B1700045500000,O Homem Que Matou John Wayne,Bruno Laet/Diogo Oliveira,Documentário,Guepardo Produções Audiovisuais,Canal Brasil,Pandora Filmes,RJ,RJ,3,275,3939.78,RJ,1.0,1,2010,0,30,0,1,estreante,media,0.0,0.0,0.0,0.0,sem fomento,1.4339081587350282,5649.2826856210895,207660929.0,160,0,2686.0,0
2017,B1700149200000,O Jardim Das Aflições,Josias Teófilo,Documentário,Josias Teófilo,Matheus Bazzo/Olavo De Carvalho,Josias Teófilo,PE,RS/-,13,15024,277784.71,PE,1.0,1,2010,0,0,0,1,estreante,nova,0.0,0.0,0.0,0.0,sem fomento,1.4339081587350282,398317.7620408438,207660929.0,160,1,2686.0,1
2017,B1600773600000,O Ornitólogo,João Pedro Rodrigues,Ficção,Ítaca Films,,Vitrine Filmes,RJ,,32,4654,32726.85,RJ,1.0,0,2010,0,64,0,1,estreante,grande,0.0,1.0,0.0,1.0,só incentivo,1.4339081587350282,46927.29722469745,207660929.0,160,1,2686.0,1
2017,B1700220800000,O Piano Que Conversa,Marcelo Machado,Documentário,Mmtv,Núcleo Contemporâneo,Marcelo Machado,SP,SP,6,810,9235.02,SP,1.0,1,2010,1,0,0,0,iniciante,nova,1.0,0.0,1.0,0.0,só FSA,1.4339081587350282,13242.17052408116,207660929.0,160,0,2686.0,0
2017,B0700764400000,O Profeta Das Águas,Leopoldo Nunes,Documentário,Leopoldo Nunes,,Taus Audiovisuais,SP,,1,22,220.35,SP,1.0,0,2010,0,0,0,1,estreante,nova,0.0,0.0,0.0,0.0,sem fomento,1.4339081587350282,315.9616627772634,207660929.0,160,0,2686.0,0
2017,B1700103500000,O Rastro,J. C. Feyer,Ficção,Lupa Filmes,,Imagem,RJ,,345,87070,1182424.09,RJ,1.0,0,2010,0,45,0,1,estreante,media,0.0,2.0,0.0,1.0,só incentivo,1.4339081587350282,1695487.5497358413,207660929.0,160,1,2686.0,1
2017,B1700482200000,Olhando Para As Estrelas,Alexandre Peralta,Documentário,A. I. Peralta Produções Cinematográficas,,Elo Company,SP,,15,594,8672.0,SP,1.0,0,2010,0,20,0,1,estreante,media,0.0,0.0,0.0,0.0,sem fomento,1.4339081587350282,12434.851552550164,207660929.0,160,0,2686.0,0
2017,B1600480300000,Olhar Instigado,Chico Gomes/Felipe Lion,Documentário,Biondani Produções,,O2 Play,SP,,8,709,5850.5,SP,1.0,0,2010,0,7,0,1,estreante,pequena,0.0,0.0,0.0,0.0,sem fomento,1.4339081587350282,8389.079682679283,207660929.0,160,0,2686.0,0
2017,B1700455300000,On Yoga - Arquitetura Da Paz,Heitor Dhalia,Documentário,Paranoid Filmes/Urso Filmes,,Bretz Filmes,SP/PE,,20,13385,234474.82,SP,2.0,0,2010,4,0,0,0,estabelecida,nova,0.0,0.0,0.0,0.0,sem fomento,1.4339081587350282,336215.35741592717,207660929.0,160,1,2686.0,1
2017,B1700503500000,Os Parças,Halder Gomes,Ficção,Formata Produções E Conteúdo,Telecine,Downtown/Paris,SP,RJ,392,1585341,21546621.37,SP,1.0,1,2010,2,58,0,0,iniciante,media,1.0,1.0,1.0,1.0,FSA e incentivo,1.4339081587350282,30895876.175617512,207660929.0,160,1,2686.0,1
2017,B1600784700000,Os Penetras 2 - Quem Dá Mais?,Andrucha Waddington,Ficção,Conspiração Filmes,Globo Filmes/Maiomidia Comunicação,H2O Films/Universal,RJ,RJ/RJ,447,401960,5594424.97,RJ,1.0,1,2010,8,0,21,0,veterana,nova,0.0,2.0,0.0,1.0,só incentivo,1.4339081587350282,8021891.607913965,207660929.0,160,1,2686.0,1
2017,B1302033700000,Os Pobres Diabos,Rosemberg Cariry,Ficção,Cariri Filmes,,Lume Produções Cinematográficas,CE,,27,4693,53406.35,CE,1.0,0,2010,2,9,2,0,iniciante,pequena,0.0,1.0,0.0,1.0,só incentivo,1.4339081587350282,76579.80099325847,207660929.0,160,1,2686.0,1
2017,B1600738500000,Os Saltimbancos Trapalhões - Rumo A Hollywood,João Daniel Tikhomiroff,Ficção,Mixer Films,Globo Filmes/Maiomidia Comunicação,Downtown/Paris,SP,RJ/RJ,176,95129,1152692.37,SP,1.0,1,2010,1,58,1,0,iniciante,media,1.0,1.0,1.0,1.0,FSA e incentivo,1.4339081587350282,1652854.993854616,207660929.0,160,1,2686.0,1
2017,B1600785500000,Os Transgressores,Luis Erlanger,Documentário,Cinética Filmes,Globo Filmes,Film Connection,RJ,RJ,2,161,2711.54,RJ,1.0,1,2010,0,2,1,1,estreante,nova,0.0,1.0,0.0,1.0,só incentivo,1.4339081587350282,3888.099328736378,207660929.0,160,0,2686.0,0
2017,B1700533700000,Para Além Da Curva Da Estrada,Guilherme Azevedo,Documentário,Avexi Filmes,Globo Filmes,O2 Play,RJ,RJ,1,17,240.0,RJ,1.0,1,2010,1,7,0,0,iniciante,pequena,0.0,1.0,0.0,1.0,só incentivo,1.4339081587350282,344.13795809640675,207660929.0,160,0,2686.0,0
2017,B1600466500000,"Pedro Osmar, Prá Liberdade Que Se Conquista",Eduardo Consonni/Rodrigo T. Marques,Documentário,Complô,,Complô,SP,,8,185,1810.29,SP,1.0,0,2010,0,0,0,1,estreante,nova,0.0,0.0,0.0,0.0,sem fomento,1.4339081587350282,2595.789600676434,207660929.0,160,0,2686.0,0
2017,B1700104200000,Pendular,Julia Murat,Ficção,Esquina Filmes,Syndrome Films/Telecine/Canal Brasil,Vitrine Filmes,RJ,RJ/RJ/RJ,27,7929,94286.56,RJ,1.0,1,2010,1,64,0,0,iniciante,grande,1.0,1.0,1.0,1.0,FSA e incentivo,1.4339081587350282,135198.26764305975,207660929.0,160,1,2686.0,1
2017,B1700107400000,Pitanga,Beto Brant/Camila Pitanga,Documentário,Drama Filmes,Globo Filmes/Gangazumba Produções/Paraguassu Produções E Serviços Artísticos/Dot,Elo Company,SP,RJ/RJ/RJ/SP,18,4603,70725.28,SP,1.0,1,2010,0,20,6,1,estreante,media,0.0,1.0,0.0,1.0,só incentivo,1.4339081587350282,101413.55602081932,207660929.0,160,1,2686.0,1
2017,B1700338000000,Polícia Federal - A Lei É Para Todos,Marcelo Antunez,Ficção,New Group Cine & Tv/Raconto Filmes,,Downtown/Paris,RJ/RJ,,661,1360480,21553004.35,RJ,1.0,0,2010,0,58,0,1,estreante,media,0.0,0.0,0.0,0.0,sem fomento,1.4339081587350282,30905028.782716554,207660929.0,160,1,2686.0,1
2017,B1600730100000,Por Trás Do Céu,Caio Soh,Ficção,Caio Soh/Elixir Entretenimento,Bossapro/Canal Brasil/Telecine,Pandora Filmes,RJ/SP,RJ/RJ/RJ,19,1471,18569.03,RJ,2.0,1,2010,1,30,0,0,iniciante,media,0.0,1.0,0.0,1.0,só incentivo,1.4339081587350282,26626.2836167955,207660929.0,160,0,2686.0,0
2017,B1402301300000,Por Um Punhado De Dólares - Os Novos Emigrados,Leonardo Dourado,Documentário,Telenews,,Elo Company,RJ,,3,306,3458.0,RJ,1.0,0,2010,0,20,0,1,estreante,media,0.0,1.0,0.0,1.0,só incentivo,1.4339081587350282,4958.454412905728,207660929.0,160,0,2686.0,0
2017,B1700422800000,Quando O Galo Cantar Pela Terceira Vez Renegarás Tua Mãe,Aaron Salles Torres,Ficção,Georgois Filmes,,Elo Company,MS,,5,139,1865.0,MS,1.0,0,2010,0,20,0,1,estreante,media,0.0,0.0,0.0,0.0,sem fomento,1.4339081587350282,2674.2387160408275,207660929.0,160,0,2686.0,0
2017,B1700178100000,Quem É Primavera Das Neves,Ana Luiza Azevedo/Jorge Furtado,Documentário,Casa De Cinema De Porto Alegre,Globo Filmes,Casa De Cinema De Porto Alegre,RS,RJ,5,959,11635.26,RS,1.0,1,2010,0,1,10,1,estreante,nova,0.0,1.0,0.0,1.0,só incentivo,1.4339081587350282,16683.894243003324,207660929.0,160,0,2686.0,0
2017,B1700194400000,Real - O Plano Por Trás Da História,Rodrigo Bittencourt,Ficção,Lighthouse São Paulo,Globo Filmes/Maristela Filmes/Maiomidia Comunicação,Downtown/Paris,SP,RJ/SP/RJ,202,46968,792144.36,SP,1.0,1,2010,1,58,0,0,iniciante,media,0.0,1.0,0.0,1.0,só incentivo,1.4339081587350282,1135862.2606999374,207660929.0,160,1,2686.0,1
2017,B1600243000000,Redemoinho,José Luiz Villamarim,Ficção,Bananeira Filmes/José Luiz Villamarim,Globo Filmes/Telecine/Canastra Produções Audiovisuais E Culturais/Maiomidia Comunicação/Luiz Fernando Rufato De Souza,Vitrine Filmes,RJ/-,RJ/RJ/MG/RJ/-,30,12130,143451.2,RJ,1.0,1,2010,0,64,0,1,estreante,grande,2.0,1.0,1.0,1.0,FSA e incentivo,1.4339081587350282,205695.84606033028,207660929.0,160,1,2686.0,1
2017,B1600547800000,Rifle,Davi Pretto,Ficção,Tokyo Filmes,Gogó/Casa De Cinema De Porto Alegre,Vitrine Filmes,RS,RS/RS,25,2034,14614.37,RS,1.0,1,2010,1,64,1,0,iniciante,grande,1.0,0.0,1.0,0.0,só FSA,1.4339081587350282,20955.664377772435,207660929.0,160,0,2686.0,0
2017,B1600715000000,"Rosemberg - Cinema, Colagem E Afetos",Cavi Borges/Christian Caselli,Documentário,Cavideo Produções,Canal Brasil,Cavideo Produções,RJ,RJ,1,160,2386.06,RJ,1.0,1,2010,0,1,5,1,estreante,nova,0.0,0.0,0.0,0.0,sem fomento,1.4339081587350282,3421.390901231301,207660929.0,160,0,2686.0,0
2017,B1700062100000,Rúcula Com Tomate Seco,Arthur Vinciprova,Ficção,Maiss Entretenimento/Venkon Produções,,Downtown/Paris,RJ/RJ,,5,401,3680.01,RJ,1.0,0,2010,0,58,0,1,estreante,media,0.0,0.0,0.0,0.0,sem fomento,1.4339081587350282,5276.796363226492,207660929.0,160,0,2686.0,0
2017,B1700499500000,Santo Amaro Era Skatista,Felipe Martins,Documentário,Documenta Filmes,Globo Filmes,Documenta Produções,RJ,RJ,1,33,132.0,RJ,1.0,1,2010,0,1,2,1,estreante,nova,0.0,1.0,0.0,1.0,só incentivo,1.4339081587350282,189.27587695302373,207660929.0,160,0,2686.0,0
2017,B1600757800000,Sepultura Endurance,Otavio Juliano,Documentário,Interface Filmes,,O2 Play,SP,,71,2511,38988.82,SP,1.0,0,2010,0,7,0,1,estreante,pequena,0.0,0.0,0.0,0.0,sem fomento,1.4339081587350282,55906.38709745144,207660929.0,160,0,2686.0,0
2017,B1700602500000,Silêncio No Estúdio,Emilia Silveira,Documentário,Modo Operante Produções,Globo Filmes/Canal Brasil,Modo Operante Produções,RJ,RJ/RJ,2,286,3240.86,RJ,1.0,1,2010,1,0,1,0,iniciante,nova,0.0,1.0,0.0,1.0,só incentivo,1.4339081587350282,4647.095595318004,207660929.0,160,0,2686.0,0
2017,B1402740400000,"Sinais De Cinza, A Peleja De Olney Contra O Dragão Da Maldade",Henrique Dantas,Documentário,Hamaca Filmes/Henrique Dantas,Ebc Tv Brasil,Livres Filmes,BA/-,DF,2,178,1486.0,BA,1.0,1,2010,1,8,0,0,iniciante,pequena,0.0,0.0,0.0,0.0,sem fomento,1.4339081587350282,2130.7875238802517,207660929.0,160,0,2686.0,0
2017,B1700275000000,Soundtrack,Bernardo Dutra/Manitou Felipe,Ficção,Ananã,Zohar Cinema/Globo Filmes/Bernardo Dutra/Manitou Felipe/Xanadu/Fm Produções,Imagem,RJ,RJ/RJ/-/-/RJ/RJ,62,13142,225513.5,RJ,1.0,1,2010,0,45,0,1,estreante,media,0.0,1.0,0.0,1.0,só incentivo,1.4339081587350282,323365.64755489177,207660929.0,160,1,2686.0,1
2017,B1600534900000,Taego Ãwa,Henrique Borela/Marcela Borela,Documentário,F64 Filmes,,Vitrine Filmes,GO,,28,1662,9790.58,GO,1.0,0,2010,0,64,0,1,estreante,grande,0.0,0.0,0.0,0.0,sem fomento,1.4339081587350282,14038.792540747992,207660929.0,160,0,2686.0,0
2017,B1600604900000,"Toc - Transtornada, Obsessiva, Compulsiva",Paulinho Caruso/Teodoro Poppovic,Ficção,Biônica Filmes,Telecine,Downtown/Paris,SP,RJ,257,241184,3347154.19,SP,1.0,1,2010,0,58,1,1,estreante,media,1.0,1.0,1.0,1.0,FSA e incentivo,1.4339081587350282,4799511.7015851345,207660929.0,160,1,2686.0,1
2017,B1600403600000,Todas As Cores Da Noite,Pedro Severien,Ficção,Orquestra Cinema Estúdios,Luiz Otávio Pereira/Tomaz Alves Souza,Inquieta Cinema Cultura E Comunicação,PE,PE/-,6,706,6439.0,PE,1.0,1,2010,0,2,1,1,estreante,nova,0.0,0.0,0.0,0.0,sem fomento,1.4339081587350282,9232.934634094847,207660929.0,160,0,2686.0,0
2017,B1600625200000,Todas As Manhãs Do Mundo,Lawrence Wahba/Tatiana Lohmann,Documentário,Canal Azul,,Fox,SP,,5,10754,103195.0,SP,1.0,0,2010,0,39,7,1,estreante,media,0.0,1.0,0.0,1.0,só incentivo,1.4339081587350282,147972.15244066124,207660929.0,160,1,2686.0,1
2017,B1700581500000,Todas As Meninas Reunidas Vamos Lá,Carol Fernandes,Documentário,Paris Entretenimento,Amora Digital,Downtown/Paris,SP,MG,3,328,4707.48,SP,1.0,1,2010,0,58,3,1,estreante,media,0.0,0.0,0.0,0.0,sem fomento,1.4339081587350282,6750.09397908197,207660929.0,160,0,2686.0,0
2017,B1700498000000,Todos,Luiz Alberto Cassol/Marilaine Castro Da Costa,Documentário,Accorde Filmes,,Accorde Audiovisuais,RS,,1,93,665.0,RS,1.0,0,2010,0,3,5,1,estreante,nova,0.0,1.0,0.0,1.0,só incentivo,1.4339081587350282,953.5489255587937,207660929.0,160,0,2686.0,0
2017,B1600068000000,Travessia,João Gabriel,Ficção,Zona De Produção,,O2 Play,BA,,32,4590,60574.27,BA,1.0,0,2010,0,7,0,1,estreante,pequena,0.0,1.0,0.0,1.0,só incentivo,1.4339081587350282,86857.93996241846,207660929.0,160,1,2686.0,1
2017,B1700477000000,Tudo É Projeto,Joana Mendes Da Rocha/Patricia Rubano,Documentário,Olé Produções,,Olé Produções,SP,,3,588,9435.1,SP,1.0,0,2010,0,1,1,1,estreante,nova,1.0,1.0,1.0,1.0,FSA e incentivo,1.4339081587350282,13529.066868480864,207660929.0,160,0,2686.0,0
2017,B1600639200000,Um Casamento,Mônica Simões,Documentário,Klaxon Cultura Audiovisual,Mônica Simões,Pandora Filmes,SP,SP,7,440,4464.09,SP,1.0,1,2010,0,30,0,1,estreante,media,0.0,0.0,0.0,0.0,sem fomento,1.4339081587350282,6401.095072327452,207660929.0,160,0,2686.0,0
2017,B1500408100000,Um Filme De Cinema,Walter Carvalho,Documentário,República Pureza Filmes,,Arthouse,RJ,,23,4234,42722.63,RJ,1.0,0,2010,3,9,3,0,estabelecida,pequena,1.0,1.0,1.0,1.0,FSA e incentivo,1.4339081587350282,61260.327719617875,207660929.0,160,1,2686.0,1
2017,B1700177700000,Um Tio Quase Perfeito,Pedro Antônio,Ficção,Morena Filmes,,H2O Films,RJ,,331,560127,7734725.39,RJ,1.0,0,2010,1,12,8,0,iniciante,pequena,1.0,1.0,1.0,1.0,FSA e incentivo,1.4339081587350282,11090885.842295973,207660929.0,160,1,2686.0,1
2017,B1700051600000,Vazante,Daniela Thomas,Ficção,Cisma Produções/Dezenove Som E Imagens,Globo Filmes/O2 Filmes,Europa,SP/SP,RJ/SP,30,10178,148149.67,SP,1.0,1,2010,0,28,0,1,estreante,media,1.0,1.0,1.0,1.0,FSA e incentivo,1.4339081587350282,212433.02052690205,207660929.0,160,1,2686.0,1
2017,B1600564100000,Vermelho Russo,Charly Braun,Ficção,Guinle Produções,Muiraquitã Filmes,Vitrine Filmes,SP,SP,22,7992,122476.29,SP,1.0,1,2010,1,64,0,0,iniciante,grande,1.0,1.0,1.0,1.0,FSA e incentivo,1.4339081587350282,175619.75148259735,207660929.0,160,1,2686.0,1
2017,B1700263500000,Viva O Cinema!,Paulo Pastorelo,Documentário,Ebisu Filmes,Escola Carlitos,Ebisu Filmes,SP,SP,1,83,912.96,SP,1.0,1,2010,1,0,0,0,iniciante,nova,0.0,0.0,0.0,0.0,sem fomento,1.4339081587350282,1309.1007925987315,207660929.0,160,0,2686.0,0
2017,B1500916900000,Waiting For B.,Abigail Spindel/Paulo Cesar Toledo,Documentário,Popcon/Videosfera,,Vitrine Filmes,SP/SP,,28,1774,11383.44,SP,1.0,0,2010,0,64,0,1,estreante,grande,0.0,0.0,0.0,0.0,sem fomento,1.4339081587350282,16322.80749047067,207660929.0,160,0,2686.0,0
2017,B1402296700000,Yvone Kane,Margarida Cardoso,Ficção,Mpc Filmes,,Bretz Filmes,RJ,,3,162,2424.19,RJ,1.0,0,2010,0,0,2,1,estreante,nova,0.0,1.0,0.0,1.0,só incentivo,1.4339081587350282,3476.0658193238683,207660929.0,160,0,2686.0,0
2017,B1301945900000,Éden,Bruno Safadi,Ficção,Tb Produções,Greengo Films,Livres Filmes,RJ,RJ,3,571,8055.72,RJ,1.0,1,2010,2,8,5,0,iniciante,pequena,1.0,1.0,1.0,1.0,FSA e incentivo,1.4339081587350282,11551.162632484942,207660929.0,160,0,2686.0,0
2018,B1800380700000,10 Segundos Para Vencer,José Alvarenga Jr.,Ficção,Tambellini Filmes,Globo Filmes/Canal Brasil/Xanadu,Imagem,RJ,RJ/RJ/RJ,301,49147,801026.0,RJ,1.0,1,2010,5,53,12,0,estabelecida,media,1.0,1.0,1.0,1.0,FSA e incentivo,1.3832177047088203,1107993.3451320876,208494900.0,182,1,2500.5,1
2018,B1800469700000,A Cabeça De Gumercindo Saraiva,Tabajara Ruas,Ficção,Walper Ruas Produções,,Elo Company,RS,,27,5156,55559.0,RS,1.0,0,2010,2,26,2,0,iniciante,media,2.0,1.0,1.0,1.0,FSA e incentivo,1.3832177047088203,76850.19245591735,208494900.0,182,1,2500.5,1
2018,B1600756100000,A Cidade Do Futuro,Cláudio Marques/Marilia Hughes Guerreiro,Ficção,Coisa De Cinema,,Vitrine Filmes/Espaço Filmes,BA,,22,11786,153437.0,BA,1.0,0,2010,1,0,1,0,iniciante,nova,1.0,0.0,1.0,0.0,só FSA,1.3832177047088203,212236.77495740727,208494900.0,182,1,2500.5,1
2018,B1600680500000,A Destruição De Bernardet,Claudia Priscilla/Pedro Marques,Documentário,Paleo Tv,Válvula Produções/Canal Brasil,Paleotv,SP,SP/RJ,12,1355,10352.0,SP,1.0,1,2010,0,2,2,1,estreante,nova,0.0,1.0,0.0,1.0,só incentivo,1.3832177047088203,14319.069679145709,208494900.0,182,0,2500.5,0
2018,B1800033200000,A Imagem Da Tolerância,Joana Mariani/Paula Trabulsi,Documentário,Maya Filmes/Planetário Filmes,Globo Filmes,Espaço Filmes,SP/RJ,RJ,8,671,10006.0,SP,2.0,1,2010,0,47,0,1,estreante,media,0.0,1.0,0.0,1.0,só incentivo,1.3832177047088203,13840.476353316457,208494900.0,182,0,2500.5,0
2018,B1600441200000,A Luta Do Século,Sérgio Machado,Documentário,Lata Filmes/Mar Grande Produções/Muiraquitã Filmes/Ondina Filmes/Planetario Filmes,,Vitrine Filmes,RJ/SP/SP/BA/RJ,,24,2710,31807.75,RJ,3.0,0,2010,4,90,0,0,estabelecida,grande,0.0,0.0,0.0,0.0,sem fomento,1.3832177047088203,43997.04294695198,208494900.0,182,0,2500.5,1
2018,B1500169900000,A Misteriosa Morte De Pérola,Guto Parente,Ficção,Tardo Filmes,Marrevolto Produções Ltda,Embaúba Filmes,CE,CE,4,157,1156.0,CE,1.0,1,2010,0,0,0,1,estreante,nova,0.0,0.0,0.0,0.0,sem fomento,1.3832177047088203,1598.9996666433963,208494900.0,182,0,2500.5,0
2018,B1700605000000,A Moça Do Calendário,Helena Ignez,Ficção,Mercúrio Produções,,Pandora Filmes,SP,,15,2716,24712.0,SP,1.0,0,2010,1,35,4,0,iniciante,media,1.0,0.0,1.0,0.0,só FSA,1.3832177047088203,34182.07591876437,208494900.0,182,0,2500.5,1
2018,B1600543700000,A Repartição Do Tempo,Santiago Dellape,Ficção,400 Filmes,Santiago Dellape/Davi Mattos,O2 Play,DF,,35,2521,34949.5,DF,1.0,1,2010,0,12,0,1,estreante,pequena,0.0,1.0,0.0,1.0,só incentivo,1.3832177047088203,48342.767170720916,208494900.0,182,0,2500.5,1
2018,B1700248900000,A Superfície Da Sombra,Paulo Nascimento,Ficção,Accorde Filmes,,Panda Filmes,RS,,15,1178,17097.0,RS,1.0,0,2010,5,14,6,0,estabelecida,pequena,1.0,1.0,1.0,1.0,FSA e incentivo,1.3832177047088203,23648.8730974067,208494900.0,182,0,2500.5,0
2018,B1800131200000,A Tropa De Trapo - Na Selva Do Arco-Íris,Alex Colls,Animação,Raiz Produções,Mono Entretenimento Ltda,Raiz Distribuidora,SP,SP,1,108,520.0,SP,1.0,1,2010,0,15,8,1,estreante,pequena,1.0,1.0,1.0,1.0,FSA e incentivo,1.3832177047088203,719.2732064485866,208494900.0,182,0,2500.5,0
2018,B1800115300000,A Vida Extra-Ordinária De Tarso De Castro,Leo Garcia/Zeca Brito,Documentário,Anti Filmes/Boulevard Filmes/Coelho Voador/Epifania Filmes,Canal Brasil,Boulevard Filmes,RS/SP/RS/RS,RJ,11,1413,13578.0,RS,2.0,1,2010,0,6,0,1,estreante,pequena,1.0,0.0,1.0,0.0,só FSA,1.3832177047088203,18781.32999453636,208494900.0,182,0,2500.5,0
2018,B1800262800000,A Voz Do Silêncio,André Ristum,Ficção,Sombumbo Filmes,Tc Filmes,Imovision,SP,SP,19,3195,43698.0,SP,1.0,1,2010,2,54,0,0,iniciante,media,1.0,1.0,1.0,1.0,FSA e incentivo,1.3832177047088203,60443.847260366034,208494900.0,182,1,2500.5,1
2018,B1800473500000,A Última Abolição,Alice De Andrade Gomes,Documentário,Gávea Filmes,Globo Filmes,Pipoca & Filmes,RJ,RJ,12,3791,49484.0,RJ,1.0,1,2010,0,0,0,1,estreante,nova,1.0,1.0,1.0,1.0,FSA e incentivo,1.3832177047088203,68447.14489981126,208494900.0,182,1,2500.5,1
2018,B1700329300000,A Última Chance,Paulo Thiago,Ficção,Melodrama Produções,Canal Brasil,Europa,RJ,RJ,2,96,1066.0,RJ,1.0,1,2010,6,30,2,0,veterana,media,2.0,0.0,1.0,0.0,só FSA,1.3832177047088203,1474.5100732196024,208494900.0,182,0,2500.5,0
2018,B1700362500000,Abrindo O Armário,Dario Menezes/Luis Abramo,Documentário,Luba Filmes,Globo Filmes/Canal Brasil,Elo Company,RJ,RJ/RJ,21,1641,14791.0,RJ,1.0,1,2010,0,26,0,1,estreante,media,0.0,1.0,0.0,1.0,só incentivo,1.3832177047088203,20459.173070348163,208494900.0,182,0,2500.5,0
2018,B1700548300000,Alguma Coisa Assim,Esmir Filho/Mariana Bastos,Ficção,Saliva Shots,Canal Brasil/Claraluz Filmes,Vitrine Filmes,SP,RJ/SP,26,5852,74640.42,SP,1.0,1,2010,0,90,1,1,estreante,grande,0.0,1.0,0.0,1.0,só incentivo,1.3832177047088203,103243.95043090232,208494900.0,182,1,2500.5,1
2018,B1800130000000,Alguém Como Eu,Leonel Vieira,Ficção,Gullane,Paris Entretenimento/Stopline Films Brasil/Telecine,Downtown/Paris,SP,SP/SP/RJ,134,28530,402739.0,SP,1.0,1,2010,0,77,18,1,estreante,grande,1.0,1.0,1.0,1.0,FSA e incentivo,1.3832177047088203,557075.7151767256,208494900.0,182,1,2500.5,1
2018,B1800166700000,Além Do Homem,Willians Biondani,Ficção,Bossa Nova Films,Telecine,Imagem,SP,RJ,28,2841,47539.0,SP,1.0,1,2010,0,53,6,1,estreante,media,3.0,1.0,1.0,1.0,FSA e incentivo,1.3832177047088203,65756.78646415261,208494900.0,182,1,2500.5,1
2018,B1800470600000,Amanhã Chegou,Renata Caldas Simões,Documentário,Atômica,Canal Azul/Tocha Produções,Elo Company,SP,SP/SP,21,709,6339.0,SP,1.0,1,2010,0,26,0,1,estreante,media,0.0,1.0,0.0,1.0,só incentivo,1.3832177047088203,8768.217030149211,208494900.0,182,0,2500.5,0
2018,B1800089800000,Amores De Chumbo,Tuca Siqueira,Ficção,Plano 9 Produções,Garimpo Produção Ilimitada/Tuca Siqueira,Elo Company,PE,PE/-,21,2572,22444.0,PE,1.0,1,2010,0,26,0,1,estreante,media,2.0,0.0,1.0,0.0,só FSA,1.3832177047088203,31044.938164484764,208494900.0,182,0,2500.5,1
2018,B1800330200000,Ana E Vitória,Matheus Souza,Ficção,Felipe Simas,,Vitrine Filmes,SP,,193,72919,992171.0,SP,1.0,0,2010,3,90,0,0,estabelecida,grande,0.0,0.0,0.0,0.0,sem fomento,1.3832177047088203,1372388.493298655,208494900.0,182,1,2500.5,1
2018,B1700331900000,Antes Do Fim,Cristiano Burlan,Ficção,Bela Filmes,Canal Brasil,Bela Filmes,SP,RJ,3,1251,11961.0,SP,1.0,1,2010,4,3,4,0,estabelecida,nova,0.0,0.0,0.0,0.0,sem fomento,1.3832177047088203,16544.6669660222,208494900.0,182,0,2500.5,0
2018,B1700306100000,Antes Que Eu Me Esqueça,Tiago Arakilian Affonso,Ficção,Titânio Produções,Globo Filmes/Fraiha Produções/Xanadu,Imagem,MG,RJ/RJ/RJ,66,16232,281853.0,MG,1.0,1,2010,0,53,1,1,estreante,media,1.0,1.0,1.0,1.0,FSA e incentivo,1.3832177047088203,389864.0597252951,208494900.0,182,1,2500.5,1
2018,B1700416900000,Aos Teus Olhos,Carolina Jabor,Ficção,Conspiração Filmes,Globo Filmes/Guel Produtora,Pagu Pictures,RJ,RJ/RJ,54,27870,463560.0,RJ,1.0,1,2010,1,0,24,0,iniciante,nova,0.0,1.0,0.0,1.0,só incentivo,1.3832177047088203,641204.3991948208,208494900.0,182,1,2500.5,1
2018,B1402180000000,Aprender A Ler Pra Ensinar Meus Camaradas,João Guerra,Documentário,Griot Filmes,,Griot Produções,BA,,1,37,545.0,BA,1.0,0,2010,0,0,0,1,estreante,nova,0.0,0.0,0.0,0.0,sem fomento,1.3832177047088203,753.8536490663071,208494900.0,182,0,2500.5,0
2018,B1700085300000,Arábia,Affonso Uchôa/João Dumans,Ficção,Affonso Uchôa/Katásia Filmes,,Embaúba Filmes/Pique-Bandeira Filmes,MG/MG,,28,11780,158233.0,MG,1.0,0,2010,0,0,0,1,estreante,nova,0.0,1.0,0.0,1.0,só incentivo,1.3832177047088203,218870.68706919075,208494900.0,182,1,2500.5,1
2018,B1700450500000,As Boas Maneiras,Juliana Rojas/Marco Dutra,Ficção,Dezenove Som E Imagens,Globo Filmes/Xanadu,Imovision,SP,RJ/RJ,28,11426,172804.0,SP,1.0,1,2010,1,54,11,0,iniciante,media,2.0,1.0,1.0,1.0,FSA e incentivo,1.3832177047088203,239025.552244503,208494900.0,182,1,2500.5,1
2018,B1800293900000,As Herdeiras,Marcelo Martinessi,Ficção,Esquina Filmes,,Imovision,RJ,,29,22643,359948.17,RJ,1.0,0,2010,0,54,1,1,estreante,media,1.0,0.0,1.0,0.0,só FSA,1.3832177047088203,497886.6815215402,208494900.0,182,1,2500.5,1
2018,B1800228200000,Auto De Resistência,Lula Carvalho/Natasha Neri,Documentário,Kinofilme,,Arthouse,RJ,,13,2940,39835.0,RJ,1.0,0,2010,0,13,0,1,estreante,pequena,2.0,0.0,1.0,0.0,só FSA,1.3832177047088203,55100.47726707586,208494900.0,182,1,2500.5,1
2018,B1700278300000,Baronesa,Juliana Antunes,Documentário,Ventura Filmes,Filmes De Plástico,Vitrine Filmes,RJ,MG,28,6496,49245.0,RJ,1.0,1,2010,0,90,0,1,estreante,grande,0.0,0.0,0.0,0.0,sem fomento,1.3832177047088203,68116.55586838585,208494900.0,182,1,2500.5,1
2018,B1800106900000,Benzinho,Gustavo Pizzi,Ficção,Bubbles Project,Tv Zero Cinema/Baleia Filmes/Telecine/Canal Brasil,Vitrine Filmes,RJ,RJ/RJ/RJ/RJ,43,39639,599494.0,RJ,1.0,1,2010,2,90,0,0,iniciante,grande,1.0,2.0,1.0,1.0,FSA e incentivo,1.3832177047088203,829230.7146667095,208494900.0,182,1,2500.5,1
2018,B1700353800000,Berenice Procura,Allan Fiterman,Ficção,Eh! Filmes,Canal Brasil/Bebinho Salgado 45/Naymar/Afinal Filmes,H2O Films,RJ,RJ/PE/RJ/RJ,25,6138,92563.0,RJ,1.0,1,2010,1,15,2,0,iniciante,pequena,2.0,2.0,1.0,1.0,FSA e incentivo,1.3832177047088203,128034.78040096254,208494900.0,182,1,2500.5,1
2018,B1700402100000,Blitz,Rene Tada Brasil,Ficção,Kinoosfera Filmes,,Pandora Filmes,SP,,1,264,2502.0,SP,1.0,0,2010,0,35,1,1,estreante,media,1.0,1.0,1.0,1.0,FSA e incentivo,1.3832177047088203,3460.8106971814686,208494900.0,182,0,2500.5,0
2018,B1800077400000,"Bonifácio, O Fundador Do Brasil",Mauro Ventura,Documentário,Ivin Films,,Ivin Films,RJ,,11,3749,86109.0,RJ,1.0,0,2010,0,0,0,1,estreante,nova,0.0,0.0,0.0,0.0,sem fomento,1.3832177047088203,119107.4933347718,208494900.0,182,1,2500.5,1
2018,B1800218400000,Bravas Donnas - Memória Italiana,Adriana Silva,Documentário,Filmland Internacional,,Latinamerica Entretenimento Internacional,SP,,1,103,2680.0,SP,1.0,0,2010,0,0,2,1,estreante,nova,0.0,0.0,0.0,0.0,sem fomento,1.3832177047088203,3707.0234486196387,208494900.0,182,0,2500.5,0
2018,B1700013000000,Café Com Canela,Ary Rosa Duarte/Glenda Nicacio,Ficção,Rosza Filmes Produções,,Arco Audiovisual,BA,,18,10553,121125.16,BA,1.0,0,2010,0,0,0,1,estreante,nova,1.0,0.0,1.0,0.0,só FSA,1.3832177047088203,167542.4657976886,208494900.0,182,1,2500.5,1
2018,B1700349900000,Caminho Do Mar,Paulo Roberto Abrantes,Documentário,Bang Filmes,,Bang Filmes,RJ,,2,1037,7242.0,RJ,1.0,0,2010,0,1,2,1,estreante,nova,0.0,1.0,0.0,1.0,só incentivo,1.3832177047088203,10017.262617501277,208494900.0,182,0,2500.5,0
2018,B1700606900000,Camocim,Fellipe Fernandes/Quentin Delaroche,Documentário,Ponte Produtoras,,Vitrine Filmes,PE,,30,1627,10975.0,PE,1.0,0,2010,0,90,0,1,estreante,grande,0.0,0.0,0.0,0.0,sem fomento,1.3832177047088203,15180.814309179303,208494900.0,182,0,2500.5,0
2018,B1800073300000,Canastra Suja,Caio Soh,Ficção,Cinema Bruto,Ricardo Augusto Simões/Bianca Bin/Canal Brasil/Marco Ricca/Mbrichta Produções Artísticas/Mistika/Taregue Produções Artísticas,Arthouse,RJ,-/SP/RJ/-/RJ/SP/RJ,23,2071,27185.0,RJ,1.0,1,2010,2,13,0,0,iniciante,pequena,0.0,1.0,0.0,1.0,só incentivo,1.3832177047088203,37602.77330250928,208494900.0,182,0,2500.5,0
2018,B1700560500000,Cartas Para Um Ladrão De Livros,Caio Cavechini/Carlos Juliano Barros,Documentário,Boutique Filmes,Globo Filmes,Boutique Filmes,SP,RJ,4,359,5592.0,SP,1.0,1,2010,0,0,0,1,estreante,nova,0.0,1.0,0.0,1.0,só incentivo,1.3832177047088203,7734.953404731723,208494900.0,182,0,2500.5,0
2018,B1800264200000,Carvana,Lulu Corrêa,Documentário,Mac Comunicacão,,Mac Comunicação,RJ,,6,711,7590.0,RJ,1.0,0,2010,0,0,5,1,estreante,nova,1.0,0.0,1.0,0.0,só FSA,1.3832177047088203,10498.622378739947,208494900.0,182,0,2500.5,0
2018,B1800482700000,"Chacrinha, O Velho Guerreiro",Andrucha Waddington,Ficção,Globo Filmes/Media Bridge,Conspiração Filmes/José Bonifácio De Oliveira Sobrinho,Paris,RJ/RJ,RJ/-,270,36195,529851.0,RJ,1.0,1,2010,9,10,0,0,veterana,pequena,1.0,1.0,1.0,1.0,FSA e incentivo,1.3832177047088203,732899.2840576732,208494900.0,182,1,2500.5,1
2018,B1800184900000,Chega De Fiu Fiu,Amanda K. Lemos/Fernanda Alves Frazao,Documentário,Brodagem Filmes,,Taturana,SP,,4,1048,13860.0,SP,1.0,0,2010,0,0,0,1,estreante,nova,0.0,0.0,0.0,0.0,sem fomento,1.3832177047088203,19171.39738726425,208494900.0,182,0,2500.5,0
2018,B1700249500000,Comboio De Sal E Açúcar,Licinio Azevedo,Ficção,Panda Filmes,,Livres Filmes,RS,,19,3130,40467.0,RS,1.0,0,2010,0,14,5,1,estreante,pequena,1.0,0.0,1.0,0.0,só FSA,1.3832177047088203,55974.670856451834,208494900.0,182,1,2500.5,1
2018,B1800311900000,Como Fotografei Os Yanomami,Otavio Cury,Documentário,Outros Filmes,Studio Riff,Descoloniza Filmes,SP,SP,3,412,3846.0,SP,1.0,1,2010,2,0,0,0,iniciante,nova,0.0,0.0,0.0,0.0,sem fomento,1.3832177047088203,5319.855292310123,208494900.0,182,0,2500.5,0
2018,B1700416600000,Como Você Me Vê?,Felipe Bond,Documentário,Bond'S Produções,Canal Brasil,Bond'S Filmes,RJ,RJ,2,167,2305.0,RJ,1.0,1,2010,0,0,0,1,estreante,nova,0.0,0.0,0.0,0.0,sem fomento,1.3832177047088203,3188.3168093538306,208494900.0,182,0,2500.5,0
2018,B1700468400000,Como É Cruel Viver Assim,Júlia Rezende,Ficção,Morena Filmes,,H2O Films,RJ,,38,5181,75055.0,RJ,1.0,0,2010,4,15,9,0,estabelecida,pequena,1.0,1.0,1.0,1.0,FSA e incentivo,1.3832177047088203,103817.40482692051,208494900.0,182,1,2500.5,1
2018,B1700449500000,Construindo Pontes,Heloisa Passos,Documentário,Máquina Filmes,,Máquina Filmes,PR,,10,2538,24710.0,PR,1.0,0,2010,0,0,0,1,estreante,nova,1.0,1.0,1.0,1.0,FSA e incentivo,1.3832177047088203,34179.30948335495,208494900.0,182,0,2500.5,1
2018,B1700529900000,Coração De Cowboy,Gui Pereira,Ficção,Dodo Filmes,,O2 Play,SP,,198,30688,414522.0,SP,1.0,0,2010,0,12,0,1,estreante,pequena,0.0,0.0,0.0,0.0,sem fomento,1.3832177047088203,573374.1693913096,208494900.0,182,1,2500.5,1
2018,B1600707400000,Corpo Em Terapia,Márcia Paveck,Documentário,Rb6,Araruna Filmes/Márcia Paveck,Rb6,SP,SP/-,2,607,8435.0,SP,1.0,1,2010,0,0,0,1,estreante,nova,0.0,0.0,0.0,0.0,sem fomento,1.3832177047088203,11667.4413392189,208494900.0,182,0,2500.5,0
2018,B1800340300000,Crô Em Familia,Cininha De Paula,Ficção,Total Entertainment,Globo Filmes/Xanadu,Imagem,RJ,RJ/RJ,613,478114,6822165.0,RJ,1.0,1,2010,1,53,14,0,iniciante,media,0.0,1.0,0.0,1.0,só incentivo,1.3832177047088203,9436539.412444849,208494900.0,182,1,2500.5,1
2018,B1700580400000,Dedo Na Ferida,Silvio Tendler,Documentário,Caliban Produções Cinematográficas,Fisenge/Senge Rj,Caliban,RJ,RJ/RJ,11,4720,65100.0,RJ,1.0,1,2010,4,4,3,0,estabelecida,nova,0.0,0.0,0.0,0.0,sem fomento,1.3832177047088203,90047.4725765442,208494900.0,182,1,2500.5,1
2018,B1800561400000,Detetives Do Prédio Azul 2 - O Mistério Italiano,Vivianne Jundi,Ficção,Paris Entretenimento,Globo Filmes/Globosat/Rsmts Empreendimentos E Participações,Paris,RJ,RJ/RJ/RJ,1046,1327627,18037996.8,RJ,1.0,1,2010,0,10,8,1,estreante,pequena,0.0,1.0,0.0,1.0,só incentivo,1.3832177047088203,24950476.531241048,208494900.0,182,1,2500.5,1
2018,B1800445100000,Diamantino,Gabriel Abrantes,Ficção,Syndrome Films,,Vitrine Filmes,RJ,,17,3830,53958.0,RJ,1.0,0,2010,0,90,1,1,estreante,grande,1.0,1.0,1.0,1.0,FSA e incentivo,1.3832177047088203,74635.66091067853,208494900.0,182,1,2500.5,1
2018,B1800530700000,Diário Da Greve,Guilherme Sarmiento,Ficção,Griot Filmes,,Griot Produções,BA,,1,8,95.0,BA,1.0,0,2010,0,0,0,1,estreante,nova,0.0,0.0,0.0,0.0,sem fomento,1.3832177047088203,131.40568194733794,208494900.0,182,0,2500.5,0
2018,B1800422100000,Djon África,Filipa Reis/João Miller Guerra,Ficção,Desvia,,Vitrine Filmes,PE,,36,3183,21115.0,PE,1.0,0,2010,0,90,3,1,estreante,grande,0.0,1.0,0.0,1.0,só incentivo,1.3832177047088203,29206.64183492674,208494900.0,182,1,2500.5,1
2018,B1700316900000,Em 97 Era Assim,Zeca Brito,Ficção,Panda Filmes,Coelho Voador/Anti Filmes,Bretz Filmes,RS,RS/RS,17,1238,14283.0,RS,1.0,1,2010,1,2,5,0,iniciante,nova,0.0,0.0,0.0,0.0,sem fomento,1.3832177047088203,19756.498476356082,208494900.0,182,0,2500.5,0
2018,B1700546500000,Em Nome Da América,Fernando Weller,Documentário,Jaragua Produções/Plano 9 Produções,Fernando Weller,Inquieta Cinema Cultura E Comunicação,PE/PE,,6,1188,10648.0,PE,1.0,1,2010,0,4,0,1,estreante,nova,0.0,0.0,0.0,0.0,sem fomento,1.3832177047088203,14728.502119739518,208494900.0,182,0,2500.5,0
2018,B1700189700000,Em Um Mundo Interior,Flavio Frederico/Mariana Pamplona,Documentário,Kinoscópio,Inacreditavel Comercio De Aparelhos Fotograficos E Servicos Ltda - Me,Elo Company,SP,SP,29,2364,23868.0,SP,1.0,1,2010,0,26,3,1,estreante,media,1.0,1.0,1.0,1.0,FSA e incentivo,1.3832177047088203,33014.64017599012,208494900.0,182,0,2500.5,0
2018,B1700402200000,Escolas Em Luta,Eduardo Consonni/Rodrigo T. Marques/Tiago Tambelli,Documentário,Lente Viva Filmes,Complô,Taturana,SP,SP,1,311,2245.0,SP,1.0,1,2010,0,0,0,1,estreante,nova,0.0,0.0,0.0,0.0,sem fomento,1.3832177047088203,3105.3237470713016,208494900.0,182,0,2500.5,0
2018,B1700544600000,Estrada De Sonhos,Pedro Von Krüger,Documentário,Com Domínio Filmes,,Com Domínio Filmes,RJ,,2,332,4991.0,RJ,1.0,0,2010,1,2,2,0,iniciante,nova,0.0,1.0,0.0,1.0,só incentivo,1.3832177047088203,6903.639564201722,208494900.0,182,0,2500.5,0
2018,B1101515900000,Estradeiros,Renata Pinheiro/Sérgio Oliveira,Documentário,Aroma Filmes/Sergio Oliveira,Ebc Tv Brasil,Boulevard Filmes,PE/-,DF,2,183,1275.0,PE,1.0,1,2010,0,6,0,1,estreante,pequena,0.0,0.0,0.0,0.0,sem fomento,1.3832177047088203,1763.6025735037458,208494900.0,182,0,2500.5,0
2018,B1800462300000,Excelentíssimos,Douglas Duarte,Documentário,Esquina Filmes,,Vitrine Filmes,RJ,,11,2210,25557.0,RJ,1.0,0,2010,0,90,1,1,estreante,grande,2.0,0.0,1.0,0.0,só FSA,1.3832177047088203,35350.89487924332,208494900.0,182,0,2500.5,0
2018,B1800001000000,Ex-Pajé,Luiz Bolognesi,Documentário,Buriti Filmes,Gullane,Gullane Entretenimento,SP,SP,14,9133,130030.0,SP,1.0,1,2010,1,2,1,0,iniciante,nova,1.0,0.0,1.0,0.0,só FSA,1.3832177047088203,179859.79814328792,208494900.0,182,1,2500.5,1
2018,B1800056700000,Ferrugem,Aly Muritiba,Ficção,Grafo Audiovisual,Globo Filmes/Canal Brasil/O2 Filmes,Olhar Distribuição,PR,RJ/RJ/SP,60,27888,362551.0,PR,1.0,1,2010,2,2,2,0,iniciante,nova,0.0,1.0,0.0,1.0,só incentivo,1.3832177047088203,501486.96205988753,208494900.0,182,1,2500.5,1
2018,B1600412300000,Fica Mais Escuro Antes Do Amanhecer,Thiago Luciano,Ficção,Zero Grau Filmes,Canal Brasil,O2 Play,SP,RJ,12,540,6648.0,SP,1.0,1,2010,0,12,0,1,estreante,pequena,0.0,0.0,0.0,0.0,sem fomento,1.3832177047088203,9195.631300904237,208494900.0,182,0,2500.5,0
2018,B1800044200000,Filme Paisagem - Um Olhar Sobre Roberto Burle Marx,João Vargas,Documentário,Camisa Listrada,João Vargas,Elo Company,RJ,,8,2182,30833.0,RJ,1.0,1,2010,0,26,2,1,estreante,media,0.0,1.0,0.0,1.0,só incentivo,1.3832177047088203,42648.75148928706,208494900.0,182,0,2500.5,0
2018,B1600754000000,Gaby Estrella,Cláudio Boeckel,Ficção,Chatrone America Latina/Panorâmica,,Downtown/Paris,SP/RJ,,153,37679,506245.0,SP,2.0,0,2010,0,77,0,1,estreante,grande,1.0,1.0,1.0,1.0,FSA e incentivo,1.3832177047088203,700247.0469203168,208494900.0,182,1,2500.5,1
2018,B1700529800000,Garimpeiros Do Voto,Ernesto Rodrigues,Documentário,Bizum Comunicação,Globo Filmes/Canal Brasil,Bizum,RJ,RJ/RJ,1,75,328.0,RJ,1.0,1,2010,0,0,0,1,estreante,nova,0.0,1.0,0.0,1.0,só incentivo,1.3832177047088203,453.69540714449306,208494900.0,182,0,2500.5,0
2018,B1700481900000,Grandes Médicos,Luiz Alberto Cassol/Marilaine Castro Da Costa,Documentário,Accorde Filmes,,Accorde Audiovisuais,RS,,1,24,190.0,RS,1.0,0,2010,1,4,6,0,iniciante,nova,0.0,1.0,0.0,1.0,só incentivo,1.3832177047088203,262.8113638946759,208494900.0,182,0,2500.5,0
2018,B1800152000000,Guarnieri,Francisco Lima Guarnieri,Documentário,Mira Filmes,,Mira Filmes,SP,,6,199,769.0,SP,1.0,0,2010,0,1,2,1,estreante,nova,1.0,0.0,1.0,0.0,só FSA,1.3832177047088203,1063.6944149210829,208494900.0,182,0,2500.5,0
2018,B1700605900000,Górgona,Fábio Furtado/Pedro Jezler,Documentário,Fábio Galvani Furtado/Pedro Cavalheiro Jezler,,Espaço Filmes,,,4,224,4189.0,,,0,2010,0,47,0,1,estreante,media,0.0,0.0,0.0,0.0,sem fomento,1.3832177047088203,5794.298965025248,208494900.0,182,0,2500.5,0
2018,B1700469700000,Henfil,Angela Zoé,Documentário,Documenta Filmes,Globo Filmes/Canal Brasil,O2 Play,RJ,RJ/RJ,25,2480,32182.0,RJ,1.0,1,2010,1,12,3,0,iniciante,pequena,0.0,1.0,0.0,1.0,só incentivo,1.3832177047088203,44514.71217293925,208494900.0,182,0,2500.5,0
2018,B1800290300000,Hilda Hilst Pede Contato,Gabriela Greeb,Documentário,Homemadefilms,,Imovision,SP,,17,3936,53086.0,SP,1.0,0,2010,0,54,0,1,estreante,media,0.0,0.0,0.0,0.0,sem fomento,1.3832177047088203,73429.49507217243,208494900.0,182,1,2500.5,1
2018,B1700065100000,Histórias Que Nosso Cinema (Não) Contava,Fernanda Pessoa,Documentário,Pessoa Produções Artísticas,Studio Riff,Boulevard Filmes,SP,SP,16,3892,46222.0,SP,1.0,1,2010,0,6,0,1,estreante,pequena,0.0,0.0,0.0,0.0,sem fomento,1.3832177047088203,63935.08874705109,208494900.0,182,1,2500.5,1
2018,B1700374300000,"Híbridos, Os Espíritos Do Brasil",Priscilla Telmon/Vincent Moon,Documentário,Feever Filmes,,Descoloniza Filmes,RJ,,5,1420,22841.0,RJ,1.0,0,2010,0,0,0,1,estreante,nova,0.0,0.0,0.0,0.0,sem fomento,1.3832177047088203,31594.075593254165,208494900.0,182,0,2500.5,0
2018,B1600193300000,Imagens Do Estado Novo 1937-45,Eduardo Escorel,Documentário,Tatu Filmes,,Brasil 1500,SP,,5,2701,39625.0,SP,1.0,0,2010,2,0,2,0,iniciante,nova,1.0,1.0,1.0,1.0,FSA e incentivo,1.3832177047088203,54810.00154908701,208494900.0,182,0,2500.5,1
2018,B1800449100000,Intimidade Entre Estranhos,José Alvarenga Jr.,Ficção,Migdal Filmes,Globo Filmes/Canal Brasil,Vitrine Filmes,RJ,RJ/RJ,35,4174,64390.0,RJ,1.0,1,2010,5,90,6,0,estabelecida,grande,0.0,1.0,0.0,1.0,só incentivo,1.3832177047088203,89065.38800620094,208494900.0,182,1,2500.5,1
2018,B1800548300000,Isto (Não) É Um Assalto,Rodrigo Souza Grota,Documentário,Kinopus,,Kinopus,PR,,4,1067,10261.0,PR,1.0,0,2010,0,0,0,1,estreante,nova,0.0,0.0,0.0,0.0,sem fomento,1.3832177047088203,14193.196868017205,208494900.0,182,0,2500.5,0
2018,B1800046600000,Legalize Já - Amizade Nunca Morre,Gustavo Bonafé/Johnny Araújo,Ficção,Academia De Filmes,Telecine/Rede Record De Televisão,Imagem,SP,RJ/SP,173,36283,533299.0,SP,1.0,1,2010,0,53,3,1,estreante,media,1.0,1.0,1.0,1.0,FSA e incentivo,1.3832177047088203,737668.6187035092,208494900.0,182,1,2500.5,1
2018,B1700307700000,Literalmente Especiais,Victor Molin,Documentário,Filmland Internacional,,Latinamerica Entretenimento Internacional,SP,,1,295,3033.0,SP,1.0,0,2010,0,0,2,1,estreante,nova,0.0,0.0,0.0,0.0,sem fomento,1.3832177047088203,4195.299298381852,208494900.0,182,0,2500.5,0
2018,B1700605800000,Los Territorios,Ivan Pablo Granovsky,Documentário,Punta Colorada De Cinema,Sancho Filmes,Vitrine Filmes,SP,SP,10,878,8536.0,SP,1.0,1,2010,0,90,0,1,estreante,grande,1.0,0.0,1.0,0.0,só FSA,1.3832177047088203,11807.14632739449,208494900.0,182,0,2500.5,0
2018,B1800260300000,Marcha Cega,Gabriel Di Giacomo,Documentário,Salvatore Filmes,,Elo Company,SP,,21,900,6692.0,SP,1.0,0,2010,0,26,0,1,estreante,media,0.0,0.0,0.0,0.0,sem fomento,1.3832177047088203,9256.492879911426,208494900.0,182,0,2500.5,0
2018,B1700000300000,Marcos Medeiros - Codinome Vampiro,Vicente Duque Estrada,Documentário,Cavideo Produções,Canal Brasil,Cavideo Produções,RJ,RJ,1,117,1615.0,RJ,1.0,1,2010,0,2,8,1,estreante,nova,0.0,0.0,0.0,0.0,sem fomento,1.3832177047088203,2233.8965931047446,208494900.0,182,0,2500.5,0
2018,B1800092400000,Mare Nostrum,Ricardo Elias,Ficção,Raiz Produções,,Imovision,SP,,21,1950,25177.0,SP,1.0,0,2010,2,54,8,0,iniciante,media,1.0,1.0,1.0,1.0,FSA e incentivo,1.3832177047088203,34825.272151453966,208494900.0,182,0,2500.5,0
2018,B1800002100000,Mata Negra,Rodrigo Simões Aragão,Ficção,Fábulas Negras Produções Artísticas,Finordia Produções,Elo Company,ES,ES,22,1072,10033.0,ES,1.0,1,2010,0,26,1,1,estreante,media,1.0,0.0,1.0,0.0,só FSA,1.3832177047088203,13877.823231343595,208494900.0,182,0,2500.5,0
2018,B1800177600000,Memória Italiana - Histórias Em Família,Adriana Silva,Documentário,Filmland Internacional,,Latinamerica Entretenimento Internacional,SP,,1,77,854.0,SP,1.0,0,2010,0,0,2,1,estreante,nova,0.0,0.0,0.0,0.0,sem fomento,1.3832177047088203,1181.2679198213325,208494900.0,182,0,2500.5,0
2018,B1700306600000,Memórias De Uma Escola,Adriana Silva,Documentário,Filmland Internacional,,Latinamerica Entretenimento Internacional,SP,,1,275,2834.0,SP,1.0,0,2010,0,0,2,1,estreante,nova,0.0,0.0,0.0,0.0,sem fomento,1.3832177047088203,3920.038975144797,208494900.0,182,0,2500.5,0
2018,B1700480400000,Meu Tio E O Joelho De Porco,Rafael Terpins,Documentário,A Fantástica Fábrica De Filmes,Canal Brasil,Elo Company,SP,RJ,22,475,4140.0,SP,1.0,1,2010,0,26,0,1,estreante,media,0.0,0.0,0.0,0.0,sem fomento,1.3832177047088203,5726.521297494516,208494900.0,182,0,2500.5,0
2018,B1800505200000,Meu Tricolor De Aço,Glauber Filho/Tibico Brasil/Valdo Siqueira,Documentário,Estação Luz Filmes,,Estação Luz Filmes,CE,,16,9591,141650.0,CE,1.0,0,2010,0,0,1,1,estreante,nova,0.0,0.0,0.0,0.0,sem fomento,1.3832177047088203,195932.7878720044,208494900.0,182,1,2500.5,1
2018,B1800563600000,Minas Do Futebol,Yugo Hattori,Documentário,Paris Entretenimento,Alvorada Filmes,Paris,SP,SP,2,41,556.0,SP,1.0,1,2010,0,10,8,1,estreante,pequena,0.0,0.0,0.0,0.0,sem fomento,1.3832177047088203,769.0690438181041,208494900.0,182,0,2500.5,0
2018,B1800539000000,Minha Vida Em Marte,Susana Garcia,Ficção,Capri Produções,A Fábrica/Globo Filmes/Xanadu,Downtown/Paris,RJ,RJ/RJ/RJ,925,5235611,81121591.25,RJ,1.0,1,2010,0,77,0,1,estreante,grande,0.0,1.0,0.0,1.0,só incentivo,1.3832177047088203,112208821.25115213,208494900.0,182,1,2500.5,1
2018,B1800300700000,Missão 115,Silvio Da-Rin,Documentário,Diálogo Comunicação,Afinal Filmes,Bretz Filmes,RJ,RJ,8,1467,20520.0,RJ,1.0,1,2010,2,2,1,0,iniciante,nova,1.0,1.0,1.0,1.0,FSA e incentivo,1.3832177047088203,28383.627300624994,208494900.0,182,0,2500.5,0
2018,B1700465300000,Moacir,Tomas Lipgot,Documentário,Miração Filmes,,Miração Filmes,SP,,5,375,4298.0,SP,1.0,0,2010,0,2,2,1,estreante,nova,1.0,0.0,1.0,0.0,só FSA,1.3832177047088203,5945.069694838509,208494900.0,182,0,2500.5,0
2018,B1700614000000,Motorrad,Vicente Amorim,Ficção,Filmland Internacional,,Warner,SP,,166,10493,141413.0,SP,1.0,0,2010,3,37,2,0,estabelecida,media,0.0,1.0,0.0,1.0,só incentivo,1.3832177047088203,195604.96527598842,208494900.0,182,1,2500.5,1
2018,B1800269200000,Mulheres Alteradas,Luis Pinheiro,Ficção,O2 Filmes,Globo Filmes/Telecine,Downtown/Paris,SP,RJ/RJ,163,92611,1440499.0,SP,1.0,1,2010,0,77,20,1,estreante,grande,1.0,1.0,1.0,1.0,FSA e incentivo,1.3832177047088203,1992523.720415351,208494900.0,182,1,2500.5,1
2018,B1402254000000,"My Name Is Now, Elza Soares",Elizabete Martins Campos,Documentário,It Filmes,,It Filmes,MG,,13,2836,43868.0,MG,1.0,0,2010,0,0,0,1,estreante,nova,0.0,1.0,0.0,1.0,só incentivo,1.3832177047088203,60678.99427016653,208494900.0,182,1,2500.5,1
2018,B1800110100000,Nada A Perder,Alexandre Avancini,Ficção,Record Entretenimento,,Downtown/Paris,SP,,1161,12184373,120992794.0,SP,1.0,0,2010,1,77,0,0,iniciante,grande,0.0,0.0,0.0,0.0,sem fomento,1.3832177047088203,167359374.80298713,208494900.0,182,1,2500.5,1
2018,B1700184000000,Nova Amsterdam,Edson Soares,Ficção,Engady Cine Vídeo,,Engady Cine Vídeo,RN,,2,608,8698.0,RN,1.0,0,2010,0,0,0,1,estreante,nova,1.0,0.0,1.0,0.0,só FSA,1.3832177047088203,12031.227595557319,208494900.0,182,0,2500.5,0
2018,B1800010300000,Não Se Aceitam Devoluções,Andre Torres Moraes,Ficção,Total Entertainment,,Fox,RJ,,488,292740,4182222.0,RJ,1.0,0,2010,0,41,14,1,estreante,media,0.0,1.0,0.0,1.0,só incentivo,1.3832177047088203,5784923.515422732,208494900.0,182,1,2500.5,1
2018,B1700456600000,O Animal Cordial,Gabriela Amaral Almeida,Ficção,Us One,Canal Brasil,Califórnia,SP,RJ,22,8547,121895.0,SP,1.0,1,2010,0,12,0,1,estreante,pequena,0.0,0.0,0.0,0.0,sem fomento,1.3832177047088203,168607.32211548166,208494900.0,182,1,2500.5,1
2018,B1500416000000,O Animal Sonhado,Breno Baptista/Luciana Vieira/Rodrigo Fernandes/Samuel Brasileiro/Ticiana Augusto Lima/Victor Costa Lopes,Ficção,Tardo Filmes,,Olhar Distribuição,CE,,1,117,994.0,CE,1.0,0,2010,0,2,0,1,estreante,nova,0.0,0.0,0.0,0.0,sem fomento,1.3832177047088203,1374.9183984805675,208494900.0,182,0,2500.5,0
2018,B1800501600000,O Avental Rosa,Jayme Monjardim,Ficção,Accorde Filmes,Globo Filmes,Accorde Audiovisuais,RS,RJ,1,126,800.0,RS,1.0,1,2010,3,4,6,0,estabelecida,nova,0.0,1.0,0.0,1.0,só incentivo,1.3832177047088203,1106.5741637670562,208494900.0,182,0,2500.5,0
2018,B1700260300000,O Banquete,Daniela Thomas,Ficção,Cisma Produções,T + T Projetos,Imovision,SP,SP,30,10057,167597.0,SP,1.0,1,2010,1,54,1,0,iniciante,media,2.0,0.0,1.0,0.0,só FSA,1.3832177047088203,231823.13765608417,208494900.0,182,1,2500.5,1
2018,B1700584300000,O Beijo No Asfalto,Murilo Benício,Ficção,República Pureza Filmes,Canal Brasil,Arthouse,RJ,RJ,31,11035,141287.0,RJ,1.0,1,2010,0,13,5,1,estreante,pequena,1.0,0.0,1.0,0.0,só FSA,1.3832177047088203,195430.6798451951,208494900.0,182,1,2500.5,1
2018,B1800307900000,O Candidato Honesto 2,Roberto Santucci,Ficção,Camisa Listrada/Panorama Filmes,Telecine,Downtown/Paris,RJ/RJ,RJ,736,580568,8363263.0,RJ,1.0,1,2010,10,77,1,0,veterana,grande,3.0,1.0,1.0,1.0,FSA e incentivo,1.3832177047088203,11568213.450736202,208494900.0,182,1,2500.5,1
2018,B1700451600000,O Caso Do Homem Errado,Camila De Moraes,Documentário,Praça De Filmes,,Interagir Cultural,RS,,2,1207,10797.0,RS,1.0,0,2010,0,0,0,1,estreante,nova,0.0,0.0,0.0,0.0,sem fomento,1.3832177047088203,14934.601557741133,208494900.0,182,0,2500.5,0
2018,B1800323800000,O Colar De Coralina,Reginaldo Gontijo,Ficção,Brasilirica,Lua Virada,O2 Play,DF,DF,55,2876,32843.0,DF,1.0,1,2010,0,12,0,1,estreante,pequena,0.0,0.0,0.0,0.0,sem fomento,1.3832177047088203,45429.019075751785,208494900.0,182,1,2500.5,1
2018,B1800055100000,O Cravo E A Rosa - O Documentário,Jorge Farjalla,Documentário,Kellys Kelfis,,Nozes Produções,RJ,,1,6,70.0,RJ,1.0,0,2010,0,0,0,1,estreante,nova,0.0,0.0,0.0,0.0,sem fomento,1.3832177047088203,96.82523932961742,208494900.0,182,0,2500.5,0
2018,B1700615400000,O Desmonte Do Monte,Sinai Sganzerla,Documentário,Mercúrio Produções,,Mercúrio Produções,SP,,9,5121,69773.0,SP,1.0,0,2010,0,1,4,1,estreante,nova,1.0,0.0,1.0,0.0,só FSA,1.3832177047088203,96511.24891064852,208494900.0,182,1,2500.5,1
2018,B1800397100000,O Doutrinador - O Filme,Gustavo Bonafé,Ficção,Paris Entretenimento,Telecine,Downtown,SP,RJ,467,276658,3933475.0,SP,1.0,1,2010,0,31,8,1,estreante,media,1.0,1.0,1.0,1.0,FSA e incentivo,1.3832177047088203,5440852.261029527,208494900.0,182,1,2500.5,1
2018,B1800446400000,O Fantástico Patinho Feio,Denilson Félix,Documentário,Caldo De Cana Filmes,,Elo Company,DF,,25,596,5714.0,DF,1.0,0,2010,0,26,0,1,estreante,media,0.0,0.0,0.0,0.0,sem fomento,1.3832177047088203,7903.7059647062,208494900.0,182,0,2500.5,0
2018,B1800000800000,O Grande Circo Mistico,Cacá Diegues,Ficção,Luz Mágica Produções,Globo Filmes,H2O Films,RJ,RJ,152,51480,836874.0,RJ,1.0,1,2010,4,15,3,0,estabelecida,pequena,1.0,1.0,1.0,1.0,FSA e incentivo,1.3832177047088203,1157578.9334104892,208494900.0,182,1,2500.5,1
2018,B1800115600000,O Homem Perfeito,Marcus Baldini,Ficção,Damasco Filmes,Popcon/Telecine,Downtown,SP,SP/RJ,46,11289,178904.0,SP,1.0,1,2010,2,31,1,0,iniciante,media,1.0,1.0,1.0,1.0,FSA e incentivo,1.3832177047088203,247463.1802432268,208494900.0,182,1,2500.5,1
2018,B1800398300000,O Homem Que Parou O Tempo,Hilnando Sm,Ficção,Hilnando Souto Mendes,,Elo Company,RJ,,22,982,8236.0,RJ,1.0,0,2010,0,26,0,1,estreante,media,0.0,0.0,0.0,0.0,sem fomento,1.3832177047088203,11392.181015981845,208494900.0,182,0,2500.5,0
2018,B1700090400000,O Jabuti E A Anta,Eliza Capai,Documentário,Usina De Imagens,1979 Curadoria E Criatividade Musical E Sonora/Associação Civil Greenpeace/Marina Yamaoka/Daesquina/Carol Quintanilha,Taturana,ES,SP/SP/SP/SP/SP,1,202,1905.0,ES,1.0,1,2010,0,0,0,1,estreante,nova,0.0,0.0,0.0,0.0,sem fomento,1.3832177047088203,2635.0297274703025,208494900.0,182,0,2500.5,0
2018,B1800247400000,O Muro,Lula Buarque De Hollanda,Documentário,Espiral,,Espiral,RJ,,2,205,2661.0,RJ,1.0,0,2010,3,0,0,0,estabelecida,nova,2.0,0.0,1.0,0.0,só FSA,1.3832177047088203,3680.7423122301707,208494900.0,182,0,2500.5,0
2018,B1700513700000,O Nome Da Morte,Henrique Goldman,Ficção,Tv Zero Cinema,Globo Filmes/O2 Filmes,Imagem,RJ,RJ/SP,139,45766,711964.0,RJ,1.0,1,2010,1,53,2,0,iniciante,media,2.0,2.0,1.0,1.0,FSA e incentivo,1.3832177047088203,984801.2099153106,208494900.0,182,1,2500.5,1
2018,B1800187300000,O Nó Do Diabo,Gabriel Martins/Ian Abé/Jhésus Tribuzi/Ramon Porto Mota,Ficção,Vermelho Profundo,Elna Design,Elo Company,PB,PB,25,2068,18800.0,PB,1.0,1,2010,0,26,0,1,estreante,media,0.0,0.0,0.0,0.0,sem fomento,1.3832177047088203,26004.49284852582,208494900.0,182,0,2500.5,0
2018,B1800324100000,"O Paciente, O Caso Tancredo Neves",Sergio Rezende,Ficção,Morena Filmes,Globo Filmes/Xanadu/Telecine,Paris,RJ,RJ/RJ/RJ,87,40793,818899.0,RJ,1.0,1,2010,7,10,9,0,veterana,pequena,3.0,1.0,1.0,1.0,FSA e incentivo,1.3832177047088203,1132715.5951683482,208494900.0,182,1,2500.5,1
2018,B1800130600000,O Processo,Maria Augusta Ramos,Documentário,Nofoco Filmes,Canal Brasil,Vitrine Filmes,RJ,RJ,63,66137,916587.0,RJ,1.0,1,2010,4,90,2,0,estabelecida,grande,0.0,0.0,0.0,0.0,sem fomento,1.3832177047088203,1267839.3663059436,208494900.0,182,1,2500.5,1
2018,B1800038700000,O Renascimento Do Parto 2,Eduardo Chauvet,Documentário,808 Filmes Fora Da Lata,,Espaço Filmes,DF,,41,6234,100785.0,DF,1.0,0,2010,1,47,0,0,iniciante,media,0.0,0.0,0.0,0.0,sem fomento,1.3832177047088203,139407.59636907847,208494900.0,182,1,2500.5,1
2018,B1800387700000,O Renascimento Do Parto 3,Eduardo Chauvet,Documentário,808 Filmes Fora Da Lata,,Espaço Filmes,DF,,13,1434,27773.0,DF,1.0,0,2010,1,47,0,0,iniciante,media,0.0,0.0,0.0,0.0,sem fomento,1.3832177047088203,38416.10531287807,208494900.0,182,0,2500.5,0
2018,B1800346100000,O Segredo De Davi,Diego Freitas,Ficção,Parakino Filmes,Movioca Content House/Eh! Filmes,Elo Company,SP,SP/RJ,84,9104,111883.0,SP,1.0,1,2010,0,26,0,1,estreante,media,2.0,0.0,1.0,0.0,só FSA,1.3832177047088203,154758.54645593694,208494900.0,182,1,2500.5,1
2018,B1700159700000,O Silêncio Da Noite É Que Tem Sido Testemunha Das Minhas Amarguras,Petrônio Lorena,Documentário,Nosotros & Los Demás Produções Artísticas,Candiero Produções,Inquieta Cinema Cultura E Comunicação,PE,PE,5,794,7191.0,PE,1.0,1,2010,0,4,0,1,estreante,nova,0.0,1.0,0.0,1.0,só incentivo,1.3832177047088203,9946.718514561127,208494900.0,182,0,2500.5,0
2018,B1800193400000,O Silêncio É Uma Prece,Candé Salles,Documentário,Cygnus Media,,Downtown/Paris,SP,,29,5613,97684.0,SP,1.0,0,2010,0,77,0,1,estreante,grande,0.0,0.0,0.0,0.0,sem fomento,1.3832177047088203,135118.2382667764,208494900.0,182,1,2500.5,1
2018,B1800509700000,Onde A Moeda Cai Em Pé - A História Do São Paulo Futebol Clube,Alexandre Boechat/Andre Plihal/Pedro Jorge/Ricardo Aidar,Documentário,Canal Azul,Espn Brasil,Elo Company,SP,SP,22,3854,34564.0,SP,1.0,1,2010,0,26,8,1,estreante,media,0.0,1.0,0.0,1.0,só incentivo,1.3832177047088203,47809.53674555566,208494900.0,182,1,2500.5,1
2018,B1700406200000,Os Caubóis Do Apocalipse,Diego Da Costa,Ficção,Pietà Filmes,,Pietà Filmes,SP,,4,394,7020.0,SP,1.0,0,2010,0,0,0,1,estreante,nova,0.0,0.0,0.0,0.0,sem fomento,1.3832177047088203,9710.188287055918,208494900.0,182,0,2500.5,0
2018,B1800546900000,Os Exterminadores Do Além Contra A Loira Do Banheiro,Fabrício Bittar,Ficção,Clube Filmes,,Vitrine Filmes,SP,,314,181695,2341605.0,SP,1.0,0,2010,0,90,1,1,estreante,grande,1.0,1.0,1.0,1.0,FSA e incentivo,1.3832177047088203,3238949.4934346974,208494900.0,182,1,2500.5,1
2018,B1700611000000,Os Farofeiros,Roberto Santucci,Ficção,Camisa Listrada/Panorama Filmes,Telecine,Downtown/Paris,RJ/RJ,RJ,725,2604733,36821637.0,RJ,1.0,1,2010,10,77,1,0,veterana,grande,2.0,2.0,1.0,1.0,FSA e incentivo,1.3832177047088203,50932340.21476138,208494900.0,182,1,2500.5,1
2018,B1500794300000,Os Incontestáveis,Alexandre Serafini,Ficção,Ladart Produções,,Livres Filmes,ES,,12,789,7676.0,ES,1.0,0,2010,0,14,0,1,estreante,pequena,0.0,0.0,0.0,0.0,sem fomento,1.3832177047088203,10617.579101344905,208494900.0,182,0,2500.5,0
2018,B1700431000000,Outra História Do Mundo,Guillermo Casanova,Ficção,Três Mundos Produções,,Fênix Filmes/Tucumán,RJ,,19,5526,86119.0,RJ,1.0,0,2010,0,0,2,1,estreante,nova,0.0,1.0,0.0,1.0,só incentivo,1.3832177047088203,119121.3255118189,208494900.0,182,1,2500.5,1
2018,B1800127700000,Pagliacci,Chico Gomes/Julio Hey/Luiz Villaça/Luiza Villaça/Pedro Moscalcoff,Documentário,Bossa Nova Films,Globo Filmes/Canal Brasil,Pandora Filmes,SP,RJ/RJ,2,570,7805.0,SP,1.0,1,2010,0,35,6,1,estreante,media,0.0,1.0,0.0,1.0,só incentivo,1.3832177047088203,10796.014185252343,208494900.0,182,0,2500.5,0
2018,B1700026000000,Para Ter Onde Ir,Jorane Castro,Ficção,Cabocla Filmes/Rec Produtores Associados,,O2 Play,PA/PE,,8,1692,13566.0,PA,2.0,0,2010,0,12,0,1,estreante,pequena,0.0,0.0,0.0,0.0,sem fomento,1.3832177047088203,18764.731382079855,208494900.0,182,0,2500.5,0
2018,B1800202100000,Paraíso Perdido,Monique Gardenberg,Ficção,Dueto Filmes,Casé Filmes,Vitrine Filmes,RJ,RJ,103,21610,321585.0,RJ,1.0,1,2010,3,90,2,0,estabelecida,grande,4.0,1.0,1.0,1.0,FSA e incentivo,1.3832177047088203,444822.065568786,208494900.0,182,1,2500.5,1
2018,B1800487600000,Parquelândia,Cecília Da Fonte,Documentário,Ventana Filmes,,Taturana,PE,,1,239,1622.0,PE,1.0,0,2010,0,0,0,1,estreante,nova,0.0,0.0,0.0,0.0,sem fomento,1.3832177047088203,2243.5791170377065,208494900.0,182,0,2500.5,0
2018,B1700590500000,Paulistas,Daniel Nolasco,Documentário,Estúdio Giz,Daniel Nolasco/Panaceia Filmes,Vitrine Filmes,RJ,GO/GO,17,1089,7227.0,RJ,1.0,1,2010,0,90,0,1,estreante,grande,0.0,0.0,0.0,0.0,sem fomento,1.3832177047088203,9996.514351930644,208494900.0,182,0,2500.5,0
2018,B1700011500000,Peixonauta: O Filme,Celia Serra/Kiko Mistrorigo/Rodrigo Eba!,Animação,Tv Pinguim,,Riofilme,SP,,90,22144,300329.0,SP,1.0,0,2010,0,146,1,1,estreante,grande,2.0,1.0,1.0,1.0,FSA e incentivo,1.3832177047088203,415420.3900374953,208494900.0,182,1,2500.5,1
2018,B1700088100000,Pela Janela,Caroline Leone,Ficção,Dezenove Som E Imagens,,Vitrine Filmes,SP,,27,5251,38358.0,SP,1.0,0,2010,0,90,11,1,estreante,grande,1.0,1.0,1.0,1.0,FSA e incentivo,1.3832177047088203,53057.46471722093,208494900.0,182,1,2500.5,1
2018,B1700242100000,Piripkura,Bruno Jorge/Mariana Oliva/Renata Terra,Documentário,Zeza Filmes,,Synapse,SP,,6,908,16809.0,SP,1.0,0,2010,0,0,0,1,estreante,nova,1.0,0.0,1.0,0.0,só FSA,1.3832177047088203,23250.50639845056,208494900.0,182,0,2500.5,0
2018,B1700527500000,Pra Ficar Na História,Boca Migotto,Documentário,Globo Filmes,Epifania Filmes/Teimoso Filmes E Artes,Pipoca & Filmes,RJ,RS/RS,2,309,2582.0,RJ,1.0,1,2010,1,0,17,0,iniciante,nova,0.0,1.0,0.0,1.0,só incentivo,1.3832177047088203,3571.468113558174,208494900.0,182,0,2500.5,0
2018,B1700405200000,Praça Paris,Lucia Murat,Ficção,Taiga Filmes E Vídeo,Telecine,Imovision,RJ,RJ,21,13348,206149.0,RJ,1.0,1,2010,8,54,11,0,veterana,media,3.0,1.0,1.0,1.0,FSA e incentivo,1.3832177047088203,285148.9466080186,208494900.0,182,1,2500.5,1
2018,B1500585400000,Quase Memória,Ruy Guerra,Ficção,Kinossaurus Filmes,Globo Filmes/Lereby,Pandora Filmes,RJ,RJ/RJ,19,4188,60683.0,RJ,1.0,1,2010,2,35,0,0,iniciante,media,1.0,1.0,1.0,1.0,FSA e incentivo,1.3832177047088203,83937.79997484534,208494900.0,182,1,2500.5,1
2018,B1700332400000,Querida Mamãe,Jeremias Moreira Filho,Ficção,Moonshot Pictures,,Elo Company,SP,,31,1646,17577.0,SP,1.0,0,2010,1,26,2,0,iniciante,media,2.0,1.0,1.0,1.0,FSA e incentivo,1.3832177047088203,24312.817595666937,208494900.0,182,0,2500.5,0
2018,B1700409900000,Querido Embaixador,Luiz Fernando Goulart,Documentário,Toscana Audiovisual,Globo Filmes/Canal Brasil,Elo Company,RJ,RJ/RJ,23,2297,26425.0,RJ,1.0,1,2010,1,26,2,0,iniciante,media,0.0,1.0,0.0,1.0,só incentivo,1.3832177047088203,36551.52784693058,208494900.0,182,0,2500.5,0
2018,B1800549200000,Rasga Coração,Jorge Furtado,Ficção,Casa De Cinema De Porto Alegre,Globo Filmes/Canal Brasil/Guel Produtora,Sony,RS,RJ/RJ/RJ,32,8250,137142.0,RS,1.0,1,2010,6,18,12,0,veterana,pequena,1.0,1.0,1.0,1.0,FSA e incentivo,1.3832177047088203,189697.24245917704,208494900.0,182,1,2500.5,1
2018,B1800077300000,Rio Do Medo,Ernesto Rodrigues,Documentário,Bizum Comunicação,Globo Filmes/Canal Brasil,Bizum,RJ,RJ/RJ,1,79,519.0,RJ,1.0,1,2010,0,0,0,1,estreante,nova,0.0,1.0,0.0,1.0,só incentivo,1.3832177047088203,717.8899887438778,208494900.0,182,0,2500.5,0
2018,B1700606700000,Rio Mumbai,Gabriel Mellin/Pedro Sodré,Ficção,Copa Filmes/Rio Cinema Digital,,Copa Filmes,RJ/RJ,,3,322,4202.0,RJ,1.0,0,2010,0,0,0,1,estreante,nova,0.0,0.0,0.0,0.0,sem fomento,1.3832177047088203,5812.280795186463,208494900.0,182,0,2500.5,0
2018,B1600641100000,"Rogério Duarte, O Tropikaoslista",José Walter Lima,Documentário,Vpc Cinemavídeo,,O2 Play,BA,,15,1419,16162.0,BA,1.0,0,2010,1,12,2,0,iniciante,pequena,0.0,0.0,0.0,0.0,sem fomento,1.3832177047088203,22355.564543503955,208494900.0,182,0,2500.5,0
2018,B1700581200000,Sailing Band,Denis Nielsen,Documentário,Paris Entretenimento,Tapa Filmes,Downtown/Paris,SP,SP,1,130,2609.0,SP,1.0,1,2010,0,77,8,1,estreante,grande,0.0,0.0,0.0,0.0,sem fomento,1.3832177047088203,3608.8149915853123,208494900.0,182,0,2500.5,0
2018,B1800211500000,Salto No Vazio,Cavi Borges/Patricia Niedermeier,Ficção,Cavideo Produções,,Cavideo Produções,RJ,,1,124,2137.0,RJ,1.0,0,2010,0,2,8,1,estreante,nova,0.0,0.0,0.0,0.0,sem fomento,1.3832177047088203,2955.936234962749,208494900.0,182,0,2500.5,0
2018,B1600050100000,Santoro- O Homem E Sua Música,John Howard Szerman,Documentário,John Howard Szerman Produções Cinematográficas,,Dada' N Zen Produções,DF,,10,489,7435.0,DF,1.0,0,2010,0,0,0,1,estreante,nova,0.0,0.0,0.0,0.0,sem fomento,1.3832177047088203,10284.22363451008,208494900.0,182,0,2500.5,0
2018,B1700508700000,Saudade,Paulo Caldas,Documentário,99 Produções,Ateliê Produções/Academia De Filmes/Newco,Lira Filmes,PE,PE/SP/SP,8,2286,31830.0,PE,1.0,1,2010,2,0,0,0,iniciante,nova,0.0,2.0,0.0,1.0,só incentivo,1.3832177047088203,44027.81954088175,208494900.0,182,0,2500.5,0
2018,B1800126800000,Sequestro Relâmpago,Tata Amaral,Ficção,Tangerina Entretenimento,Globo Filmes/Canal Brasil/Guel Produtora/Manjericão Filmes,Pagu Pictures,SP,RJ/RJ/RJ/SP,63,13075,188694.0,SP,1.0,1,2010,5,0,3,0,estabelecida,nova,1.0,1.0,1.0,1.0,FSA e incentivo,1.3832177047088203,261004.88157232615,208494900.0,182,1,2500.5,1
2018,B1800287300000,Sertão Velho Cerrado,André D'Elia,Documentário,Cinedelia,,O2 Play,SP,,6,1789,22831.0,SP,1.0,0,2010,1,12,1,0,iniciante,pequena,1.0,0.0,1.0,0.0,só FSA,1.3832177047088203,31580.24341620708,208494900.0,182,0,2500.5,0
2018,B1700414300000,Severina,Felipe Hirsch,Ficção,Us One,,Vitrine Filmes,SP,,36,13647,144303.0,SP,1.0,0,2010,0,90,0,1,estreante,grande,0.0,0.0,0.0,0.0,sem fomento,1.3832177047088203,199602.4644425969,208494900.0,182,1,2500.5,1
2018,B1800250800000,Slam: Voz De Levante,Roberta Estrela D'Alva/Tatiana Lohmann,Documentário,Exótica Cinematográfica,Globo Filmes/Miração Filmes,Pagu Pictures,SP,RJ/SP,11,748,12861.0,SP,1.0,1,2010,0,0,0,1,estreante,nova,0.0,1.0,0.0,1.0,só incentivo,1.3832177047088203,17789.562900260138,208494900.0,182,0,2500.5,0
2018,B1700539800000,Soldados Do Araguaia,Belisario Franca,Documentário,Giros,,Urca Filme,RJ,,8,1299,18519.0,RJ,1.0,0,2010,2,1,2,0,iniciante,nova,1.0,0.0,1.0,0.0,só FSA,1.3832177047088203,25615.808673502645,208494900.0,182,0,2500.5,0
2018,B1800307200000,Sueño Florianópolis,Ana Katz,Ficção,Prodigo Films,Groch Filmes,Vitrine Filmes,SP,SP,34,4127,31292.0,SP,1.0,1,2010,0,90,5,1,estreante,grande,1.0,2.0,1.0,1.0,FSA e incentivo,1.3832177047088203,43283.64841574841,208494900.0,182,1,2500.5,1
2018,B1600532000000,Super Orquestra Arcoverdense De Ritmos Americanos,Sérgio Oliveira,Documentário,Aroma Filmes,,Inquieta Cinema Cultura E Comunicação,PE,,5,260,1691.0,PE,1.0,0,2010,0,4,1,1,estreante,nova,0.0,0.0,0.0,0.0,sem fomento,1.3832177047088203,2339.021138662615,208494900.0,182,0,2500.5,0
2018,B1800212800000,Talvez Uma História De Amor,Rodrigo Spada Bernardo,Ficção,Chocolate Filmes,,Warner,SP,,169,37296,557308.0,SP,1.0,0,2010,0,37,0,1,estreante,media,1.0,1.0,1.0,1.0,FSA e incentivo,1.3832177047088203,770878.2925758632,208494900.0,182,1,2500.5,1
2018,B1800124400000,Teu Mundo Não Cabe Nos Meus Olhos,Paulo Nascimento,Ficção,Accorde Filmes,Globo Filmes/Telecine/Maiomidia Comunicação,Downtown/Paris,RS,RJ/RJ/RJ,111,14881,240191.0,RS,1.0,1,2010,5,77,6,0,estabelecida,grande,2.0,1.0,1.0,1.0,FSA e incentivo,1.3832177047088203,332236.4437117163,208494900.0,182,1,2500.5,1
2018,B1800132900000,Tinta Bruta,Filipe Matzembacher/Marcio Reolon,Ficção,Avante Filmes,Besouro Filmes,Vitrine Filmes,RS,RS,43,8299,64425.0,RS,1.0,1,2010,1,90,1,0,iniciante,grande,1.0,0.0,1.0,0.0,só FSA,1.3832177047088203,89113.80062586576,208494900.0,182,1,2500.5,1
2018,B1800387000000,Todas As Canções De Amor,Joana Mariani,Ficção,Maya Filmes/Planetario Filmes,,Vitrine Filmes,SP/RJ,,65,27703,390797.0,SP,2.0,0,2010,1,90,0,0,iniciante,grande,0.0,1.0,0.0,1.0,só incentivo,1.3832177047088203,540557.3293470929,208494900.0,182,1,2500.5,1
2018,B1700428100000,Todas As Razões Para Esquecer,Pedro Coutinho,Ficção,Paranoid Filmes,Lagoa Filmes,Bretz Filmes/Pagu Pictures,SP,SP,23,2305,35918.0,SP,1.0,1,2010,0,1,1,1,estreante,nova,0.0,0.0,0.0,0.0,sem fomento,1.3832177047088203,49682.41351773141,208494900.0,182,0,2500.5,0
2018,B1600746000000,Todo Clichê Do Amor,Rafael Primot,Ficção,Enkapothado Produções,Muk Produções/Canal Brasil,Muk Produções/Enkapothado,SP,SP/RJ,8,573,10049.0,SP,1.0,1,2010,1,0,0,0,iniciante,nova,0.0,0.0,0.0,0.0,sem fomento,1.3832177047088203,13899.954714618936,208494900.0,182,0,2500.5,0
2018,B1800029300000,Todos Os Paulos Do Mundo,Gustavo Ribeiro/Rodrigo De Oliveira,Documentário,Bananeira Filmes,Globo Filmes/Canal Brasil,Vitrine Filmes,RJ,RJ/RJ,32,2846,19986.0,RJ,1.0,1,2010,0,90,10,1,estreante,grande,1.0,1.0,1.0,1.0,FSA e incentivo,1.3832177047088203,27644.989046310482,208494900.0,182,1,2500.5,1
2018,B1700532000000,Torquato Neto - Todas As Horas Do Fim,Eduardo Ades/Marcus Fernando,Documentário,Imagem-Tempo,Girândola Produções,Vitrine Filmes,RJ,RJ,30,9429,73550.0,RJ,1.0,1,2010,0,90,0,1,estreante,grande,0.0,0.0,0.0,0.0,sem fomento,1.3832177047088203,101735.66218133374,208494900.0,182,1,2500.5,1
2018,B1700025700000,Tropykaos,Daniel Lisboa,Ficção,Cavalo Do Cão Filmes,,Pipa Produções,BA,,3,1752,13508.0,BA,1.0,0,2010,0,14,0,1,estreante,pequena,0.0,1.0,0.0,1.0,só incentivo,1.3832177047088203,18684.504755206744,208494900.0,182,0,2500.5,0
2018,B1800410600000,Tudo Acaba Em Festa,Andre Alberto Pellenz,Ficção,Gullane,Andre Alberto Pellenz,Paris,SP,,83,30562,462133.0,SP,1.0,1,2010,0,10,18,1,estreante,pequena,1.0,1.0,1.0,1.0,FSA e incentivo,1.3832177047088203,639230.5475302013,208494900.0,182,1,2500.5,1
2018,B1800285700000,Tudo Por Um Pop Star,Bruno Garotti,Ficção,Panorâmica,Globo Filmes/Telecine,Downtown/Paris,RJ,RJ/RJ,708,1187624,15786956.0,RJ,1.0,1,2010,1,77,0,0,iniciante,grande,3.0,1.0,1.0,1.0,FSA e incentivo,1.3832177047088203,21836797.04265914,208494900.0,182,1,2500.5,1
2018,B1600483500000,Tudo É Irrelevante - Helio Jaguaribe,Ernesto Baldan/Izabel Jaguaribe,Documentário,Jaguar Produções Artísticas,Canal Brasil,Arthouse,RJ,RJ,5,221,2341.0,RJ,1.0,1,2010,0,13,1,1,estreante,pequena,0.0,1.0,0.0,1.0,só incentivo,1.3832177047088203,3238.1126467233485,208494900.0,182,0,2500.5,0
2018,B1800116000000,Tungstênio,Heitor Dhalia,Ficção,Paranoid Filmes,Globo Filmes/Canal Brasil/Guel Produtora,Pagu Pictures,SP,RJ/RJ/RJ,67,5737,87296.0,SP,1.0,1,2010,5,0,1,0,estabelecida,nova,0.0,1.0,0.0,1.0,só incentivo,1.3832177047088203,120749.37275026117,208494900.0,182,1,2500.5,1
2018,B1700462900000,Uma Espécie De Família,Diego Lerman,Ficção,Bossa Nova Films,,Pandora Filmes,SP,,16,3566,50056.0,SP,1.0,0,2010,0,35,6,1,estreante,media,0.0,1.0,0.0,1.0,só incentivo,1.3832177047088203,69238.3454269047,208494900.0,182,1,2500.5,1
2018,B1800235900000,Uma Quase Dupla,Marcus Baldini,Ficção,Biônica Filmes/Paris Entretenimento,,Downtown/Paris,SP/SP,,460,644126,9156570.0,SP,1.0,0,2010,2,77,0,0,iniciante,grande,0.0,1.0,0.0,1.0,só incentivo,1.3832177047088203,12665529.738405643,208494900.0,182,1,2500.5,1
2018,B1700501700000,Unicórnio,Eduardo Nunes,Ficção,3 Tabela Filmes,Canal Brasil,Vitrine Filmes,RJ,RJ,40,6798,53690.44,RJ,1.0,1,2010,1,90,1,0,iniciante,grande,1.0,1.0,1.0,1.0,FSA e incentivo,1.3832177047088203,74265.56718160663,208494900.0,182,1,2500.5,1
2018,B1800163200000,Vende-Se Esta Moto,Marcus Vinícius Faustini,Ficção,Cavideo Produções,,Cavideo Produções,RJ,,2,310,4922.0,RJ,1.0,0,2010,1,2,8,0,iniciante,nova,0.0,0.0,0.0,0.0,sem fomento,1.3832177047088203,6808.197542576813,208494900.0,182,0,2500.5,0
2018,B1800091800000,Verão Em Rildas,Daniel Caetano,Ficção,Duas Mariola Filmes,,Dm Filmes,RJ,,3,220,2707.0,RJ,1.0,0,2010,1,1,5,0,iniciante,nova,0.0,0.0,0.0,0.0,sem fomento,1.3832177047088203,3744.3703266467764,208494900.0,182,0,2500.5,0
2018,B1600725300000,Vinte Anos,Alice De Andrade,Documentário,Filmes Do Serro,Canal Brasil,Arthouse,RJ,RJ,9,1257,14361.0,RJ,1.0,1,2010,1,13,0,0,iniciante,pequena,0.0,1.0,0.0,1.0,só incentivo,1.3832177047088203,19864.38945732337,208494900.0,182,0,2500.5,0
2018,B1700424500000,Yonlu,Hique Montanari,Ficção,Container Filmes,Prana Filmes/Jose Luiz Marques,Lança Filmes,RS,RS/-,35,7906,100393.0,RS,1.0,1,2010,0,8,0,1,estreante,pequena,1.0,0.0,1.0,0.0,só FSA,1.3832177047088203,138865.3750288326,208494900.0,182,1,2500.5,1
2018,B1700480900000,Zama,Lucrécia Martel,Ficção,Bananeira Filmes,Telecine,Vitrine Filmes,RJ,RJ,27,10411,142427.57,RJ,1.0,1,2010,0,90,10,1,estreante,grande,2.0,1.0,1.0,1.0,FSA e incentivo,1.3832177047088203,197008.33646265484,208494900.0,182,1,2500.5,1
2019,B1800586000000,45 Dias Sem Você,Rafael Gomes,Ficção,Substância Filmes E Outras Misturas,Lacuna Filmes/Polana Filmes,O2 Play,SP,SP/SP,7,3303,31295.0,SP,1.0,1,2010,0,20,0,1,estreante,media,0.0,0.0,0.0,0.0,sem fomento,1.3334398578573434,41730.00035164556,210147125.0,167,1,1715.0,1
2019,B1800516900000,A Cidade Dos Piratas,Otto Guerra,Animação,Otto Desenhos Animados,,Lança Filmes,RS,,22,2384,32188.0,RS,1.0,0,2010,1,9,3,0,iniciante,pequena,2.0,1.0,1.0,1.0,FSA e incentivo,1.3334398578573434,42920.76214471217,210147125.0,167,0,1715.0,1
2019,B1800358900000,A Família Submersa,María Alché,Ficção,Bubbles Project,,Esfera Produções,RJ,,14,2538,38427.0,RJ,1.0,0,2010,0,1,1,1,estreante,nova,1.0,0.0,1.0,0.0,só FSA,1.3334398578573434,51240.093417884134,210147125.0,167,0,1715.0,1
2019,B1900415900000,A Fera Na Selva,Eliane Giardini/Lauro Escorel/Paulo Betti,Ficção,Prole De Adão Produção Artísticas,Batuta Filmes/Globo Filmes/Canal Brasil/O2 Filmes,O2 Play,RJ,SP/RJ/RJ/SP,5,3106,41232.0,RJ,1.0,1,2010,0,20,1,1,estreante,media,0.0,1.0,0.0,1.0,só incentivo,1.3334398578573434,54980.392219173984,210147125.0,167,1,1715.0,1
2019,B1900139400000,A História De Um Sonho,Marcela Coelho/Ricardo Aidar,Documentário,Lep Filmes,Canal Azul,Elo Company,SP,SP,30,4910,35242.0,SP,1.0,1,2010,0,42,0,1,estreante,media,0.0,1.0,0.0,1.0,só incentivo,1.3334398578573434,46993.087470608494,210147125.0,167,1,1715.0,1
2019,B1900148100000,A Irmandade,Juscelino Ribeiro,Documentário,Globo Filmes,Framme Produções/Juscelino Ribeiro,Lume Produções Cinematográficas,RJ,PI/PI,1,684,6611.0,RJ,1.0,1,2010,0,11,18,1,estreante,pequena,0.0,1.0,0.0,1.0,só incentivo,1.3334398578573434,8815.370900294898,210147125.0,167,0,1715.0,0
2019,B1800089700000,A Mulher Do Meu Marido,Marcelo Santiago,Ficção,Filmes Do Equador,Canal Brasil,Bretz Filmes,RJ,RJ,40,3025,50346.0,RJ,1.0,1,2010,2,4,14,0,iniciante,nova,3.0,0.0,1.0,0.0,só FSA,1.3334398578573434,67133.3630836858,210147125.0,167,1,1715.0,1
2019,B1800423800000,A Música Do Tempo - Do Sonho Do Império Ao Império Do Sonho,João Velho,Documentário,Universidade Federal Fluminense,,Espaço Filmes,RJ,,6,317,5222.0,RJ,1.0,0,2010,0,51,0,1,estreante,media,0.0,0.0,0.0,0.0,sem fomento,1.3334398578573434,6963.222937731048,210147125.0,167,0,1715.0,0
2019,B1900249100000,A Noite Amarela,Ramon Porto Mota,Ficção,Vermelho Profundo,Narrativa,Vitrine Filmes,PB,PB,17,1824,13055.0,PB,1.0,1,2010,0,114,1,1,estreante,grande,2.0,0.0,1.0,0.0,só FSA,1.3334398578573434,17408.05734432762,210147125.0,167,0,1715.0,1
2019,B1800091200000,A Parte Do Mundo Que Me Pertence,Marcos Pimentel,Documentário,Tempero Filmes,,Olhar Distribuição,MG,,8,571,6299.0,MG,1.0,0,2010,1,4,1,0,iniciante,nova,0.0,0.0,0.0,0.0,sem fomento,1.3334398578573434,8399.337664643406,210147125.0,167,0,1715.0,0
2019,B1800440300000,A Pedra Da Serpente,Fernando Sanches,Ficção,Sinestesia Filmes,,Elo Company,SP,,26,507,4346.0,SP,1.0,0,2010,0,42,0,1,estreante,media,0.0,0.0,0.0,0.0,sem fomento,1.3334398578573434,5795.129622248014,210147125.0,167,0,1715.0,0
2019,B1900164100000,A Quarta Parede,Hudson Senna,Ficção,Labuta Filmes,Escola De Atores Wolf Maya/Estúdio Tocha,Elo Company,SP,SP/SP,23,1455,12327.0,SP,1.0,1,2010,0,42,0,1,estreante,media,0.0,0.0,0.0,0.0,sem fomento,1.3334398578573434,16437.313127807472,210147125.0,167,0,1715.0,0
2019,B1700499100000,A Serpente,Jura Capela,Ficção,Jura Filmes,Oceano Cinematográfico/Canal Brasil,Jura Filmes,PE,RJ/RJ,2,527,5591.0,PE,1.0,1,2010,1,1,1,0,iniciante,nova,0.0,1.0,0.0,1.0,só incentivo,1.3334398578573434,7455.262245280407,210147125.0,167,0,1715.0,0
2019,B1700307900000,A Sombra Do Pai,Gabriela Amaral Almeida,Ficção,Acere,Gabriela Amaral Almeida,Pandora Filmes,SP,,30,2921,43260.0,SP,1.0,1,2010,1,40,0,0,iniciante,media,1.0,1.0,1.0,1.0,FSA e incentivo,1.3334398578573434,57684.60825090868,210147125.0,167,1,1715.0,1
2019,B1800547100000,A Turma Do Pererê.Doc,Ricardo Favilla,Documentário,Rio De Cinema,Cafeína Produções,O2 Play,RJ,RJ,15,473,4351.78,RJ,1.0,1,2010,0,20,0,1,estreante,media,0.0,1.0,0.0,1.0,só incentivo,1.3334398578573434,5802.83690462643,210147125.0,167,0,1715.0,0
2019,B1900366600000,A Vida Invisível,Karim Aïnouz,Ficção,Camisa Treze Cultural,Canal Brasil,Sony/Vitrine Filmes,SP,RJ,119,136419,2310810.24,SP,1.0,1,2010,4,0,5,0,estabelecida,nova,3.0,1.0,1.0,1.0,FSA e incentivo,1.3334398578573434,3081326.477960894,210147125.0,167,1,1715.0,1
2019,B1700222300000,Abaixo A Gravidade,Edgard Navarro,Ficção,Edgard Navarro/Truque,,Fênix Filmes,BA/BA,,15,851,11263.0,BA,1.0,0,2010,2,2,0,0,iniciante,nova,1.0,1.0,1.0,1.0,FSA e incentivo,1.3334398578573434,15018.533119047259,210147125.0,167,0,1715.0,0
2019,B1900198800000,Aconteceu Na Quarta-Feira (Doppelganger),Domingos De Oliveira,Ficção,Teatro Ilustre Produções Artísticas,,Forte Filmes,RJ,,1,130,2451.0,RJ,1.0,0,2010,10,3,7,0,veterana,nova,1.0,0.0,1.0,0.0,só FSA,1.3334398578573434,3268.2610916083486,210147125.0,167,0,1715.0,0
2019,B1900027100000,Ainda Temos A Imensidão Da Noite,Gustavo Galvão,Ficção,400 Filmes,Dezenove Som E Imagens,Pandora Filmes,DF,SP,15,600,4907.59,DF,1.0,1,2010,2,40,1,0,iniciante,media,1.0,0.0,1.0,0.0,só FSA,1.3334398578573434,6543.97611202212,210147125.0,167,0,1715.0,0
2019,B1900034500000,Alaska,Pedro Novaes,Ficção,Panaceia Filmes,Sertão Filmes/Mandra Filmes/Tnl Rental,Elo Company,GO,GO/GO/GO,22,2143,17500.0,GO,1.0,1,2010,0,42,0,1,estreante,media,1.0,0.0,1.0,0.0,só FSA,1.3334398578573434,23335.19751250351,210147125.0,167,0,1715.0,1
2019,B1900019800000,Albatroz,Daniel Augusto,Ficção,Loma Filmes,Globo Filmes/Xanadu/Telecine,Paris,SP,RJ/RJ/RJ,65,6387,112633.0,SP,1.0,1,2010,1,15,0,0,iniciante,pequena,1.0,1.0,1.0,1.0,FSA e incentivo,1.3334398578573434,150189.33151004615,210147125.0,167,1,1715.0,1
2019,B1700332800000,Alex Camera 10,Cauê Serur Pereira,Documentário,Ace Movie,,Moro Comunicação,PR,,13,358,4686.0,PR,1.0,0,2010,0,4,0,1,estreante,nova,0.0,0.0,0.0,0.0,sem fomento,1.3334398578573434,6248.499173919511,210147125.0,167,0,1715.0,0
2019,B1900314100000,Alma Imoral,Silvio Tendler,Documentário,Caliban Produções Cinematográficas,,Elo Company,RJ,,12,3143,54483.0,RJ,1.0,0,2010,5,42,4,0,estabelecida,media,0.0,1.0,0.0,1.0,só incentivo,1.3334398578573434,72649.80377564165,210147125.0,167,1,1715.0,1
2019,B1800459400000,Amazônia Groove,Bruno Murtinho,Documentário,Urca Filmes,Parioca Filmes/Bambu Filmes,Pagu Pictures,RJ,PA/RJ,12,1483,23661.0,RJ,1.0,1,2010,0,4,6,1,estreante,nova,1.0,1.0,1.0,1.0,FSA e incentivo,1.3334398578573434,31550.520476762602,210147125.0,167,0,1715.0,0
2019,B1800598100000,"Amazônia, O Despertar Da Florestania",Christiane Torloni/Miguel Przewodowski,Documentário,Christal,Globo Filmes/Canal Brasil,Descoloniza Filmes,RJ,RJ/RJ,18,3843,49989.0,RJ,1.0,1,2010,0,2,0,1,estreante,nova,0.0,1.0,0.0,1.0,só incentivo,1.3334398578573434,66657.32505443074,210147125.0,167,1,1715.0,1
2019,B1900347600000,Ambiente Familiar,Torquato Joel,Ficção,Extrato De Cinema,,Elo Company,PB,,24,728,6111.0,PB,1.0,0,2010,0,42,0,1,estreante,media,1.0,0.0,1.0,0.0,só FSA,1.3334398578573434,8148.650971366225,210147125.0,167,0,1715.0,0
2019,B1700602000000,Antártica Por Um Ano,Julia Martins,Documentário,3 Tabela Filmes,Mise En Cine,E.H. Produções,RJ,RJ,7,484,7712.0,RJ,1.0,1,2010,0,5,2,1,estreante,pequena,1.0,0.0,1.0,0.0,só FSA,1.3334398578573434,10283.488183795833,210147125.0,167,0,1715.0,0
2019,B1700513900000,Antônio Um Dois Três,Leonardo Mouramateus,Ficção,Praia A Noite Produções Cinematográficas,If You Hold A Stone,Olhar Distribuição,CE,RJ,8,768,8166.0,CE,1.0,1,2010,0,4,0,1,estreante,nova,0.0,0.0,0.0,0.0,sem fomento,1.3334398578573434,10888.869879263066,210147125.0,167,0,1715.0,0
2019,B1500843400000,Aspirantes,Ives Rosenfeld,Ficção,Crisis Produtivas,3T Filmes/Bubbles Project/Canal Brasil,Ciclorama Filmes,RJ,RJ/RJ/RJ,13,382,5223.0,RJ,1.0,1,2010,0,3,2,1,estreante,nova,1.0,0.0,1.0,0.0,só FSA,1.3334398578573434,6964.556377588905,210147125.0,167,0,1715.0,0
2019,B1800141000000,Azougue Nazaré,Tiago Melo,Ficção,Lucinda/Urânio Filmes,,Inquieta Cinema Cultura E Comunicação,PE/PE,,21,4881,41260.0,PE,1.0,0,2010,0,7,0,1,estreante,pequena,1.0,0.0,1.0,0.0,só FSA,1.3334398578573434,55017.728535193986,210147125.0,167,1,1715.0,1
2019,B1700259900000,B.O.,Daniel Belmonte/Pedro Cadore,Ficção,Belmonte Produções Artísticas,Canal Brasil,Raccord Produções,RJ,RJ,9,786,11535.0,RJ,1.0,1,2010,0,0,0,1,estreante,nova,0.0,0.0,0.0,0.0,sem fomento,1.3334398578573434,15381.228760384456,210147125.0,167,0,1715.0,0
2019,B1900232600000,Bacurau,Juliano Dornelles/Kleber Mendonça Filho,Ficção,Cinemascópio,Símio Filmes/Globo Filmes/Maiomidia Comunicação/Telecine/Canal Brasil,Vitrine Filmes,PE,PE/RJ/RJ/RJ/RJ,247,741977,11369008.85,PE,1.0,1,2010,0,114,4,1,estreante,grande,1.0,1.0,1.0,1.0,FSA e incentivo,1.3334398578573434,15159889.544922879,210147125.0,167,1,1715.0,1
2019,B1900498800000,Bate Coração,Glauber Filho,Ficção,Estação Luz Filmes,,Downtown,CE,,87,5864,94671.0,CE,1.0,0,2010,0,33,2,1,estreante,media,3.0,1.0,1.0,1.0,FSA e incentivo,1.3334398578573434,126238.08478321256,210147125.0,167,1,1715.0,1
2019,B1500711400000,Beatriz,Alberto Graça,Ficção,Mpc Filmes,Telecine,Anagrama Filmes,RJ,RJ,10,1217,16103.0,RJ,1.0,1,2010,1,0,3,0,iniciante,nova,2.0,1.0,1.0,1.0,FSA e incentivo,1.3334398578573434,21472.382031076802,210147125.0,167,0,1715.0,0
2019,B1700509000000,Bio,Carlos Gerbase,Ficção,Prana Filmes,Bunker Studios,Bretz Filmes,RS,RS,17,896,13374.0,RS,1.0,1,2010,5,4,2,0,estabelecida,nova,1.0,1.0,1.0,1.0,FSA e incentivo,1.3334398578573434,17833.42465898411,210147125.0,167,0,1715.0,0
2019,B1800213800000,Bixa Travesty,Claudia Priscilla/Kiko Goifman,Documentário,Válvula Produções,Paleo Tv/Canal Brasil,Arteplex,SP,SP/RJ,22,9532,62740.16,SP,1.0,1,2010,1,0,0,0,iniciante,nova,1.0,0.0,1.0,0.0,só FSA,1.3334398578573434,83660.23003234698,210147125.0,167,1,1715.0,1
2019,B1600569700000,Borrasca,Francisco Garcia,Ficção,Kinoosfera Filmes,,Fênix Filmes/Tucumán,SP,,8,309,4358.0,SP,1.0,0,2010,1,1,2,0,iniciante,nova,0.0,0.0,0.0,0.0,sem fomento,1.3334398578573434,5811.130900542303,210147125.0,167,0,1715.0,0
2019,B1900057300000,Caminhos Magnéticos,Edgar Pêra,Ficção,Persona Non Grata Pictures,,Esfera Produções,SP,,3,92,1082.0,SP,1.0,0,2010,0,1,0,1,estreante,nova,0.0,1.0,0.0,1.0,só incentivo,1.3334398578573434,1442.7819262016455,210147125.0,167,0,1715.0,0
2019,B1900511300000,Carcereiros - O Filme,José Eduardo Belmonte,Ficção,Globo Filmes,,Imagem,RJ,,546,193717,2629225.0,RJ,1.0,0,2010,7,59,18,0,veterana,media,0.0,0.0,0.0,0.0,sem fomento,1.3334398578573434,3505913.4102749736,210147125.0,167,1,1715.0,1
2019,B1900017500000,Carta Para Além Dos Muros,André Canto,Documentário,Canto Produções,,Descoloniza Filmes,SP,,14,3960,46415.0,SP,1.0,0,2010,0,2,0,1,estreante,nova,0.0,0.0,0.0,0.0,sem fomento,1.3334398578573434,61891.6110024486,210147125.0,167,1,1715.0,1
2019,B1800556100000,Chorar De Rir,Toniko Melo,Ficção,Coração Da Selva,Circular O Desejo Filmes/Toniko Melo,Warner,SP,SP/-,239,82715,1250625.0,SP,1.0,1,2010,1,39,4,0,iniciante,media,1.0,1.0,1.0,1.0,FSA e incentivo,1.3334398578573434,1667633.22223284,210147125.0,167,1,1715.0,1
2019,B1800515000000,Chuva É Cantoria Na Aldeia Dos Mortos,JoãO Salaviza/RenéE Nader Messora,Ficção,Entre Filmes,Material Bruto,Embaúba Filmes,MG,SP,30,3817,42927.0,MG,1.0,1,2010,0,1,1,1,estreante,nova,1.0,0.0,1.0,0.0,só FSA,1.3334398578573434,57240.57277824218,210147125.0,167,1,1715.0,1
2019,B1900048500000,Cinderela Pop,Bruno Garotti,Ficção,Panorâmica,,Disney/Vitrine Filmes,RJ,,465,476786,6435263.0,RJ,1.0,0,2010,2,0,1,0,iniciante,nova,1.0,1.0,1.0,1.0,FSA e incentivo,1.3334398578573434,8581036.179994622,210147125.0,167,1,1715.0,1
2019,B1800441300000,Cine Holliúdy 2 - A Chibata Sideral,Halder Gomes,Ficção,Atc Entretenimentos,Glaz Entretenimento/Globo Filmes/Maiomidia Comunicação/Telecine,Downtown,CE,RJ/RJ/RJ/RJ,121,169970,2479403.0,CE,1.0,1,2010,3,33,2,0,estabelecida,media,1.0,1.0,1.0,1.0,FSA e incentivo,1.3334398578573434,3306134.7838910706,210147125.0,167,1,1715.0,1
2019,B1700435100000,Cine São Paulo,Felipe Tomazelli/Ricardo Martensen,Documentário,Trilha Midia,,Taturana,SP,,4,438,3253.0,SP,1.0,0,2010,0,4,0,1,estreante,nova,0.0,1.0,0.0,1.0,só incentivo,1.3334398578573434,4337.679857609938,210147125.0,167,0,1715.0,0
2019,B1900179600000,De Peito Aberto,Graziela Mantoanelli,Documentário,Deusdará Filmes,,Pagu Pictures,SP,,22,1158,18398.0,SP,1.0,0,2010,0,4,0,1,estreante,nova,0.0,0.0,0.0,0.0,sem fomento,1.3334398578573434,24532.626504859403,210147125.0,167,0,1715.0,0
2019,B1900104200000,De Pernas Pro Ar 3,Júlia Rezende,Ficção,Morena Filmes,Globo Filmes/Maiomidia Comunicação,Downtown/Paris,RJ,RJ/RJ,1070,1838586,28475029.3,RJ,1.0,1,2010,5,89,11,0,estabelecida,grande,0.0,1.0,0.0,1.0,só incentivo,1.3334398578573434,37969739.02227569,210147125.0,167,1,1715.0,1
2019,B1800135100000,Depois Do Fim,Alvaro De Carvalho Neto,Documentário,Milímmetros,,Lança Filmes,RS,,2,584,6202.0,RS,1.0,0,2010,0,9,1,1,estreante,pequena,0.0,0.0,0.0,0.0,sem fomento,1.3334398578573434,8269.993998431244,210147125.0,167,0,1715.0,0
2019,B1800411600000,Deslembro,Flavia Castro,Ficção,Videofilmes,Flauk Filmes/Globo Filmes/Tacacá Filmes/Xanadu/Canal Brasil/Imovision/Telecine,Imovision,RJ,RJ/RJ/RJ/RJ/RJ/SP/RJ,30,16500,250186.0,RJ,1.0,1,2010,1,61,32,0,iniciante,grande,1.0,1.0,1.0,1.0,FSA e incentivo,1.3334398578573434,333607.98427789734,210147125.0,167,1,1715.0,1
2019,B1700490400000,Diante Dos Meus Olhos,André Félix,Documentário,Pique-Bandeira Filmes,André Félix/Clareia Produções/Murilo Sodre De Abreu,Pique-Bandeira Filmes,ES,-/SP/ES,4,157,1379.0,ES,1.0,1,2010,0,2,1,1,estreante,nova,0.0,0.0,0.0,0.0,sem fomento,1.3334398578573434,1838.8135639852767,210147125.0,167,0,1715.0,0
2019,B1700596400000,Dias Vazios,Robney Bruno De Almeida,Ficção,Flo - Produção De Imagens,,Olhar Distribuição,GO,,21,1456,16511.0,GO,1.0,0,2010,0,4,0,1,estreante,nova,1.0,1.0,1.0,1.0,FSA e incentivo,1.3334398578573434,22016.425493082595,210147125.0,167,0,1715.0,0
2019,B1900386800000,Divaldo – O Mensageiro Da Paz,Clovis Mello,Ficção,Estação Luz Filmes,Cine,Disney,CE,SP,373,430704,6807617.0,CE,1.0,1,2010,1,12,2,0,iniciante,pequena,0.0,1.0,0.0,1.0,só incentivo,1.3334398578573434,9077547.844827235,210147125.0,167,1,1715.0,1
2019,B1900232700000,Divino Amor,Gabriel Mascaro,Ficção,Desvia,Globo Filmes/Xanadu/Canal Brasil,Vitrine Filmes,PE,RJ/RJ/RJ,41,35781,446201.0,PE,1.0,1,2010,5,114,4,0,estabelecida,grande,4.0,1.0,1.0,1.0,FSA e incentivo,1.3334398578573434,594982.1980158045,210147125.0,167,1,1715.0,1
2019,B1900357900000,Diz A Ela Que Me Viu Chorar,Maíra Bühler,Documentário,Klaxon Cultura Audiovisual,África Filmes/Canal Brasil,Vitrine Filmes,SP,SP/RJ,18,1985,14140.0,SP,1.0,1,2010,0,114,1,1,estreante,grande,2.0,0.0,1.0,0.0,só FSA,1.3334398578573434,18854.839590102834,210147125.0,167,0,1715.0,1
2019,B1800504800000,Diários De Classe,Igor Souza/Maria Carolina Da Silva,Documentário,Lanterninha Produções,,Elo Company,BA,,22,1907,16559.0,BA,1.0,0,2010,0,42,0,1,estreante,media,0.0,0.0,0.0,0.0,sem fomento,1.3334398578573434,22080.43060625975,210147125.0,167,0,1715.0,1
2019,B1800502000000,Domingo,Clara Linhart/Fellipe Gamarano Barbosa,Ficção,Globo Filmes,Gamarosa/República Pureza Filmes/Canal Brasil/Maiomidia Comunicação,Arthouse,RJ,RJ/RJ/RJ/RJ,15,2684,33607.0,RJ,1.0,1,2010,0,18,18,1,estreante,pequena,1.0,1.0,1.0,1.0,FSA e incentivo,1.3334398578573434,44812.91330301174,210147125.0,167,0,1715.0,1
2019,B1800115900000,El Hombre Que Cuida,Alejandro Andújar,Ficção,Tempero Filmes,,Esfera Produções,MG,,11,491,6906.0,MG,1.0,0,2010,0,1,1,1,estreante,nova,1.0,0.0,1.0,0.0,só FSA,1.3334398578573434,9208.735658362813,210147125.0,167,0,1715.0,0
2019,B1900442300000,"Ela Disse, Ele Disse",Cláudia Castro,Ficção,Filmes Do Equador,Globo Filmes/Rsmts Empreendimentos E Participações,Imagem,RJ,RJ/RJ,459,244984,3457573.0,RJ,1.0,1,2010,0,59,14,1,estreante,media,0.0,1.0,0.0,1.0,só incentivo,1.3334398578573434,4610465.649651389,210147125.0,167,1,1715.0,1
2019,B1800421800000,Elegia De Um Crime,Cristiano Burlan,Documentário,Bela Filmes,Punta Colorada De Cinema,Vitrine Filmes,SP,SP,12,876,7343.0,SP,1.0,1,2010,5,114,5,0,estabelecida,grande,1.0,1.0,1.0,1.0,FSA e incentivo,1.3334398578573434,9791.448876246473,210147125.0,167,0,1715.0,0
2019,B1800547000000,Eleições,Alice Riff,Documentário,Studio Riff,Paideia Filmes,Olhar Distribuição,SP,SP,14,2675,22088.0,SP,1.0,1,2010,1,4,1,0,iniciante,nova,0.0,1.0,0.0,1.0,só incentivo,1.3334398578573434,29453.019580353,210147125.0,167,0,1715.0,1
2019,B1900350700000,Espero Tua (Re)Volta,Eliza Capai,Documentário,Tva2 Produções,Globo Filmes,Taturana,RJ,RJ,8,2834,19738.0,RJ,1.0,1,2010,1,4,1,0,iniciante,nova,2.0,1.0,1.0,1.0,FSA e incentivo,1.3334398578573434,26319.435914388243,210147125.0,167,1,1715.0,1
2019,B1900093600000,Estou Me Guardando Para Quando O Carnaval Chegar,Marcelo Gomes,Documentário,Rec Produtores Associados,Carnaval Filmes/Misti Filmes,Vitrine Filmes,PE,PE/SP,25,10596,82490.0,PE,1.0,1,2010,3,114,6,0,estabelecida,grande,1.0,0.0,1.0,0.0,só FSA,1.3334398578573434,109995.45387465226,210147125.0,167,1,1715.0,1
2019,B1900448700000,Eu Sinto Muito,Cristiano Vieira,Ficção,Stud10 Filmes,,Elo Company,DF,,32,2860,27359.0,DF,1.0,0,2010,0,42,0,1,estreante,media,0.0,1.0,0.0,1.0,só incentivo,1.3334398578573434,36481.58107111906,210147125.0,167,1,1715.0,1
2019,B1900233000000,Eu Sou Brasileiro,Alessandro Barros,Ficção,Globo Cine,Paisagem Filmes,Elo Company,SP,RJ,29,1512,14194.0,SP,1.0,1,2010,0,42,0,1,estreante,media,0.0,1.0,0.0,1.0,só incentivo,1.3334398578573434,18926.845342427132,210147125.0,167,0,1715.0,0
2019,B1900019000000,Eu Sou Mais Eu,Pedro Amorim,Ficção,Damasco Filmes,,Imagem,SP,,534,126718,1704761.0,SP,1.0,0,2010,3,59,2,0,estabelecida,media,1.0,1.0,1.0,1.0,FSA e incentivo,1.3334398578573434,2273196.2655207426,210147125.0,167,1,1715.0,1
2019,B1800234700000,Fernando,Igor Angelkorte/Julia Ariani/Paula Vilela,Documentário,Filmes De Bolso,,Olhar Distribuição,RJ,,7,351,4420.0,RJ,1.0,0,2010,0,4,0,1,estreante,nova,0.0,0.0,0.0,0.0,sem fomento,1.3334398578573434,5893.804171729458,210147125.0,167,0,1715.0,0
2019,B1700598000000,Fevereiros,Marcio Debellian,Documentário,Debê Produções,Globo Filmes/Canal Brasil,Arthouse,RJ,RJ/RJ,20,18198,237905.0,RJ,1.0,1,2010,1,18,0,0,iniciante,pequena,0.0,2.0,0.0,1.0,só incentivo,1.3334398578573434,317232.0093835513,210147125.0,167,1,1715.0,1
2019,B1900612000000,Filhos Do Pai Eterno,Emilio Gallo,Documentário,Bronze Filmes Produtora,,Imagem,SC,,5,16,278.0,SC,1.0,0,2010,0,59,0,1,estreante,media,1.0,0.0,1.0,0.0,só FSA,1.3334398578573434,370.69628048434146,210147125.0,167,0,1715.0,0
2019,B1700541700000,Foro Íntimo,Ricardo Mehedff,Ficção,Vfilmes,Hungry Man,Embaúba Filmes,MG,RJ,7,559,7178.0,MG,1.0,1,2010,0,1,0,1,estreante,nova,0.0,0.0,0.0,0.0,sem fomento,1.3334398578573434,9571.43129970001,210147125.0,167,0,1715.0,0
2019,B1800335300000,Frans Krajcberg: Manifesto,Regina Jehá,Documentário,Lauper,,Lauper,SP,,8,1715,17690.0,SP,1.0,0,2010,1,1,0,0,iniciante,nova,1.0,1.0,1.0,1.0,FSA e incentivo,1.3334398578573434,23588.551085496405,210147125.0,167,0,1715.0,0
2019,B1402255700000,Galaxias,Fabiano Maciel,Documentário,República Pureza Filmes,Canal Brasil/Fogo Cerrado Imagens E Serviços,Gávea Filmes E Produções,RJ,RJ/DF,1,47,288.0,RJ,1.0,1,2010,1,4,6,0,iniciante,nova,1.0,1.0,1.0,1.0,FSA e incentivo,1.3334398578573434,384.0306790629149,210147125.0,167,0,1715.0,0
2019,B1900172900000,Greta,Armando Praça,Ficção,Segredo Filmes,Carnaval Filmes/Moçambique Audiovisual,Pandora Filmes,CE,PE/CE,23,8038,101522.0,CE,1.0,1,2010,0,40,0,1,estreante,media,2.0,0.0,1.0,0.0,só FSA,1.3334398578573434,135373.48124939323,210147125.0,167,1,1715.0,1
2019,B1700571300000,Happy Hour,Eduardo Albergaria,Ficção,Urca Filmes,Telecine/Imovision,Imovision,RJ,RJ/SP,29,3049,47688.0,RJ,1.0,1,2010,0,61,6,1,estreante,grande,2.0,2.0,1.0,1.0,FSA e incentivo,1.3334398578573434,63589.07994150099,210147125.0,167,1,1715.0,1
2019,B1900398400000,Hebe - A Estrela Do Brasil,Maurício Farias,Ficção,Loma Filmes,Fox Film Do Brasil/Globo Filmes/Xanadu,Warner,SP,SP/RJ/RJ,380,117058,1986774.0,SP,1.0,1,2010,5,39,0,0,estabelecida,media,0.0,1.0,0.0,1.0,só incentivo,1.3334398578573434,2649243.640154666,210147125.0,167,1,1715.0,1
2019,B1800214000000,Histórias Estranhas,Claudio Ellovitch/Filipe Ferreira/Kapel Furman/Marcos Debrito/Paulo Biscaia Filho/Ricardo Ghiorzi/Rodrigo Brandão/Taísa Ennes Marques,Ficção,Procine,,Elo Company,RS,,23,780,7970.0,RS,1.0,0,2010,0,42,0,1,estreante,media,0.0,0.0,0.0,0.0,sem fomento,1.3334398578573434,10627.515667123027,210147125.0,167,0,1715.0,0
2019,B1600660100000,Homem Livre,Alvaro Furloni,Ficção,Segunda-Feira Filmes,Vatapá Produções,Olhar Distribuição,RJ,RJ,13,1411,14378.0,RJ,1.0,1,2010,0,4,0,1,estreante,nova,0.0,0.0,0.0,0.0,sem fomento,1.3334398578573434,19172.198276272884,210147125.0,167,0,1715.0,0
2019,B1800418000000,Horácio,Mathias Mangin,Ficção,Igloo Filmes,,O2 Play,SP,,17,1211,17273.0,SP,1.0,0,2010,0,20,0,1,estreante,media,0.0,0.0,0.0,0.0,sem fomento,1.3334398578573434,23032.50666476989,210147125.0,167,0,1715.0,0
2019,B1800474200000,Humberto Mauro,André Di Mauro,Documentário,Dimauro Filmes,Canal Brasil,Dimauro Filmes,RJ,RJ,4,280,3270.53,RJ,1.0,1,2010,0,0,0,1,estreante,nova,0.0,1.0,0.0,1.0,só incentivo,1.3334398578573434,4361.0550583181775,210147125.0,167,0,1715.0,0
2019,B1800362300000,Inezita,Hélio Goldsztejn,Documentário,Tv Cultura,,Cultura,SP,,6,873,14982.0,SP,1.0,0,2010,2,2,5,0,iniciante,nova,0.0,0.0,0.0,0.0,sem fomento,1.3334398578573434,19977.59595041872,210147125.0,167,0,1715.0,0
2019,B1800168300000,Inferninho,Guto Parente/Pedro Diógenes,Ficção,Marrevolto,Grupo Bagaceira De Teatro/Tardo Filmes,Embaúba Filmes,CE,CE/CE,23,3778,40343.0,CE,1.0,1,2010,0,1,0,1,estreante,nova,1.0,0.0,1.0,0.0,só FSA,1.3334398578573434,53794.9641855388,210147125.0,167,1,1715.0,1
2019,B1600625500000,Intruso,Paulo Fontenelle,Ficção,Canal Imaginário,,Pipa Produções,RJ,,12,4123,33932.0,RJ,1.0,0,2010,4,15,1,0,estabelecida,pequena,0.0,0.0,0.0,0.0,sem fomento,1.3334398578573434,45246.281256815375,210147125.0,167,1,1715.0,1
2019,B1900605200000,"Jorge, O Padroeiro Guerreiro",Emilio Gallo,Documentário,Bronze Filmes Produtora,,Imagem,SC,,5,44,741.0,SC,1.0,0,2010,0,59,0,1,estreante,media,1.0,0.0,1.0,0.0,só FSA,1.3334398578573434,988.0789346722914,210147125.0,167,0,1715.0,0
2019,B1900092000000,Jorginho Guinle - Só Se Vive Uma Vez,Otávio Escobar,Documentário,Prodigital,,Pandora Filmes,RJ,,4,966,17397.0,RJ,1.0,0,2010,0,40,0,1,estreante,media,0.0,1.0,0.0,1.0,só incentivo,1.3334398578573434,23197.853207144202,210147125.0,167,0,1715.0,0
2019,B1600116700000,Jovens Infelizes Ou Um Homem Que Grita Não É Um Urso Que Dança,Thiago Mendonça,Ficção,Memória Viva,,Embaúba Filmes,SP,,1,238,2344.0,SP,1.0,0,2010,0,1,0,1,estreante,nova,0.0,0.0,0.0,0.0,sem fomento,1.3334398578573434,3125.583026817613,210147125.0,167,0,1715.0,0
2019,B1900157600000,Kardec,Wagner De Assis,Ficção,Conspiração Filmes,,Sony,RJ,,500,749256,11849901.0,RJ,1.0,0,2010,2,19,25,0,iniciante,pequena,2.0,1.0,1.0,1.0,FSA e incentivo,1.3334398578573434,15801130.305063592,210147125.0,167,1,1715.0,1
2019,B1800374500000,La Cama,Mónica Lairana,Ficção,3 Moinhos Produções,,Livres Filmes,RJ,,16,2068,28833.0,RJ,1.0,0,2010,0,16,0,1,estreante,pequena,1.0,0.0,1.0,0.0,só FSA,1.3334398578573434,38447.071421600784,210147125.0,167,0,1715.0,1
2019,B1700028400000,Las Ineses,Pablo Jose Meza,Ficção,Cubo Filmes,,Okna Produções,RS,,10,897,10802.0,RS,1.0,0,2010,0,3,0,1,estreante,nova,1.0,0.0,1.0,0.0,só FSA,1.3334398578573434,14403.817344575024,210147125.0,167,0,1715.0,0
2019,B1800491800000,Legalidade,Zeca Brito,Ficção,Prana Filmes,,Boulevard Filmes,RS,,37,15993,223306.0,RS,1.0,0,2010,2,9,2,0,iniciante,pequena,2.0,1.0,1.0,1.0,FSA e incentivo,1.3334398578573434,297765.12089869194,210147125.0,167,1,1715.0,1
2019,B1800152800000,Lembro Mais Dos Corvos,Gustavo Vinagre,Documentário,Carneiro Verde Filmes,,Vitrine Filmes,SP,,22,1996,12121.0,SP,1.0,0,2010,0,114,0,1,estreante,grande,0.0,0.0,0.0,0.0,sem fomento,1.3334398578573434,16162.62451708886,210147125.0,167,0,1715.0,1
2019,B1600677900000,Leste Oeste,Rodrigo Souza Grota,Ficção,Kinopus,,Kinopus,PR,,11,366,4729.46,PR,1.0,0,2010,1,1,1,0,iniciante,nova,0.0,0.0,0.0,0.0,sem fomento,1.3334398578573434,6306.450470141992,210147125.0,167,0,1715.0,0
2019,B1900036000000,Liberdade É Uma Grande Palavra,Guillermo Rocamora,Documentário,Primo Filmes,,Elo Company,SP,,1,61,587.0,SP,1.0,0,2010,0,42,6,1,estreante,media,1.0,0.0,1.0,0.0,só FSA,1.3334398578573434,782.7291965622605,210147125.0,167,0,1715.0,0
2019,B1800445500000,Los Silencios,Beatriz Seigner,Ficção,Miríade Filmes,Enquadramento Produções/Canal Brasil,Vitrine Filmes,SP,SP/RJ,24,10076,138401.0,SP,1.0,1,2010,1,114,1,0,iniciante,grande,1.0,1.0,1.0,1.0,FSA e incentivo,1.3334398578573434,184549.40976731418,210147125.0,167,1,1715.0,1
2019,B1800287700000,Luna,Cris Azzi,Ficção,Delícia Filmes,,Cineart Filmes,MG,,14,1018,12400.0,MG,1.0,0,2010,0,1,0,1,estreante,nova,2.0,0.0,1.0,0.0,só FSA,1.3334398578573434,16534.65423743106,210147125.0,167,0,1715.0,0
2019,B1700170200000,Mal Nosso,Samuel Galli,Ficção,Kauzare Filmes,,O2 Play,SP,,17,2333,40570.0,SP,1.0,0,2010,0,20,0,1,estreante,media,0.0,0.0,0.0,0.0,sem fomento,1.3334398578573434,54097.65503327242,210147125.0,167,0,1715.0,1
2019,B1800505900000,Marcia Haydée,Daniela Kallmann,Documentário,Indiana Produções,Buddhi Produções/Globo Filmes,Anagrama Filmes,RJ,RJ/RJ,18,1420,23681.0,RJ,1.0,1,2010,0,0,2,1,estreante,nova,1.0,1.0,1.0,1.0,FSA e incentivo,1.3334398578573434,31577.18927391975,210147125.0,167,0,1715.0,0
2019,B1900075800000,Maria Do Caritó,João Paulo Jabur,Ficção,Eh! Filmes,Globo Filmes/Xanadu/Arafoto,Imagem,RJ,RJ/RJ/RJ,226,40922,639161.0,RJ,1.0,1,2010,0,59,3,1,estreante,media,1.0,1.0,1.0,1.0,FSA e incentivo,1.3334398578573434,852282.7529879574,210147125.0,167,1,1715.0,1
2019,B1900363600000,Marés,João Paulo Procópio,Ficção,Pavirada Filmes,,Elo Company,DF,,22,660,4632.0,DF,1.0,0,2010,0,42,1,1,estreante,media,1.0,0.0,1.0,0.0,só FSA,1.3334398578573434,6176.493421595214,210147125.0,167,0,1715.0,0
2019,B1800603500000,Meu Amigo Fela,Joel Zito Araújo,Documentário,Casa De Criação Cinema,,O2 Play,RJ,,23,2584,36804.0,RJ,1.0,0,2010,3,20,2,0,estabelecida,media,1.0,1.0,1.0,1.0,FSA e incentivo,1.3334398578573434,49075.920528581664,210147125.0,167,0,1715.0,1
2019,B1700479800000,Meu Mundial,Carlos Morelli,Ficção,Panda Filmes,,Bretz Filmes,RS,,14,415,6388.0,RS,1.0,0,2010,0,4,7,1,estreante,nova,1.0,0.0,1.0,0.0,só FSA,1.3334398578573434,8518.01381199271,210147125.0,167,0,1715.0,0
2019,B1800517200000,Meu Nome É Daniel,Daniel Gonçalves,Documentário,Seufilme/Tv Zero Cinema,,Olhar Distribuição,RJ/RJ,,21,1429,14589.0,RJ,1.0,0,2010,0,4,0,1,estreante,nova,1.0,1.0,1.0,1.0,FSA e incentivo,1.3334398578573434,19453.554086280783,210147125.0,167,0,1715.0,0
2019,B1900040000000,Milagre,Mauro Ventura,Documentário,Ivin Films,,Ivin Films,RJ,,11,1189,21474.0,RJ,1.0,0,2010,1,1,1,0,iniciante,nova,0.0,0.0,0.0,0.0,sem fomento,1.3334398578573434,28634.287507628593,210147125.0,167,0,1715.0,0
2019,B1700600100000,Minha Fama De Mau,Lui Farias,Ficção,Lmc Produções Artísticas,Globo Filmes/Indiana Produções/Telecine,Downtown,RJ,RJ/RJ/RJ,212,110857,1794357.0,RJ,1.0,1,2010,1,33,0,0,iniciante,media,1.0,1.0,1.0,1.0,FSA e incentivo,1.3334398578573434,2392667.1430253293,210147125.0,167,1,1715.0,1
2019,B1900576900000,Minha Mãe É Uma Peça 3,Susana Garcia,Ficção,Migdal Filmes,Tribeca Produções/Globo Filmes/Telecine,Downtown/Paris,RJ,RJ/RJ/RJ,1910,10979552,169916651.63,RJ,1.0,1,2010,1,89,7,0,iniciante,grande,0.0,1.0,0.0,1.0,só incentivo,1.3334398578573434,226573635.79710293,210147125.0,167,1,1715.0,1
2019,B1800204300000,Mormaço,Marina Meliande,Ficção,Duas Mariola Filmes,Enquadramento Produções,Vitrine Filmes,RJ,SP,17,2959,35123.0,RJ,1.0,1,2010,0,114,6,1,estreante,grande,1.0,0.0,1.0,0.0,só FSA,1.3334398578573434,46834.40812752347,210147125.0,167,1,1715.0,1
2019,B1800405900000,Morto Não Fala,Dennison Ramalho,Ficção,Casa De Cinema De Porto Alegre,Globo Filmes/Canal Brasil/Guel Produtora,Pagu Pictures,RS,RJ/RJ/RJ,80,26626,421384.0,RS,1.0,1,2010,0,4,13,1,estreante,nova,0.0,1.0,0.0,1.0,só incentivo,1.3334398578573434,561890.2210633588,210147125.0,167,1,1715.0,1
2019,B1900013000000,Muleque Té Doido! - Mais Doido Ainda,Erlanes Duarte,Ficção,Raça Ruim Filmes,,Raça Ruim Filmes,MA,,12,12471,170706.0,MA,1.0,0,2010,1,0,0,0,iniciante,nova,0.0,0.0,0.0,0.0,sem fomento,1.3334398578573434,227626.18437539568,210147125.0,167,1,1715.0,1
2019,B1900063700000,"Mussum, Um Filme Do Cacildis",Susanna Lira,Documentário,Modo Operante Produções,Globo Filmes/Canal Brasil,Elo Company,RJ,RJ/RJ,29,2388,22916.0,RJ,1.0,1,2010,2,42,3,0,iniciante,media,1.0,1.0,1.0,1.0,FSA e incentivo,1.3334398578573434,30557.10778265888,210147125.0,167,0,1715.0,1
2019,B1700411300000,Música Para Quando As Luzes Se Apagam,Ismael Caneppele,Documentário,Zeppelin Filmes,Besouro Filmes,Arthouse,RS,RS,1,269,3659.4,RS,1.0,1,2010,0,18,1,1,estreante,pequena,1.0,0.0,1.0,0.0,só FSA,1.3334398578573434,4879.589815843163,210147125.0,167,0,1715.0,0
2019,B1900354300000,Nada A Perder 2,Alexandre Avancini,Ficção,Record Entretenimento,,Downtown/Paris,SP,,1028,6189465,59750402.0,SP,1.0,0,2010,2,89,1,0,iniciante,grande,0.0,0.0,0.0,0.0,sem fomento,1.3334398578573434,79673567.54979913,210147125.0,167,1,1715.0,1
2019,B1700610400000,Neville D'Almeida - Cronista Da Beleza E Do Caos,Mario Abbade,Documentário,Abbade Entretenimento,Cavideo Produções/Canal Brasil,Fênix Filmes/Tucumán,RJ,RJ/RJ,10,530,6436.0,RJ,1.0,1,2010,0,1,0,1,estreante,nova,0.0,0.0,0.0,0.0,sem fomento,1.3334398578573434,8582.018925169863,210147125.0,167,0,1715.0,0
2019,B1900307100000,No Coração Do Mundo,Gabriel Martins/Maurilio Martins,Ficção,Filmes De Plástico,Canal Brasil,Embaúba Filmes,MG,RJ,24,444,5655.0,MG,1.0,1,2010,0,1,1,1,estreante,nova,1.0,1.0,1.0,1.0,FSA e incentivo,1.3334398578573434,7540.602396183277,210147125.0,167,0,1715.0,0
2019,B1900245100000,Novas Espécies - A Expedição Do Século,Mauricio Dias,Documentário,Grifa Filmes,Filmland Internacional/Globo Filmes,Elo Company,SP,SP/RJ,3,115,2118.0,SP,1.0,1,2010,0,42,1,1,estreante,media,0.0,1.0,0.0,1.0,só incentivo,1.3334398578573434,2824.2256189418536,210147125.0,167,0,1715.0,0
2019,B1900212400000,O Amigo Do Rei,André D'Elia,Documentário,Cinedelia Produções Artisticas,,O2 Play,SP,,18,1654,18921.0,SP,1.0,0,2010,2,20,0,0,iniciante,media,0.0,0.0,0.0,0.0,sem fomento,1.3334398578573434,25230.015550518794,210147125.0,167,0,1715.0,0
2019,B1800029400000,O Amor Dá Trabalho,Ale Mchaddo,Ficção,44 Filmes,Globo Filmes/Telecine/Maiomidia Comunicação,Downtown,SP,RJ/RJ/RJ,111,58691,912492.0,SP,1.0,1,2010,1,33,0,0,iniciante,media,1.0,1.0,1.0,1.0,FSA e incentivo,1.3334398578573434,1216753.2027759631,210147125.0,167,1,1715.0,1
2019,B1800150600000,O Chalé É Uma Ilha Batida De Vento E Chuva,Letícia Simões,Documentário,Matizar,,Bretz Filmes,RJ,,2,333,2701.0,RJ,1.0,0,2010,0,4,4,1,estreante,nova,1.0,0.0,1.0,0.0,só FSA,1.3334398578573434,3601.6210560726845,210147125.0,167,0,1715.0,0
2019,B1700104400000,O Clube Dos Canibais,Guto Parente,Ficção,Tardo Filmes,,Olhar Distribuição,CE,,17,1970,17548.0,CE,1.0,0,2010,1,4,2,0,iniciante,nova,1.0,0.0,1.0,0.0,só FSA,1.3334398578573434,23399.202625680664,210147125.0,167,0,1715.0,1
2019,B1900042200000,O Corpo É Nosso!,Theresa Jessouroun,Documentário,Kinofilmes,Globo Filmes/Afinal Filmes,O2 Play,RJ,RJ/RJ,19,1392,14314.0,RJ,1.0,1,2010,2,20,1,0,iniciante,media,1.0,1.0,1.0,1.0,FSA e incentivo,1.3334398578573434,19086.858125370014,210147125.0,167,0,1715.0,0
2019,B1900164800000,O Filho Do Homem,Alexandre Machafer,Ficção,Fundação Cesgranrio,,Elo Company,RJ,,28,1335,13808.0,RJ,1.0,0,2010,0,42,0,1,estreante,media,0.0,0.0,0.0,0.0,sem fomento,1.3334398578573434,18412.137557294198,210147125.0,167,0,1715.0,0
2019,B1900019900000,O Galã,Francisco Ramalho Jr.,Ficção,Ramalho Filmes,,H2O Films,SP,,26,2128,33887.0,SP,1.0,0,2010,1,18,2,0,iniciante,pequena,1.0,2.0,1.0,1.0,FSA e incentivo,1.3334398578573434,45186.2764632118,210147125.0,167,0,1715.0,1
2019,B1900210500000,O Incerto Lugar Do Desejo,Paula Trabulsi,Documentário,Asas,,Elo Company,SP,,2,1038,18979.0,SP,1.0,0,2010,1,42,1,0,iniciante,media,0.0,0.0,0.0,0.0,sem fomento,1.3334398578573434,25307.35506227452,210147125.0,167,0,1715.0,0
2019,B1800245900000,O Juízo,Andrucha Waddington,Ficção,Conspiração Filmes,Globo Filmes/Maiomidia Comunicação,Paris,RJ,RJ/RJ,100,11561,192240.0,RJ,1.0,1,2010,10,15,25,0,veterana,pequena,1.0,1.0,1.0,1.0,FSA e incentivo,1.3334398578573434,256340.4782744957,210147125.0,167,1,1715.0,1
2019,B1800029600000,O Olho E A Faca,Paulo Sacramento,Ficção,Olhos De Cão,Gullane/Tc Filmes,Califórnia,SP,SP/SP,17,1516,21078.0,SP,1.0,1,2010,2,13,6,0,iniciante,pequena,2.0,1.0,1.0,1.0,FSA e incentivo,1.3334398578573434,28106.245323917086,210147125.0,167,0,1715.0,0
2019,B1500851700000,O Verde Está Do Outro Lado,Daniel A. Rubio,Documentário,Lira Filmes,,Lira Filmes,SP,,13,537,6467.0,SP,1.0,0,2010,0,1,0,1,estreante,nova,0.0,0.0,0.0,0.0,sem fomento,1.3334398578573434,8623.35556076344,210147125.0,167,0,1715.0,0
2019,B1600714000000,O Último Trago,Luiz Pretti/Pedro Diógenes/Ricardo Pretti,Ficção,Marrevolto,Bananeira Filmes,Lume Produções Cinematográficas,CE,RJ,11,476,5089.0,CE,1.0,1,2010,1,11,0,0,iniciante,pequena,2.0,0.0,1.0,0.0,só FSA,1.3334398578573434,6785.875436636021,210147125.0,167,0,1715.0,0
2019,B1800235200000,Onde Quer Que Você Esteja,Bel Bechara/Sandro Serpa,Ficção,Macondo Filmes,,Boulevard Filmes,SP,,11,514,7186.0,SP,1.0,0,2010,0,9,0,1,estreante,pequena,1.0,0.0,1.0,0.0,só FSA,1.3334398578573434,9582.09881856287,210147125.0,167,0,1715.0,0
2019,B1700497900000,Organismo,Jeorge Pereira,Ficção,Inquieta Cinema Cultura E Comunicação,Jeorge Pereira/Sunset Entretenimento,Inquieta Cinema Cultura E Comunicação,PE,PE/PE,13,2112,22418.0,PE,1.0,1,2010,0,7,0,1,estreante,pequena,1.0,0.0,1.0,0.0,só FSA,1.3334398578573434,29893.054733445926,210147125.0,167,0,1715.0,1
2019,B1900108800000,Os Jovens Baumann,Bruna Carvalho Almeida,Ficção,Punta Colorada De Cinema,Bruna Carvalho Almeida/Sancho Filmes,Vitrine Filmes,SP,SP/SP,20,1783,12026.0,SP,1.0,1,2010,0,114,1,1,estreante,grande,1.0,0.0,1.0,0.0,só FSA,1.3334398578573434,16035.947730592412,210147125.0,167,0,1715.0,1
2019,B1900487100000,Os Parças 2,Cris D'Amato,Ficção,Formata Produções E Conteúdo,,Paris,SP,,551,1312143,18602478.29,SP,1.0,0,2010,5,15,1,0,estabelecida,pequena,2.0,1.0,1.0,1.0,FSA e incentivo,1.3334398578573434,24805286.006811917,210147125.0,167,1,1715.0,1
2019,B1800321600000,Os Principes,Luiz Rosemberg Filho,Ficção,Cavideo Produções,Canal Brasil/Acalante Produções/Cafeína Produções,Cavideo Produções,RJ,RJ/RJ/RJ,1,150,2575.0,RJ,1.0,1,2010,2,5,11,0,iniciante,pequena,0.0,0.0,0.0,0.0,sem fomento,1.3334398578573434,3433.6076339826595,210147125.0,167,0,1715.0,0
2019,B1900579700000,Padroeiros Oficiais Do Brasil,Emilio Gallo,Documentário,Bronze Filmes Produtora,,Imagem,SC,,4,11,223.0,SC,1.0,0,2010,0,59,0,1,estreante,media,1.0,0.0,1.0,0.0,só FSA,1.3334398578573434,297.3570883021876,210147125.0,167,0,1715.0,0
2019,B1800550200000,Palace Ii - 3 Quartos Com Vista Para O Mar,Gabriel Correa E Castro/Rafael Machado,Documentário,Globo Filmes,Viralata Produções/Urca Filmes,Pagu Pictures,RJ,RJ/RJ,3,290,5744.0,RJ,1.0,1,2010,0,4,18,1,estreante,nova,0.0,1.0,0.0,1.0,só incentivo,1.3334398578573434,7659.27854353258,210147125.0,167,0,1715.0,0
2019,B1700316600000,Pastor Cláudio,Beth Formaggini,Documentário,4 Ventos Comunicação,,Arthouse,RJ,,10,2287,26411.0,RJ,1.0,0,2010,2,18,3,0,iniciante,pequena,0.0,0.0,0.0,0.0,sem fomento,1.3334398578573434,35217.480085870295,210147125.0,167,0,1715.0,1
2019,B1900444100000,Paulo De Tarso E A História Do Cristianismo Primitivo,André Marouço,Documentário,Mar Revolto Produções,Estação Luz Filmes,A2 Filmes,SP,CE,15,4254,73525.0,SP,1.0,1,2010,2,0,1,0,iniciante,nova,0.0,0.0,0.0,0.0,sem fomento,1.3334398578573434,98041.16554896117,210147125.0,167,1,1715.0,1
2019,B1800187200000,Raiva,Sérgio Tréfaut,Ficção,Refinaria Filmes,,Pandora Filmes,RJ,,20,2675,34433.0,RJ,1.0,0,2010,0,40,2,1,estreante,media,1.0,1.0,1.0,1.0,FSA e incentivo,1.3334398578573434,45914.33462560191,210147125.0,167,0,1715.0,1
2019,B1900507000000,Recife Assombrado - Filme,Adriano Portela,Ficção,Viu Cine,,Elo Company,PE,,12,5812,53174.0,PE,1.0,0,2010,0,42,0,1,estreante,media,2.0,0.0,1.0,0.0,só FSA,1.3334398578573434,70904.33100170638,210147125.0,167,1,1715.0,1
2019,B1900253800000,Relatos Do Front,Renato Martins,Documentário,Jacqueline Filmes,Globo Filmes/Canal Brasil/Syndrome Films,Arthouse,RJ,RJ/RJ/RJ,12,740,10253.0,RJ,1.0,1,2010,0,18,0,1,estreante,pequena,0.0,1.0,0.0,1.0,só incentivo,1.3334398578573434,13671.758862611343,210147125.0,167,0,1715.0,0
2019,B1800556200000,Rindo À Toa,Alê Braga/Álvaro Campos/Cláudio Manoel,Documentário,2 Moleques Produções,Globo Filmes/Canal Brasil,Bretz Filmes,RJ,RJ/RJ,10,63,956.0,RJ,1.0,1,2010,0,4,1,1,estreante,nova,0.0,1.0,0.0,1.0,só incentivo,1.3334398578573434,1274.7685041116204,210147125.0,167,0,1715.0,0
2019,B1800517000000,Rogéria - Senhor Astolfo Barrozo Pinto,Pedro Gui,Documentário,Rodafilmes,Brisa Filmes,Pagu Pictures,RJ,RJ,13,1055,15163.0,RJ,1.0,1,2010,0,4,0,1,estreante,nova,0.0,1.0,0.0,1.0,só incentivo,1.3334398578573434,20218.948564690898,210147125.0,167,0,1715.0,0
2019,B1900031700000,"Sai De Baixo, O Filme",Cris D'Amato,Ficção,Lereby,Imagem Filmes/Globo Filmes/Amapola Produções Artísticas,Imagem,RJ,SC/RJ/RJ,704,469143,6925410.0,RJ,1.0,1,2010,5,59,9,0,estabelecida,media,0.0,1.0,0.0,1.0,só incentivo,1.3334398578573434,9234617.726003824,210147125.0,167,1,1715.0,1
2019,B1900147200000,Santos De Todos Os Gols,Lina Chamie,Documentário,Canal Azul,,Elo Company,SP,,23,3519,23578.0,SP,1.0,0,2010,5,42,9,0,estabelecida,media,0.0,1.0,0.0,1.0,só incentivo,1.3334398578573434,31439.844968560443,210147125.0,167,1,1715.0,1
2019,B1800098700000,Simonal,Leonardo Domingues,Ficção,Pontos De Fuga,Globo Filmes/Maiomidia Comunicação/Forte Filmes,Downtown,RJ,RJ/RJ/RJ,93,65629,1190012.0,RJ,1.0,1,2010,0,33,0,1,estreante,media,1.0,1.0,1.0,1.0,FSA e incentivo,1.3334398578573434,1586809.432128533,210147125.0,167,1,1715.0,1
2019,B1900579600000,Sob O Olhar Do Padroeiro,Emilio Gallo,Documentário,Bronze Filmes Produtora,,Imagem,SC,,4,46,374.0,SC,1.0,0,2010,0,59,0,1,estreante,media,1.0,0.0,1.0,0.0,só FSA,1.3334398578573434,498.7065068386464,210147125.0,167,0,1715.0,0
2019,B1800514700000,Sobre Rodas,Mauro D'Addio,Ficção,Klaxon Cultura Audiovisual,Hora Mágica Produções Audiovisuais,Klaxon Cultura Audiovisual,SP,SP,17,3284,33057.0,SP,1.0,1,2010,0,0,1,1,estreante,nova,1.0,0.0,1.0,0.0,só FSA,1.3334398578573434,44079.5213811902,210147125.0,167,1,1715.0,1
2019,B1700524600000,"Socorro, Virei Uma Garota!",Leandro Neri,Ficção,Camisa Listrada,Panorama Filmes,Downtown,RJ,RJ,116,26212,396912.0,RJ,1.0,1,2010,0,33,3,1,estreante,media,1.0,2.0,1.0,1.0,FSA e incentivo,1.3334398578573434,529258.2808618739,210147125.0,167,1,1715.0,1
2019,B1900032000000,Sou Carnaval De São Salvador,Marcio Cavalcante,Documentário,Mandacaru Filmes,,Paris,BA,,28,3079,43713.0,BA,1.0,0,2010,1,15,0,0,iniciante,pequena,0.0,0.0,0.0,0.0,sem fomento,1.3334398578573434,58288.656506518055,210147125.0,167,1,1715.0,1
2019,B1800263900000,Sócrates,Alex Moratto,Ficção,Alex Moratto/Quero Filmes,,O2 Play,SP/SP,,25,7459,90477.0,SP,1.0,0,2010,0,20,0,1,estreante,media,0.0,0.0,0.0,0.0,sem fomento,1.3334398578573434,120645.63801935886,210147125.0,167,1,1715.0,1
2019,B1900074100000,Teatros No Brasil Castro Alves - O Teatro E O Homem,Emilio Gallo,Documentário,Bronze Filmes Produtora,,Imagem,SC,,5,22,374.0,SC,1.0,0,2010,0,59,0,1,estreante,media,1.0,0.0,1.0,0.0,só FSA,1.3334398578573434,498.7065068386464,210147125.0,167,0,1715.0,0
2019,B1900072800000,Teatros No Brasil Claudio Santoro - Memórias Do Maestro E Do Teatro Em Vida,Emilio Gallo,Documentário,Bronze Filmes Produtora,,Imagem,SC,,4,17,320.0,SC,1.0,0,2010,0,59,0,1,estreante,media,1.0,0.0,1.0,0.0,só FSA,1.3334398578573434,426.7007545143499,210147125.0,167,0,1715.0,0
2019,B1900121900000,Teatros No Brasil Sudeste Municipal - Enredos Da Jóia Carioca,Emilio Gallo,Documentário,Bronze Filmes Produtora,,Imagem,SC,,4,19,331.0,SC,1.0,0,2010,0,59,0,1,estreante,media,1.0,0.0,1.0,0.0,só FSA,1.3334398578573434,441.3685929507807,210147125.0,167,0,1715.0,0
2019,B1900074000000,Teatros No Brasil Teatros Amazonas - O Filho Ouro Da Floresta,Emilio Gallo,Documentário,Bronze Filmes Produtora,,Imagem,SC,,5,33,482.0,SC,1.0,0,2010,0,59,0,1,estreante,media,1.0,0.0,1.0,0.0,só FSA,1.3334398578573434,642.7180114872396,210147125.0,167,0,1715.0,0
2019,B1900147000000,Teatros No Brasil Theatro São Pedro - Símbolo De Arte E Resistência,Emilio Gallo,Documentário,Bronze Filmes Produtora,,Imagem,SC,,4,16,276.0,SC,1.0,0,2010,0,59,0,1,estreante,media,1.0,0.0,1.0,0.0,só FSA,1.3334398578573434,368.0294007686268,210147125.0,167,0,1715.0,0
2019,B1800466100000,Temporada,André Novais Oliveira,Ficção,Filmes De Plástico,,Vitrine Filmes,MG,,29,7508,57235.0,MG,1.0,0,2010,1,114,1,0,iniciante,grande,1.0,0.0,1.0,0.0,só FSA,1.3334398578573434,76319.43026446505,210147125.0,167,1,1715.0,1
2019,B1900029000000,Tito E Os Pássaros,André Catoto/Gabriel Bitar/Gustavo Steinberg,Animação,Bits Filmes,,Elo Company/Europa Filmes,SP,,42,15343,169044.98,SP,1.0,0,2010,0,0,1,1,estreante,nova,1.0,1.0,1.0,1.0,FSA e incentivo,1.3334398578573434,225411.31410269748,210147125.0,167,1,1715.0,1
2019,B1800504700000,Torre Das Donzelas,Susanna Lira,Documentário,Modo Operante Produções,Globosat/Canal Brasil,Elo Company,RJ,RJ/RJ,18,6424,82949.0,RJ,1.0,1,2010,2,42,3,0,iniciante,media,1.0,1.0,1.0,1.0,FSA e incentivo,1.3334398578573434,110607.50276940878,210147125.0,167,1,1715.0,1
2019,B1800447400000,Tsé,Fabio Kow,Documentário,Fazendo Filmes/Imagem Serviços Cinematográficos,,Pagu Pictures,SP,,11,914,15775.0,SP,1.0,0,2010,0,4,0,1,estreante,nova,0.0,0.0,0.0,0.0,sem fomento,1.3334398578573434,21035.01375769959,210147125.0,167,0,1715.0,0
2019,B1800005800000,"Tunga, O Esquecimento Das Paixões",Miguel De Almeida,Documentário,Plateau Produções,Canal Brasil,Cup Filmes,SP,RJ,8,1782,19225.0,SP,1.0,1,2010,0,0,5,1,estreante,nova,0.0,1.0,0.0,1.0,só incentivo,1.3334398578573434,25635.381267307428,210147125.0,167,0,1715.0,1
2019,B1900235500000,Turma Da Mônica - Laços,Daniel Rezende,Ficção,Biônica Filmes/Quintal Digital Produções,,Paris,SP/SP,,743,2129326,30456264.34,SP,1.0,0,2010,1,15,0,0,iniciante,pequena,1.0,1.0,1.0,1.0,FSA e incentivo,1.3334398578573434,40611596.79239528,210147125.0,167,1,1715.0,1
2019,B1800540900000,Tá Rindo De Quê?,Alê Braga/Álvaro Campos/Cláudio Manoel,Documentário,2 Moleques Produções,Globo Filmes/Canal Brasil,Bretz Filmes,RJ,RJ/RJ,9,1475,23736.0,RJ,1.0,1,2010,0,4,1,1,estreante,nova,0.0,1.0,0.0,1.0,só incentivo,1.3334398578573434,31650.528466101903,210147125.0,167,0,1715.0,0
2019,B1800262100000,Ultraje,Marc Dourdin,Documentário,Mamute Filmes,Canal Brasil,Elo Company,SP,RJ,26,674,6026.0,SP,1.0,1,2010,1,42,1,0,iniciante,media,0.0,0.0,0.0,0.0,sem fomento,1.3334398578573434,8035.308583448352,210147125.0,167,0,1715.0,0
2019,B1800552500000,Um Dia Para Susana,Giovanna Giovanini/Rodrigo Boecker,Documentário,Clubsoda Filmes,,Vitrine Filmes,RJ,,3,204,2097.0,RJ,1.0,0,2010,0,114,0,1,estreante,grande,1.0,0.0,1.0,0.0,só FSA,1.3334398578573434,2796.223381926849,210147125.0,167,0,1715.0,0
2019,B1900177100000,Uma,Palackapillil Jose Antony (Ananda Jyothi),Documentário,Vishva Vidya,,Espaço Filmes,RJ,,20,9114,168870.46,RJ,1.0,0,2010,0,51,0,1,estreante,media,0.0,0.0,0.0,0.0,sem fomento,1.3334398578573434,225178.6021787042,210147125.0,167,1,1715.0,1
2019,B1800206400000,Uma Noite Não É Nada,Alain Fresnot,Ficção,A.F. Cinema,,Imovision,SP,,12,165,2042.0,SP,1.0,0,2010,3,61,3,0,estabelecida,grande,2.0,1.0,1.0,1.0,FSA e incentivo,1.3334398578573434,2722.884189744695,210147125.0,167,0,1715.0,0
2019,B1800215300000,Uma Viagem Inesperada,Juan José Jusid,Ficção,Boulevard Filmes,,Boulevard Filmes,SP,,19,1075,14837.0,SP,1.0,0,2010,0,9,0,1,estreante,pequena,1.0,1.0,1.0,1.0,FSA e incentivo,1.3334398578573434,19784.247171029405,210147125.0,167,0,1715.0,0
2019,B1900387800000,Uruguai - Na Vanguarda,Marco Antonio Pereira,Documentário,Urbano Filmes,,Urbano Filmes,RJ,,2,464,6364.0,RJ,1.0,0,2010,0,0,0,1,estreante,nova,0.0,0.0,0.0,0.0,sem fomento,1.3334398578573434,8486.011255404133,210147125.0,167,0,1715.0,0
2019,B1900401700000,Vai Que Cola 2 - O Começo,César Rodrigues,Ficção,Conspiração Filmes,A Fábrica/Globo Filmes,H2O Films,RJ,RJ/RJ,697,803483,11894966.0,RJ,1.0,1,2010,4,18,25,0,estabelecida,pequena,0.0,1.0,0.0,1.0,só incentivo,1.3334398578573434,15861221.772257933,210147125.0,167,1,1715.0,1
2019,B1700600300000,Vergel,Kris Niklison,Ficção,Casadasartes Films,,Arthouse,SP,,9,479,5974.0,SP,1.0,0,2010,0,18,0,1,estreante,pequena,0.0,2.0,0.0,1.0,só incentivo,1.3334398578573434,7965.9697108397695,210147125.0,167,0,1715.0,0
2019,B1800458600000,Vermelho Sol,Benjamín Naishtat,Ficção,Desvia,,Vitrine Filmes,PE,,24,6381,53499.0,PE,1.0,0,2010,0,114,4,1,estreante,grande,2.0,0.0,1.0,0.0,só FSA,1.3334398578573434,71337.69895551002,210147125.0,167,1,1715.0,1
2020,B1900448200000,Aos Olhos De Ernesto,Ana Luiza Azevedo,Ficção,Casa De Cinema De Porto Alegre,,Elo Company,RS,,5,357,7053.79,RS,1.0,0,2020,1,62,14,0,iniciante,grande,1.0,1.0,1.0,1.0,FSA e incentivo,1.291947780188225,9113.1283324139,211755692.0,59,0,198.0,1
2020,B1900613700000,Partida,Caco Ciocler,Documentário,Cisma Produções/Schfiguer,,Pandora Filmes,SP/SP,,1,27,273.4,SP,1.0,0,2020,1,45,0,0,iniciante,media,0.0,0.0,0.0,0.0,sem fomento,1.291947780188225,353.2185231034607,211755692.0,59,0,198.0,0
2020,B2000040200000,Solteira Quase Surtando,Caco Souza,Ficção,Red Line Filmes,Ártemis Produções Audiovisuais/Los Angeles Brazilian Film Festival/Luiz Carlos Pereira De Souza/Santa Fé Filmes/Rodolfo Manuel Sanchez/Naymardora Equipamentos Cinematográficos/Lm Producoes Artisticas,Anagrama Filmes,RJ,RJ/BA/-/RJ/-/RJ/RJ,339,20499,332072.82,RJ,1.0,1,2020,1,2,0,0,iniciante,nova,1.0,1.0,1.0,1.0,FSA e incentivo,1.291947780188225,429020.74265984405,211755692.0,59,1,198.0,1
2020,B1900577700000,Fico Te Devendo Uma Carta Sobre O Brasil,Carol Benjamin,Documentário,Daza Filmes,Videofilmes | Muiraquitã Filmes |Canal Brasil,Bretz Filmes,RJ,RJ/SP/RJ,6,156,2834.0,RJ,1.0,1,2020,0,10,5,1,estreante,pequena,0.0,1.0,0.0,1.0,só incentivo,1.291947780188225,3661.38000905343,211755692.0,59,0,198.0,0
2020,B1900468100000,Verlust,Esmir Filho,Ficção,Casa De Cinema De Porto Alegre,Saliva Shots/Globo Filmes/Canal Brasil/Maiomidia Comunicação,Elo Company,RS,SP/RJ/RJ/RJ,5,191,2682.71,RS,1.0,1,2020,1,62,14,0,iniciante,grande,1.0,1.0,1.0,1.0,FSA e incentivo,1.291947780188225,3465.9212293887535,211755692.0,59,0,198.0,0
2020,B1900597200000,Sertânia,Geraldo Sarno,Ficção,Cariri Filmes,,Bretz Filmes,CE,,5,255,3263.5,CE,1.0,0,2020,0,10,3,1,estreante,pequena,1.0,0.0,1.0,0.0,só FSA,1.291947780188225,4216.271580644273,211755692.0,59,0,198.0,1
2020,B2000066500000,Fim De Festa,Hilton Lacerda,Ficção,Rec Produtores Associados,Carnaval Filmes,Imovision,PE,PE,24,5582,74238.16,PE,1.0,1,2020,1,64,7,0,iniciante,grande,4.0,0.0,1.0,0.0,só FSA,1.291947780188225,95911.8260172583,211755692.0,59,1,198.0,1
2020,B1900447800000,M8,Jeferson De,Ficção,Migdal Filmes,,Paris,RJ,,103,9022,165989.2,RJ,1.0,0,2020,2,20,8,0,iniciante,media,2.0,1.0,1.0,1.0,FSA e incentivo,1.291947780188225,214449.37847521936,211755692.0,59,1,198.0,1
2020,B1900618000000,Macabro,Marcos Prado,Ficção,Zazen Produções,Globo Filmes/Querosene Filmes/Xanadu,Pandora Filmes,RJ,RJ/SP/RJ,3,85,1284.55,RJ,1.0,1,2020,3,45,8,0,estabelecida,media,2.0,1.0,1.0,1.0,FSA e incentivo,1.291947780188225,1659.5715210407845,211755692.0,59,0,198.0,0
2020,B1900583200000,Cidade Pássaro,Matias Mariani,Ficção,Primo Filmes,Matias Bracher Mariani | Tabuleiro Filmes,Vitrine Filmes,SP,- / SP,7,218,3406.33,SP,1.0,1,2020,0,127,7,1,estreante,grande,4.0,1.0,1.0,1.0,FSA e incentivo,1.291947780188225,4400.800482088556,211755692.0,59,0,198.0,1
2020,B1900098100000,O Pergaminho Vermelho,Nelson Botter Jr.,Animação,Tortuga Studios,,Vitrine Filmes,SP,,4,37,743.33,SP,1.0,0,2020,0,127,1,1,estreante,grande,2.0,0.0,1.0,0.0,só FSA,1.291947780188225,960.3435434473134,211755692.0,59,0,198.0,0
2020,B1900098600000,"Os Under-Undergrounds, O Começo",Nelson Botter Jr.,Animação,Tortuga Studios,,Vitrine Filmes,SP,,1,258,1818.0,SP,1.0,0,2020,0,127,1,1,estreante,grande,1.0,0.0,1.0,0.0,só FSA,1.291947780188225,2348.761064382193,211755692.0,59,0,198.0,1
2020,B1900595100000,"Blitz, O Filme",Paulo Fontenelle,Documentário,Viralata Produções,,Viralata Filmes,RJ,,3,402,6077.63,RJ,1.0,0,2020,5,0,0,0,estabelecida,nova,1.0,0.0,1.0,0.0,só FSA,1.291947780188225,7851.980587305363,211755692.0,59,0,198.0,1
2020,B1900409100000,Carlinhos E Carlão,Pedro Amorim,Ficção,Migdal Filmes,Fox Film Do Brasil/Telecine,Downtown,RJ,RJ/RJ,1,97,1225.0,RJ,1.0,1,2020,4,39,8,0,estabelecida,media,1.0,1.0,1.0,1.0,FSA e incentivo,1.291947780188225,1582.6360307305758,211755692.0,59,0,198.0,0
2020,B1900262200000,"Adoniran, Meu Nome É João Rubinato",Pedro Serrano,Documentário,Latina Estudio,Canal Brasil,Pandora Filmes,SP,RJ,17,6670,99275.97,SP,1.0,1,2020,1,45,1,0,iniciante,media,0.0,1.0,0.0,1.0,só incentivo,1.291947780188225,128259.36906753283,211755692.0,59,1,198.0,1
2020,B1800440700000,O Barco,Petrus Cariry,Ficção,Iluminura Filmes,,Sereia Filmes,CE,,9,1081,14165.56,CE,1.0,0,2020,3,2,3,0,estabelecida,nova,1.0,0.0,1.0,0.0,só FSA,1.291947780188225,18301.163797123114,211755692.0,59,0,198.0,1
2020,B1900439300000,Terapia Do Medo,Roberto Moreira,Ficção,Coração Da Selva,Globo Filmes/Rg Entretenimento/Maiomidia Comunicação/Telecine,Downtown,SP,RJ/SP/RJ/RJ,2,431,3828.0,SP,1.0,1,2020,2,39,5,0,iniciante,media,2.0,2.0,1.0,1.0,FSA e incentivo,1.291947780188225,4945.576102560525,211755692.0,59,0,198.0,1
2020,B2000034100000,No Gogó Do Paulinho,Roberto Santucci,Ficção,Camisa Listrada/Panorama Filmes,Telecine,Downtown,RJ/RJ,RJ,1,109,1435.0,RJ,1.0,1,2020,12,39,3,0,veterana,media,2.0,1.0,1.0,1.0,FSA e incentivo,1.291947780188225,1853.945064570103,211755692.0,59,0,198.0,0
2020,B1900300800000,Bento,Robney Bruno,Ficção,Crisge Filmes,F64 Filmes/Mandra Filmes,Elo Company,GO,GO/GO,1,11,102.0,GO,1.0,1,2020,0,62,0,1,estreante,grande,1.0,0.0,1.0,0.0,só FSA,1.291947780188225,131.77867357919897,211755692.0,59,0,198.0,0
2020,B1900235800000,Os Sonâmbulos,Thiago Mata Machado,Ficção,Katásia Filmes,88 Art Cinema,Embaúba Filmes,MG,MG,2,39,683.02,MG,1.0,1,2020,1,6,1,0,iniciante,pequena,1.0,1.0,1.0,1.0,FSA e incentivo,1.291947780188225,882.4261728241614,211755692.0,59,0,198.0,0
2020,B1900468300000,Cabras Da Peste,Vitor Brandt,Ficção,Atc Entretenimentos,Glaz Entretenimento,Paris,CE,RJ,2,122,1267.0,CE,1.0,1,2020,1,20,3,0,iniciante,media,3.0,1.0,1.0,1.0,FSA e incentivo,1.291947780188225,1636.8978374984813,211755692.0,59,0,198.0,0
2020,B1900058700000,2,Marcelo Presotto,Ficção,Centoeonze Filmes,,Elo Company,SP,,3,46,787.54,SP,1.0,0,2020,0,62,0,1,estreante,grande,0.0,0.0,0.0,0.0,sem fomento,1.291947780188225,1017.4605548094347,211755692.0,59,0,198.0,0
2020,B1800494000000,Beiço De Estrada,Eliézer Rolim,Ficção,Cyclopea Produções,,Livres Filmes,PB,,1,21,186.0,PB,1.0,0,2020,0,17,0,1,estreante,pequena,1.0,0.0,1.0,0.0,só FSA,1.291947780188225,240.30228711500988,211755692.0,59,0,198.0,0
2020,B1800279000000,Jovens Polacas,Alex Levy Heller,Ficção,Afinal Filmes,,Pipa Produções,RJ,,32,2494,37674.13,RJ,1.0,0,2020,0,16,1,1,estreante,pequena,1.0,1.0,1.0,1.0,FSA e incentivo,1.291947780188225,48673.008624022616,211755692.0,59,0,198.0,1
2020,B1900397300000,Mulher Oceano,Djin Sganzerla,Ficção,Mercúrio Produções,,Elo Company,SP,,9,198,3428.3,SP,1.0,0,2020,0,62,6,1,estreante,grande,0.0,0.0,0.0,0.0,sem fomento,1.291947780188225,4429.184574819293,211755692.0,59,0,198.0,0
2020,B2000163800000,Os Espetaculares,André Pellenz,Ficção,Fraiha Produções,,Califórnia,RJ,,2,296,5102.32,RJ,1.0,0,2020,3,14,4,0,estabelecida,pequena,2.0,1.0,1.0,1.0,FSA e incentivo,1.291947780188225,6591.930997809985,211755692.0,59,0,198.0,1
2020,B1900209700000,Pacarrete,Allan Deberton,Ficção,Deberton Entretenimento,,Vitrine Filmes,CE,,28,4714,64968.1,CE,1.0,0,2020,0,127,0,1,estreante,grande,1.0,0.0,1.0,0.0,só FSA,1.291947780188225,83935.39257804662,211755692.0,59,1,198.0,1
2020,B1900331600000,Se Arrependimento Matasse,Lília Moema Santana,Ficção,Cabeça De Cuia Filmes,,Deberton Entretenimento,CE,,1,131,1649.5,CE,1.0,0,2020,0,1,0,1,estreante,nova,1.0,0.0,1.0,0.0,só FSA,1.291947780188225,2131.0678634204774,211755692.0,59,0,198.0,0
2020,B1900269000000,Sem Descanso,Bernard Attal,Documentário,Santa Luzia Filmes,,Livres Filmes,BA,,16,304,5060.22,BA,1.0,0,2020,2,17,2,0,iniciante,pequena,1.0,0.0,1.0,0.0,só FSA,1.291947780188225,6537.53999626406,211755692.0,59,0,198.0,1
2020,B1900525000000,Uma Garota Chamada Marina,Candé Salles,Documentário,Espiral,,Espiral,RJ,,7,672,11671.13,RJ,1.0,0,2020,1,1,1,0,iniciante,nova,1.0,0.0,1.0,0.0,só FSA,1.291947780188225,15078.490495788199,211755692.0,59,0,198.0,1
2020,B2000325100000,Dentro Da Minha Pele,Toni Venturi/Val Gomes,Documentário,Olhar Imaginário,,O2 Play,SP,,1,6,81.48,SP,1.0,0,2020,0,29,6,1,estreante,media,1.0,0.0,1.0,0.0,só FSA,1.291947780188225,105.26790512973659,211755692.0,59,0,198.0,0
2020,B1800466200000,Guerra De Algodão,Cláudio Marques/Marilia Hughes Guerreiro,Ficção,Coisa De Cinema,,Vitrine Filmes,BA,,4,141,2532.96,BA,1.0,0,2020,2,127,2,0,iniciante,grande,2.0,0.0,1.0,0.0,só FSA,1.291947780188225,3272.4520493055666,211755692.0,59,0,198.0,0
2020,B1800019400000,Sobradinho,Cláudio Marques/Marilia Hughes Guerreiro,Documentário,Coisa De Cinema,,Coisa De Cinema,BA,,1,17,366.43,BA,1.0,0,2020,2,0,2,0,iniciante,nova,1.0,0.0,1.0,0.0,só FSA,1.291947780188225,473.40842509437135,211755692.0,59,0,198.0,0
2020,B1900035900000,Soldado Estrangeiro,José Joffily/Pedro Rossi,Documentário,Coevo Filmes,,Bretz Filmes,RJ,,10,254,4105.95,RJ,1.0,0,2020,1,10,6,0,iniciante,pequena,1.0,0.0,1.0,0.0,só FSA,1.291947780188225,5304.672988063842,211755692.0,59,0,198.0,1
2020,B2000202000000,A Verdade Da Mentira,Maria Carolina Telles,Documentário,Elo Company,,Elo Company,SP,,1,6,66.0,SP,1.0,0,2020,0,62,0,1,estreante,grande,0.0,1.0,0.0,1.0,só incentivo,1.291947780188225,85.26855349242285,211755692.0,59,0,198.0,0
2020,B1900180000000,Boca De Ouro,João Carlos Daniel,Ficção,Lereby,Globo Filmes,Elo Company,RJ,RJ,20,1022,17119.7,RJ,1.0,1,2020,0,62,10,1,estreante,grande,0.0,1.0,0.0,1.0,só incentivo,1.291947780188225,22117.758412488358,211755692.0,59,0,198.0,1
2020,B1900090000000,Disforia,Lucas Cassales,Ficção,Sofá Verde Filmes,Epifania Filmes,Lança Filmes,RS,RS,19,375,5119.14,RS,1.0,1,2020,0,11,0,1,estreante,pequena,1.0,0.0,1.0,0.0,só FSA,1.291947780188225,6613.661559472751,211755692.0,59,0,198.0,1
2020,B1900487000000,Família De Axé,Tetê Moraes,Documentário,Vemver Brasil,Canal Brasil,Riofilme/Vemver Brasil,RJ,RJ,6,97,1690.72,RJ,1.0,1,2020,2,0,2,0,iniciante,nova,1.0,0.0,1.0,0.0,só FSA,1.291947780188225,2184.321950919836,211755692.0,59,0,198.0,0
2020,B1900262500000,Inaudito,Gregório Gananian,Documentário,Dgt Filmes/Zaum Cinema E Laboratório De Criação,,Embaúba Filmes,SP/SP,,6,293,2576.5,SP,1.0,0,2020,0,6,0,1,estreante,pequena,0.0,0.0,0.0,0.0,sem fomento,1.291947780188225,3328.703455654962,211755692.0,59,0,198.0,1
2020,B1800553200000,New Life S.A.,André Carvalheira,Ficção,Machado Filmes,400 Filmes,Pandora Filmes,DF,DF,1,22,386.48,DF,1.0,1,2020,0,45,0,1,estreante,media,0.0,0.0,0.0,0.0,sem fomento,1.291947780188225,499.31197808714523,211755692.0,59,0,198.0,0
2020,B2000185600000,Niède,Tiago Tambelli,Documentário,B&T Audiovisual,Lente Viva Filmes,Elo Company,PI,SP,1,141,1946.0,PI,1.0,1,2020,0,62,0,1,estreante,grande,1.0,0.0,1.0,0.0,só FSA,1.291947780188225,2514.130380246286,211755692.0,59,0,198.0,0
2020,B1900231600000,Ontem Havia Coisas Estranhas No Céu,Bruno Risas,Ficção,Sancho Filmes,Punta Colorada De Cinema,Vitrine Filmes,SP,SP,1,50,491.0,SP,1.0,1,2020,0,127,0,1,estreante,grande,3.0,0.0,1.0,0.0,só FSA,1.291947780188225,634.3463600724185,211755692.0,59,0,198.0,0
2020,B1900322000000,Vivir Allí No Es El Infierno Es El Fuego Del Desierto.La Plenitud De La Vida Quedó Ahí Como Un Árbol,Javiera Véliz Fajardo,Documentário,Apiário Estúdio Criativo,,Lume Produções Cinematográficas,MG,,3,186,1673.0,MG,1.0,0,2020,0,13,0,1,estreante,pequena,1.0,0.0,1.0,0.0,só FSA,1.291947780188225,2161.4286362549005,211755692.0,59,0,198.0,0
2020,B2000488900000,10 Horas Para O Natal,Cris D'Amato,Ficção,Paris Entretenimento,Simba Content,Paris,SP,SP,358,31313,486861.66,SP,1.0,1,2020,7,20,12,0,veterana,media,0.0,1.0,0.0,1.0,só incentivo,1.291947780188225,628999.8408957544,211755692.0,59,1,198.0,1
2020,B1800613100000,Alice & Só (Ex Bamo Nessa),Daniel Lieff,Ficção,Fox Film Do Brasil,Coqueirão Pictures / Planetario Filmes,Disney,SP,RJ/RJ,5,155,2884.15,SP,1.0,1,2020,0,13,0,1,estreante,pequena,0.0,1.0,0.0,1.0,só incentivo,1.291947780188225,3726.1711902298694,211755692.0,59,0,198.0,0
2020,B1900302000000,Boni Bonita,Daniel Barosa,Ficção,Nimboo'S,Ana Caroline Pupulin,O2 Play,SP,,9,48,948.12,SP,1.0,1,2020,0,29,0,1,estreante,media,0.0,0.0,0.0,0.0,sem fomento,1.291947780188225,1224.92152935206,211755692.0,59,0,198.0,0
2020,B1900460400000,Cabrito,Luciano De Azevedo,Ficção,Brisa Filmes,Br Produções/Rodafilmes,Elo Company,RJ,PR/RJ,2,27,412.03,RJ,1.0,1,2020,0,62,0,1,estreante,grande,0.0,0.0,0.0,0.0,sem fomento,1.291947780188225,532.3212438709544,211755692.0,59,0,198.0,0
2020,B1900307900000,Faz Sol Lá Sim,Claufe Rodrigues,Documentário,Chaplin Filmes / Claufe Ferreira Rodrigues,Globo Filmes,Lira Filmes,RJ/ -,RJ,6,57,1022.24,RJ,1.0,1,2020,0,2,0,1,estreante,nova,0.0,1.0,0.0,1.0,só incentivo,1.291947780188225,1320.6806988196113,211755692.0,59,0,198.0,0
2020,B1900341900000,Música Para Morrer De Amor,Rafael Gomes,Ficção,Polana Filmes,Substância Filmes E Outras Misturas / Lacuna Filmes,Vitrine Filmes,SP,SP/SP,3,182,2147.6,SP,1.0,1,2020,1,127,0,0,iniciante,grande,1.0,1.0,1.0,1.0,FSA e incentivo,1.291947780188225,2774.587052732232,211755692.0,59,0,198.0,0
2020,B2000012600000,O Melhor Verão Das Nossas Vidas,Adolpho Knauth,Ficção,Atenea,Moove House / Galeria Distribuidora,Galeria Distribuidora,SP,RJ/SP,225,38043,563029.48,SP,1.0,1,2020,0,0,0,1,estreante,nova,0.0,0.0,0.0,0.0,sem fomento,1.291947780188225,727404.6868665307,211755692.0,59,1,198.0,1
2020,B1900435600000,Porno Para Principiantes,Carlos Ameglio,Ficção,Bossa Nova Films,,Pandora Filmes,SP,,2,28,427.16,SP,1.0,0,2020,0,45,9,1,estreante,media,0.0,1.0,0.0,1.0,só incentivo,1.291947780188225,551.8684137852023,211755692.0,59,0,198.0,0
2020,B2000101100000,Volume Morto,Kauê Telloli,Ficção,Labuta Filmes,Kaue Tk Produções | Oceânia Filmes,O2 Play,SP,SP/SP,4,589,13078.16,SP,1.0,1,2020,1,29,1,0,iniciante,media,0.0,0.0,0.0,0.0,sem fomento,1.291947780188225,16896.299780946436,211755692.0,59,0,198.0,1
2020,B1900486200000,A Febre,Maya Da-Rin,Ficção,Tamanduá Vermelho,Enquadramento Produções,Vitrine Filmes,RJ,SP,24,521,7587.49,RJ,1.0,1,2020,1,127,0,0,iniciante,grande,1.0,0.0,1.0,0.0,só FSA,1.291947780188225,9802.640862700357,211755692.0,59,0,198.0,1
2020,B1900507200000,Querência,Helvécio Marins Jr.,Ficção,Canabrava Filmes/Muiraquitã Filmes,Videofilmes,Vitrine Filmes,MG/SP,RJ,5,68,1201.29,MG,2.0,1,2020,0,127,0,1,estreante,grande,2.0,1.0,1.0,1.0,FSA e incentivo,1.291947780188225,1552.0039488623129,211755692.0,59,0,198.0,0
2020,B1900363400000,Tarde Para Morir Joven,Dominga Sotomayor Castillo,Ficção,Rt Features,,Pandora Filmes,SP,,12,562,6681.68,SP,1.0,0,2020,0,45,3,1,estreante,media,0.0,0.0,0.0,0.0,sem fomento,1.291947780188225,8632.38164392806,211755692.0,59,0,198.0,1
2020,B1900380000000,Vou Nadar Até Você,Klaus Mitteldorf,Ficção,Coração Da Selva,Norami Filmes/Planetario Filmes,Elo Company,SP,SP/RJ,21,1076,9206.2,SP,1.0,1,2020,0,62,5,1,estreante,grande,1.0,1.0,1.0,1.0,FSA e incentivo,1.291947780188225,11893.929653968838,211755692.0,59,0,198.0,1
2020,B1900592900000,A Divisão - O Filme,Rodrigo Silveira Monte/Vicente Amorim,Ficção,Afroreggae Audiovisual,Globo Filmes/Hungry Man,Downtown,RJ,RJ/RJ,126,7472,121299.29,RJ,1.0,1,2020,0,39,0,1,estreante,media,1.0,1.0,1.0,1.0,FSA e incentivo,1.291947780188225,156712.34845390776,211755692.0,59,1,198.0,1
2020,B1800090200000,Açucar,Renata Pinheiro/Sérgio Oliveira,Ficção,Aroma Filmes,Boulevard Filmes | Curta! Programadora De Canais De Tv Ltda,Boulevard Filmes,PE,SP / RJ,23,3228,30329.57,PE,1.0,1,2020,1,12,2,0,iniciante,pequena,1.0,1.0,1.0,1.0,FSA e incentivo,1.291947780188225,39184.22063556338,211755692.0,59,1,198.0,1
2020,B2000436400000,Todos Os Mortos,Caetano Gotardo/Marco Dutra,Ficção,Dezenove Som E Imagens,Canal Brasil/Telecine,Vitrine Filmes,SP,RJ/RJ,7,573,9158.49,SP,1.0,1,2020,0,127,13,1,estreante,grande,2.0,1.0,1.0,1.0,FSA e incentivo,1.291947780188225,11832.290825376058,211755692.0,59,0,198.0,1
2021,B2100436200000,7 Prisioneiros,Icko Joseph Alexandre Morato Iben,Ficção,O2 Cinema Ltda,,O2 Play,SP,,17,503,10160.71,SP,1.0,0,2020,0,32,0,1,estreante,media,0.0,0.0,0.0,0.0,sem fomento,1.1929169043198435,12120.882718891677,213317639.0,129,0,267.0,1
2021,B2100460000000,8 Presidentes 1 Juramento - A História De Um Tempo Presente,Carla De Andrade Camurati,Documentário,Elimar Produções Artísticas Ltda,Globo Comunicação E Participações S/A,Copacabana Filmes,RJ,RJ,8,655,13242.06,RJ,1.0,1,2020,0,10,0,1,estreante,pequena,2.0,1.0,1.0,1.0,FSA e incentivo,1.1929169043198435,15796.677222017626,213317639.0,129,0,267.0,1
2021,B1900320300000,A Mulher Da Luz Própria,Sinai Mello E Silva Sganzerla,Documentário,Mercúrio Produções Ltda-Me,,Mercúrio Produções,SP,,2,48,608.0,SP,1.0,0,2020,0,2,0,1,estreante,nova,1.0,0.0,1.0,0.0,só FSA,1.1929169043198435,725.2934778264648,213317639.0,129,0,267.0,0
2021,B2100113900000,A Nuvem Rosa,Iuli Gerbase,Ficção,Invídeo Produções Cinematográficas Ltda,,O2 Play,RS,,6,219,3777.02,RS,1.0,0,2020,0,32,0,1,estreante,media,1.0,0.0,1.0,0.0,só FSA,1.1929169043198435,4505.671005954136,213317639.0,129,0,267.0,0
2021,B2000234700000,A Ponte De Bambu,Marcelo Ramalho Machado,Documentário,Marcelo Machado Produções Artísticas Ltda - Me,Globo Comunicação E Participações S/A,Elo Company,SP,RJ,1,47,879.13,SP,1.0,1,2020,0,72,0,1,estreante,grande,0.0,1.0,0.0,1.0,só incentivo,1.1929169043198435,1048.729038094704,213317639.0,129,0,267.0,0
2021,B2100271200000,A Princesa Da Yakuza,Vicente Luiz Nazareth Amorim,Ficção,Latinamerica Entretenimento Eireli,,Warner,SP,,1,105,2504.0,SP,1.0,0,2020,0,41,0,1,estreante,media,1.0,1.0,1.0,1.0,FSA e incentivo,1.1929169043198435,2987.0639284168883,213317639.0,129,0,267.0,0
2021,B1900597000000,A Quem Interessa A Ignorância?,Alexandre Da Silva Carvalho,Documentário,Fraiha Producoes De Eventos E Editora Eireli,,O2 Play,RJ,,2,45,881.55,RJ,1.0,0,2020,0,32,0,1,estreante,media,2.0,0.0,1.0,0.0,só FSA,1.1929169043198435,1051.6158970031581,213317639.0,129,0,267.0,0
2021,B2000484000000,A Sogra Perfeita,Cristiane D Amato,Ficção,Paris Produções Cinematográficas Ltda,,Paris,SP,,386,66136,840090.57,SP,1.0,0,2020,0,23,0,1,estreante,media,1.0,1.0,1.0,1.0,FSA e incentivo,1.1929169043198435,1002158.2421126928,213317639.0,129,1,267.0,1
2021,B2100065700000,A Última Floresta,Luiz Roberto Bolognesi,Documentário,Buriti Filmes Ltda,Gullane Entretenimento S.A.,Gullane Entretenimento,SP,SP,8,1953,36563.85,SP,1.0,1,2020,0,3,0,1,estreante,nova,3.0,0.0,1.0,0.0,só FSA,1.1929169043198435,43617.63475201511,213317639.0,129,0,267.0,1
2021,B2000497700000,Abe,Fernando Grostein Escobar De Andrade,Ficção,Spray Filmes S.A.,Gullane Entretenimento S.A.,Paris,SP,SP,30,3421,84455.0,SP,1.0,1,2020,0,23,0,1,estreante,media,2.0,1.0,1.0,1.0,FSA e incentivo,1.1929169043198435,100747.79715433238,213317639.0,129,1,267.0,1
2021,B2000096500000,Acqua Movie,Lirio Da Silva Ferreira Neto,Ficção,Chá Cinematográfico Ltda,Canal Brazil S/A / Tag Cultural Distribuidora De Filmes Ltda / Telecine Programacao De Filmes Ltda,Imovision,PE,RJ/SP/RJ,10,345,6591.76,PE,1.0,1,2020,0,65,0,1,estreante,grande,3.0,1.0,1.0,1.0,FSA e incentivo,1.1929169043198435,7863.4219332193725,213317639.0,129,0,267.0,1
2021,B2100156800000,Alvorada,"Sonia Politi Assuncao, Ana Luiza Machado Da Silva Muylaert",Documentário,África Filmes Ltda,Dramatica Filmes - Eireli / Ivan Carlos De Melo Produções Culturais Me,Vitrine Filmes,SP,SP/SP,13,991,20051.76,SP,1.0,1,2020,0,137,0,1,estreante,grande,2.0,0.0,1.0,0.0,só FSA,1.1929169043198435,23920.083465364463,213317639.0,129,0,267.0,1
2021,B1700623000000,Amaração,"Marc Zirah Belhassen, Eric Mardoche Belhassen",Ficção,Um Por Todos Produçoes Ltda - Epp,,Boca A Boca Filmes,SP,,14,413,6088.5,SP,1.0,0,2020,0,0,0,1,estreante,nova,0.0,1.0,0.0,1.0,só incentivo,1.1929169043198435,7263.074571951367,213317639.0,129,0,267.0,1
2021,B2000454300000,Amarração Do Amor,Caroline Okoshi Fioratti,Ficção,Migdal Produções Cinematográficas Ltda,,Paris,RJ,,254,24588,411135.19,RJ,1.0,0,2020,0,23,0,1,estreante,media,1.0,1.0,1.0,1.0,FSA e incentivo,1.1929169043198435,490450.1181117507,213317639.0,129,1,267.0,1
2021,B1900594800000,Amigas De Sorte,Homero De Mario Jorge Luiz Costa Vieira Olivetto,Ficção,Popcon Produções Ltda,Globo Comunicação E Participações S/A / Xanadu Produções Cinematográficas Ltda,Downtown,SP,RJ/RJ,1,415,4150.0,SP,1.0,1,2020,0,43,0,1,estreante,media,1.0,1.0,1.0,1.0,FSA e incentivo,1.1929169043198435,4950.605152927351,213317639.0,129,0,267.0,1
2021,B2000163700000,Amigo Arrigo,"Jose Carone Junior, Alain Fresnot",Documentário,A.F. Cinema E Vídeo Ltda,Canal Brazil S/A / Vida Imaginaria Producoes Cinematograficas Ltda,Elo Company,SP,RJ/SP,4,173,3293.97,SP,1.0,1,2020,0,72,0,1,estreante,grande,0.0,1.0,0.0,1.0,só incentivo,1.1929169043198435,3929.432495322435,213317639.0,129,0,267.0,0
2021,B2100401000000,Amor Sem Medida,Alexandre Machado De Sa,Ficção,Coração Da Selva Transmídia S.A.,,Downtown,SP,,7,95,1130.0,SP,1.0,0,2020,0,43,0,1,estreante,media,2.0,1.0,1.0,1.0,FSA e incentivo,1.1929169043198435,1347.996101881423,213317639.0,129,0,267.0,0
2021,B2000319700000,Ana. Sem Titulo,Lucia Maria Murat Vasconcellos,Ficção,Taiga Filmes E Video Eireli,,Imovision,RJ,,10,298,5714.97,RJ,1.0,0,2020,0,65,0,1,estreante,grande,2.0,0.0,1.0,0.0,só FSA,1.1929169043198435,6817.484320680776,213317639.0,129,0,267.0,1
2021,B2100384500000,Andre Matos – Maestro Do Rock,Anderson Jose Bellini De Araujo,Documentário,Anderson Jose Bellini De Araujo,,Cinemark Brasil,SP,,6,1307,27821.4,SP,1.0,0,2020,0,1,0,1,estreante,nova,0.0,0.0,0.0,0.0,sem fomento,1.1929169043198435,33188.6183618441,213317639.0,129,0,267.0,1
2021,B1900240000000,Anna,Heitor Dhalia,Ficção,Paranoid Filmes Ltda,,Imovision,SP,,9,584,10504.57,SP,1.0,0,2020,6,65,0,0,veterana,grande,1.0,0.0,1.0,0.0,só FSA,1.1929169043198435,12531.079125611099,213317639.0,129,0,267.0,1
2021,B2100294600000,Araña,Andres Wood,Ficção,Be Bossa Nova Criacoes E Producoes S/A,,Pandora Filmes,SP,,20,1394,27067.79,SP,1.0,0,2020,0,51,0,1,estreante,media,0.0,1.0,0.0,1.0,só incentivo,1.1929169043198435,32289.62425357962,213317639.0,129,0,267.0,1
2021,B2000112600000,Ariano Apresenta: O Auto Da Boa Mentira,Jose Eduardo Belmonte Dos Santos,Ficção,Bsb Serviços Cinegroup Ltda,Globo Comunicação E Participações S/A / Guel Produtora Eireli,Imagem,DF,RJ/RJ,202,11363,188767.11,DF,1.0,1,2020,0,73,0,1,estreante,grande,1.0,1.0,1.0,1.0,FSA e incentivo,1.1929169043198435,225183.47649860336,213317639.0,129,1,267.0,1
2021,B2000327800000,Atravessa A Vida,Joao Henrique Vieira Da Silva Jardim,Documentário,Elimar Produções Artísticas Ltda,Fogo Azul Filmes Ltda / Globo Comunicação E Participações S/A,Copacabana Filmes,RJ,RJ/RJ,6,199,3329.38,RJ,1.0,1,2020,0,10,0,1,estreante,pequena,2.0,1.0,1.0,1.0,FSA e incentivo,1.1929169043198435,3971.6736829044007,213317639.0,129,0,267.0,0
2021,B1900376800000,Boa Noite,Clarice Saliby De Simoni,Documentário,Tv Zero Cinema Ltda,Curta! Programadora De Canais De Tv Ltda,Bretz Filmes,RJ,RJ,2,23,461.17,RJ,1.0,1,2020,0,13,0,1,estreante,pequena,2.0,1.0,1.0,1.0,FSA e incentivo,1.1929169043198435,550.1374887651823,213317639.0,129,0,267.0,0
2021,B2100017700000,Bob Cuspe - Nós Não Gostamos De Gente,Cesar Luiz Cabral,Animação,Coala Produções Audiovisuais Ltda,Canal Brazil S/A,Vitrine Filmes,SP,RJ,16,1236,21166.06,SP,1.0,1,2020,0,137,0,1,estreante,grande,3.0,1.0,1.0,1.0,FSA e incentivo,1.1929169043198435,25249.35077184807,213317639.0,129,0,267.0,1
2021,B2100415100000,Bravos Valentes: Vaqueiros Do Brasil,Ralf Cabral Tambke,Documentário,Tambke Filmes Ltda,Globo Comunicação E Participações S/A,Plural Filmes,SP,RJ,2,258,3915.82,SP,1.0,1,2020,0,0,0,1,estreante,nova,0.0,1.0,0.0,1.0,só incentivo,1.1929169043198435,4671.24787227373,213317639.0,129,0,267.0,0
2021,B2000386800000,Cabeça De Nêgo,Emerson De Oliveira Cardoso,Ficção,Corte Seco Filmes Ltda,,Corte Seco,CE,,8,1381,18393.61,CE,1.0,0,2020,0,0,0,1,estreante,nova,1.0,0.0,1.0,0.0,só FSA,1.1929169043198435,21942.04830046652,213317639.0,129,0,267.0,1
2021,B1900390400000,Callado,Emilia Rosa De Almeida Silveira,Documentário,70 Filmes Producoes Artísticas Ltda,Canal Brazil S/A / Globo Comunicação E Participações S/A / Lg Empreendimentos Culturais E Artisticos Ltda,Bretz Filmes,RJ,RJ/RJ/RJ,3,116,2002.27,RJ,1.0,1,2020,0,13,0,1,estreante,pequena,0.0,1.0,0.0,1.0,só incentivo,1.1929169043198435,2388.541730012493,213317639.0,129,0,267.0,0
2021,B1700578900000,Campus Santo,Marcio Cavalcanti Curi,Ficção,Asacine Produções Eireli,,Tucumán,DF,,1,37,705.0,DF,1.0,0,2020,0,11,0,1,estreante,pequena,1.0,1.0,1.0,1.0,FSA e incentivo,1.1929169043198435,841.0064175454897,213317639.0,129,0,267.0,0
2021,B2000130600000,Cavalo,"Werner Salles Bagetti, Rafael Barbosa Silva",Documentário,Núcleo Zero Publicidade Ltda,,Descoloniza Filmes / La Ursa,AL,,11,1461,18977.02,AL,1.0,0,2020,0,0,0,1,estreante,nova,1.0,0.0,1.0,0.0,só FSA,1.1929169043198435,22638.007951615757,213317639.0,129,0,267.0,1
2021,B2000183900000,"Chacrinha, Eu Vim Para Confundir Não Para Explicar","Micael Langer, Claudio Manoel Mascarenhas Pimentel Dos Santos",Documentário,Media Bridge Produções Ltda,Canal Brazil S/A / Globo Comunicação E Participações S/A,Bretz Filmes,RJ,RJ/RJ,2,120,2056.85,RJ,1.0,1,2020,0,13,0,1,estreante,pequena,0.0,1.0,0.0,1.0,só incentivo,1.1929169043198435,2453.6511346502703,213317639.0,129,0,267.0,0
2021,B1900203000000,Chão,Camila Silva Freitas,Documentário,Nebulosa Filmes Ltda - Epp / Trotoar - Producao De Servicos Audiovisuais Ltda Me,,Vitrine Filmes,RS/DF,,3,24,145.59,RS,2.0,0,2020,0,137,0,1,estreante,grande,1.0,0.0,1.0,0.0,só FSA,1.1929169043198435,173.676772099926,213317639.0,129,0,267.0,0
2021,B2000433100000,Chico Ventana Também Queria Ter Um Submarino,Alex Piperno,Ficção,Desvia Produções Artisticas E Audiovisuais Ltda,,Vitrine Filmes,PE,,5,267,2004.47,PE,1.0,0,2020,0,137,0,1,estreante,grande,0.0,1.0,0.0,1.0,só incentivo,1.1929169043198435,2391.166147201997,213317639.0,129,0,267.0,0
2021,B2000158900000,Chorão: Marginal Alado,Felipe Novaes Elias,Documentário,Bravura Cinematográfica Ltda,,O2 Play,SP,,5,1412,29682.5,SP,1.0,0,2020,0,32,0,1,estreante,media,1.0,1.0,1.0,1.0,FSA e incentivo,1.1929169043198435,35408.75601247376,213317639.0,129,0,267.0,1
2021,B1800174900000,Christabel,Alex Levy Heller,Ficção,Alelo Filmes Producoes Artisticas Ltda,Afinal Filmes Ltda,Pipa Produções,GO,RJ,21,79,1530.08,GO,1.0,1,2020,1,17,0,0,iniciante,pequena,0.0,0.0,0.0,0.0,sem fomento,1.1929169043198435,1825.258296961706,213317639.0,129,0,267.0,0
2021,B1800607100000,Cine Marrocos,Ricardo Cury Calil,Documentário,Muiraquita Filmes E Producoes Artisticas Eireli ­ Me,Canal Brazil S/A / Globo Comunicação E Participações S/A / Olha Só Produções Editoriais Ltda -Me,Bretz Filmes,SP,RJ/RJ/SP,9,287,5098.14,SP,1.0,1,2020,0,13,0,1,estreante,pequena,1.0,1.0,1.0,1.0,FSA e incentivo,1.1929169043198435,6081.657386589168,213317639.0,129,0,267.0,1
2021,B2100493100000,Contos Do Amanhã,Pedro De Lima Marques,Ficção,Bactéria Filmes Ltda. Epp,Luciana Gomes Da Silva Druzina - Me,Europa Filmes,RS,RS,6,477,9097.37,RS,1.0,1,2020,0,0,0,1,estreante,nova,0.0,0.0,0.0,0.0,sem fomento,1.1929169043198435,10852.406457852216,213317639.0,129,0,267.0,1
2021,B1900148000000,Cora,"Matias Bracher Mariani, Gustavo Rosa De Moura",Ficção,Mira Filmes Ltda - Me,Bubbles Produções Artísiticas,Pandora Filmes,SP,RJ,1,55,1029.0,SP,1.0,1,2020,0,51,0,1,estreante,media,1.0,1.0,1.0,1.0,FSA e incentivo,1.1929169043198435,1227.511494545119,213317639.0,129,0,267.0,0
2021,B2000102800000,Correndo Por Um Sonho,Tomas Coelho De Sanson Portella,Ficção,Gullane Entretenimento S.A.,Globo Comunicação E Participações S/A / Imagens Do Brasil Ltda Epp / Ram - Criações E Projetos Culturais Ltda / Telecine Programacao De Filmes,Imovision,SP,RJ/SP/SP/RJ,27,4974,73415.24,SP,1.0,1,2020,0,65,0,1,estreante,grande,2.0,1.0,1.0,1.0,FSA e incentivo,1.1929169043198435,87578.28083069835,213317639.0,129,1,267.0,1
2021,B1900005600000,Cravos,Marco Aurelio Pinho Del Fiol,Documentário,Casa Redonda Producoes Culturais Eireli,,Elo Company,SP/SP,,9,115,2539.19,SP,1.0,0,2020,0,72,0,1,estreante,grande,1.0,0.0,1.0,0.0,só FSA,1.1929169043198435,3029.0426742799036,213317639.0,129,0,267.0,0
2021,B2100324700000,Curral,Marcelo Coimbra De Almeida Brennand,Ficção,Sopro De Zefiro - Producoes Culturais E Artisticas S/S Eireli,Querosene Produções Artisticas E Cinematográficas Ltda,Pandora Filmes,PE,SP,12,558,11496.52,PE,1.0,1,2020,0,51,0,1,estreante,media,2.0,1.0,1.0,1.0,FSA e incentivo,1.1929169043198435,13714.393048851169,213317639.0,129,0,267.0,1
2021,B2100367400000,Curupira O Demônio Da Floresta,Francisco Duarte Da Silva,Ficção,F D Da Silva - Me,,O2 Play,MA,,11,1104,18880.65,MA,1.0,0,2020,0,32,0,1,estreante,media,0.0,0.0,0.0,0.0,sem fomento,1.1929169043198435,22523.046549546456,213317639.0,129,0,267.0,1
2021,B1900072300000,Danças Negras,"Joao Victor Pellegrini Do Nascimento, Firmino Ribeiro Pitanga",Documentário,Kalakuta Produções Artísticas Ltda - Epp,,Lira Filmes,SP,,5,543,7234.66,SP,1.0,0,2020,0,3,0,1,estreante,nova,0.0,0.0,0.0,0.0,sem fomento,1.1929169043198435,8630.3482110066,213317639.0,129,0,267.0,1
2021,B1800381100000,Delicadeza É Azul,"Yasmin Garcez Merszajn, Sandro Luiz Barbosa Arieta",Documentário,Ubuntu Filmes Ltda,Afinal Filmes Ltda,Pipa Produções,RJ,RJ,9,57,1087.6,RJ,1.0,1,2020,0,17,0,1,estreante,pequena,0.0,1.0,0.0,1.0,só incentivo,1.1929169043198435,1297.4164251382617,213317639.0,129,0,267.0,0
2021,B2000440700000,Dente Por Dente,"Pedro Micheli Arantes, Julio Junqueira Taubkin",Ficção,Atc Entretenimentos Ltda,Glaz Entretenimento S.A. / Globo Comunicação E Participações S/A / Massa Real Produções Cinematográficas Ltda - Me / Telecine Programacao De Filmes,Vitrine Filmes,CE,RJ/RJ/SP/RJ,115,6604,109164.82,CE,1.0,1,2020,0,137,0,1,estreante,grande,2.0,1.0,1.0,1.0,FSA e incentivo,1.1929169043198435,130224.55913503295,213317639.0,129,1,267.0,1
2021,B2000078000000,Depois A Louca Sou Eu,Julia Salles De Rezende,Ficção,Atitude Produções E Empreendimentos Ltda,Globo Comunicação E Participações S/A / Rsmts Empreendimentos E Participacoes Ltda,Paris,RJ,RJ/RJ,170,12586,230443.26,RJ,1.0,1,2020,0,23,0,1,estreante,media,3.0,1.0,1.0,1.0,FSA e incentivo,1.1929169043198435,274899.6603405728,213317639.0,129,1,267.0,1
2021,B2100408300000,Deserto Particular,Alysson Silva Muritiba,Ficção,Grafo Audiovisual Ltda Me,,Pandora Filmes,PR,,26,7444,129582.71,PR,1.0,0,2020,0,51,0,1,estreante,media,2.0,0.0,1.0,0.0,só FSA,1.1929169043198435,154581.40526657604,213317639.0,129,1,267.0,1
2021,B2000230900000,Desvio,"Arthur Fernandes Andrade Lins, Arthur Fernandes Andrade Lins",Ficção,Canário Produtora De Vídeo Ltda / Carambola Produções Artísticas,,Vitrine Filmes,PB/PB,,3,209,1522.07,PB,1.0,0,2020,0,137,0,1,estreante,grande,1.0,0.0,1.0,0.0,só FSA,1.1929169043198435,1815.7030325581043,213317639.0,129,0,267.0,0
2021,B2100260000000,Diários De Intercâmbio,Bruno Tinoco Garotti,Ficção,Anana Producoes Audiovisuais E Eventos Ltda,,Paris,RJ,,8,34,227.0,RJ,1.0,0,2020,0,23,0,1,estreante,media,1.0,1.0,1.0,1.0,FSA e incentivo,1.1929169043198435,270.7921372806045,213317639.0,129,0,267.0,0
2021,B2000070300000,Dois Mais Dois,Marcelo Barreto Saback,Ficção,Paris Produções Cinematográficas Ltda,Globo Comunicação E Participações S/A / Xanadu Produções Cinematográficas Ltda,Paris,SP,RJ,179,14150,266274.66,SP,1.0,1,2020,0,23,0,1,estreante,media,1.0,1.0,1.0,1.0,FSA e incentivo,1.1929169043198435,317643.54310601886,213317639.0,129,1,267.0,1
2021,B2000468500000,Dora E Gabriel,Ugo Cesar Giorgetti,Ficção,Sp Filmes De São Paulo Ltda,,O2 Play,SP,,5,86,1535.88,SP,1.0,0,2020,0,32,0,1,estreante,media,1.0,1.0,1.0,1.0,FSA e incentivo,1.1929169043198435,1832.1772150067613,213317639.0,129,0,267.0,0
2021,B2100299900000,Doutor Gama,Jeferson Rodrigues De Rezende,Ficção,Paranoid Filmes Ltda,Buda Filmes Producoes Cinematograficas Ltda / Globo Comunicação E Participações S/A / Maiomidia Comunicacao Ltda,Elo Company,SP,SP/RJ/RJ,14,5601,114166.71,SP,1.0,1,2020,0,72,0,1,estreante,grande,1.0,0.0,1.0,0.0,só FSA,1.1929169043198435,136191.39826958135,213317639.0,129,1,267.0,1
2021,B2100271900000,El Empleado Y El Patrón,Manuel Nieto Zas,Ficção,Atelier W Producoes Cinematograficas Ltda,Sancho Filmes Ltda,Vitrine Filmes,RS,SP,7,585,5703.62,RS,1.0,1,2020,0,137,0,1,estreante,grande,1.0,0.0,1.0,0.0,só FSA,1.1929169043198435,6803.944713816746,213317639.0,129,0,267.0,1
2021,B2000008400000,Encarcerados,"Pedro Bial, Fernando Grostein Escobar De Andrade, Claudia Calabi",Documentário,Globo Comunicação E Participações S/A,Gullane Entretenimento S.A. / Spray Filmes S.A.,Gullane Entretenimento,SP,SP/SP,16,2807,30812.22,SP,1.0,1,2020,0,3,0,1,estreante,nova,1.0,1.0,1.0,1.0,FSA e incentivo,1.1929169043198435,36756.41809762197,213317639.0,129,1,267.0,1
2021,B2000436900000,"Entre Nós, Um Segredo","Toumani Kouyate, Beatriz Seignemartin De Paula Leite",Documentário,Miríade Filmes E Produções Artísticas Ltda,"Encantamento Consultoria De Projetos, Produções Artísticas E Audiovisuais Eireli-Me",Vitrine Filmes,SP,RJ,3,33,239.07,SP,1.0,1,2020,0,137,0,1,estreante,grande,1.0,0.0,1.0,0.0,só FSA,1.1929169043198435,285.190644315745,213317639.0,129,0,267.0,0
2021,B1900267800000,Frei Damião - O Santo Do Nordeste,Deborah Brennand De Souza Mendes,Documentário,Fabrica Estudios Ltda,,Elo Company,PE,,6,528,8156.04,PE,1.0,0,2020,0,72,0,1,estreante,grande,0.0,1.0,0.0,1.0,só incentivo,1.1929169043198435,9729.477988308816,213317639.0,129,0,267.0,1
2021,B2100363400000,Galeria Futuro,"Fernando Augusto Sanches, Afonso Jose Da Silva Poyart",Ficção,Black Maria Filme Video Digital Eireli,Globo Comunicação E Participações S/A / Maiomidia Comunicacao Ltda,H2O Films,SP,RJ/RJ,20,486,6551.71,SP,1.0,1,2020,0,20,0,1,estreante,media,1.0,1.0,1.0,1.0,FSA e incentivo,1.1929169043198435,7815.645611201362,213317639.0,129,0,267.0,1
2021,B2000367000000,Garota Da Moto,"Joao Daniel Sequeira Tikhomiroff, Hilton Luis Pinheiro",Ficção,Radar Cinema E Televisão Ltda,Fox Film Do Brasil Ltda,Paris,SP,SP,106,2349,42163.75,SP,1.0,1,2020,0,23,0,1,estreante,media,2.0,1.0,1.0,1.0,FSA e incentivo,1.1929169043198435,50297.850124515804,213317639.0,129,0,267.0,1
2021,B1900206200000,Helen,Andre Meirelles Collazzo,Ficção,Prosperidade Comunicação E Filmes Ltda,,Elo Company,SP,,10,172,2727.59,SP,1.0,0,2020,0,72,0,1,estreante,grande,1.0,0.0,1.0,0.0,só FSA,1.1929169043198435,3253.788219053762,213317639.0,129,0,267.0,0
2021,B2000173600000,Homem Onça,Vinicius Dias Dos Reis,Ficção,Tacacá Filmes Ltda,Canal Brazil S/A / Globo Comunicação E Participações S/A / Maiomidia Comunicacao Ltda,Pandora Filmes,RJ,RJ/RJ/RJ,15,457,8224.81,RJ,1.0,1,2020,0,51,0,1,estreante,media,2.0,1.0,1.0,1.0,FSA e incentivo,1.1929169043198435,9811.514883818892,213317639.0,129,0,267.0,1
2021,B1900478400000,Intervenção,Caio Nogueira Cobra Varajao,Ficção,Media Bridge Produções Ltda.,A Tropa Producoes Ltda,Paris,RJ,RJ,5,37,523.5,RJ,1.0,1,2020,0,23,0,1,estreante,media,0.0,1.0,0.0,1.0,só incentivo,1.1929169043198435,624.4919994114381,213317639.0,129,0,267.0,0
2021,B2000047900000,Júpiter,Marco Antonio Vieira Abujamra,Ficção,Dona Rosa Produções Artísticas Ltda.,,Elite Filmes,RJ,,1,5,50.0,RJ,1.0,0,2020,0,3,0,1,estreante,nova,2.0,0.0,1.0,0.0,só FSA,1.1929169043198435,59.645845215992175,213317639.0,129,0,267.0,0
2021,B1900593200000,King Kong Em Asunción,Camilo Santos Cavalcante,Ficção,Ac Cavalcante Serviços Ltda.,,Arthouse,PE,,13,405,6337.61,PE,1.0,0,2020,0,24,0,1,estreante,media,1.0,0.0,1.0,0.0,só FSA,1.1929169043198435,7560.242101986483,213317639.0,129,0,267.0,1
2021,B2100113200000,L.O.C.A.,Claudia Jouvin De Paiva,Ficção,Conspiração Filmes Entretenimento 3º Milênio Ltda,Globo Comunicação E Participações S/A / Rsmts Empreendimentos E Participacoes Ltda,Imagem,RJ,RJ/RJ,1,10,163.8,RJ,1.0,1,2020,0,73,0,1,estreante,grande,1.0,1.0,1.0,1.0,FSA e incentivo,1.1929169043198435,195.39978892759038,213317639.0,129,0,267.0,0
2021,B2000556700000,La Botera,Sabrina Blanco,Ficção,Vulcana Cinema Ltda,,Zeta Filmes,RS,,7,251,3320.98,RS,1.0,0,2020,0,0,0,1,estreante,nova,1.0,0.0,1.0,0.0,só FSA,1.1929169043198435,3961.653180908114,213317639.0,129,0,267.0,0
2021,B2100075500000,Lamaçal,Franco Gabriel Verdoia,Ficção,Gp7 Cinema Ltda,,Elo Company,PR,,3,126,1716.19,PR,1.0,0,2020,0,72,0,1,estreante,grande,1.0,0.0,1.0,0.0,só FSA,1.1929169043198435,2047.2720620246723,213317639.0,129,0,267.0,0
2021,B2000042800000,Lamento,"Diego De Mello Rego Lopes, Claudio Bitencourt Avila",Ficção,Oger Sepol Produção E Comércio Audiovisual Ltda,,Moro Filmes,PR,,7,317,4928.92,PR,1.0,0,2020,0,0,0,1,estreante,nova,1.0,0.0,1.0,0.0,só FSA,1.1929169043198435,5879.791988040163,213317639.0,129,0,267.0,1
2021,B2100072000000,Libelu - Abaixo A Ditadura,Diogenes Adolpho Perez Muniz,Documentário,Boulevard Filmes Ltda,Canal Brazil S/A / Globo Comunicação E Participações S/A,Boulevard Filmes,SP,RJ/RJ,5,264,4379.53,SP,1.0,1,2020,0,13,0,1,estreante,pequena,1.0,1.0,1.0,1.0,FSA e incentivo,1.1929169043198435,5224.4153699758845,213317639.0,129,0,267.0,0
2021,B2100032900000,Limiar,Coraci Bartman Ruiz,Documentário,Laboratório Cisco Educação E Imagem Ltda Me,,Taturana,SP,,2,60,563.0,SP,1.0,0,2020,0,6,0,1,estreante,pequena,0.0,0.0,0.0,0.0,sem fomento,1.1929169043198435,671.6122171320719,213317639.0,129,0,267.0,0
2021,B2100010700000,Loop,Bruno Bini Pereira Rosa,Ficção,Plano B Produtora De Filmes Eireli-Me,Luciana Gomes Da Silva Druzina - Me / Valkyria Cine Eireli - Me,Elo Company,MT,RS/RJ,1,24,368.8,MT,1.0,1,2020,0,72,0,1,estreante,grande,3.0,3.0,1.0,1.0,FSA e incentivo,1.1929169043198435,439.9477543131583,213317639.0,129,0,267.0,0
2021,B1900020400000,Luana Muniz - Filha Da Lua,"Rian Cordova Costa, Leonardo Moraes Menezes",Documentário,Guaraná Produção De Conteúdo Cultural Ltda Me,,Lira Filmes,RJ,,9,785,11937.7,RJ,1.0,0,2020,0,3,0,1,estreante,nova,0.0,0.0,0.0,0.0,sem fomento,1.1929169043198435,14240.684128698997,213317639.0,129,0,267.0,1
2021,B1900421800000,Lucicreide Vai Pra Marte,Rodrigo Cesar Ribeiro De Araujo,Ficção,All Screens Produção De Conteúdo Audiovisual Ltda,Telecine Programacao De Filmes Ltda,Downtown,PE,RJ,135,14485,198518.94,PE,1.0,1,2020,0,43,0,1,estreante,media,1.0,1.0,1.0,1.0,FSA e incentivo,1.1929169043198435,236816.59935365675,213317639.0,129,1,267.0,1
2021,B2100424200000,"Lutar, Lutar, Lutar","Sergio Borges Martins Filho, Helvecio Neves Marins Junior",Documentário,Canabrava Filmes Eireli,Espn Do Brasil Eventos Esportivos Ltda.,Embaúba Filmes,MG,SP,25,10525,206837.02,MG,1.0,1,2020,0,8,0,1,estreante,pequena,0.0,1.0,0.0,1.0,só incentivo,1.1929169043198435,246739.37759714155,213317639.0,129,1,267.0,1
2021,B2100218200000,Madalena,Madiano Marcheti,Ficção,Polo Ms Cinema E Vídeo Ltda,Raccord Produções Artísticas E Cinematográficas Ltda / Terceira Margem Filmes E Producoes Artisticas Ltda / Viralata Produções Ltda Me,Vitrine Filmes,MS,RJ/MT/RJ,6,246,1854.88,MS,1.0,1,2020,0,137,0,1,estreante,grande,1.0,0.0,1.0,0.0,só FSA,1.1929169043198435,2212.7177074847914,213317639.0,129,0,267.0,0
2021,B2000375600000,Mangueira Em 2 Tempos,Ana Maria Portinho Magalhaes,Documentário,Nova Era Produções De Arte Ltda,Canal Brazil S/A,Arteplex Filmes,RJ,RJ,15,1529,16936.1,RJ,1.0,1,2020,0,0,0,1,estreante,nova,0.0,1.0,0.0,1.0,só incentivo,1.1929169043198435,20203.3599832513,213317639.0,129,0,267.0,1
2021,B2000006700000,Marighella,Wagner Manicoba De Moura,Ficção,O2 Cinema Ltda,Globo Comunicação E Participações S/A / Maria Dafé Produções Artísticas Ltda / O2 Filmes Curtos Ltda,Paris,SP,RJ/RJ/SP,338,305865,5939037.02,SP,1.0,1,2020,0,23,0,1,estreante,media,2.0,1.0,1.0,1.0,FSA e incentivo,1.1929169043198435,7084777.656539348,213317639.0,129,1,267.0,1
2021,B2000542500000,Meu Nome É Bagdá,Ana Carolina Piza Alves De Souza,Ficção,Manjericão Filmes Ltda Me,,Pagu Pictures,SP,,8,873,13725.1,SP,1.0,0,2020,0,10,0,1,estreante,pequena,1.0,1.0,1.0,1.0,FSA e incentivo,1.1929169043198435,16372.903803480285,213317639.0,129,0,267.0,1
2021,B2000227100000,Meu Querido Supermercado,Tali Yankelevich,Documentário,Casa Redonda Producoes Culturais Eireli,Canal Brazil S/A / Globo Comunicação E Participações S/A,Elo Company,SP,RJ/RJ,2,67,507.0,SP,1.0,1,2020,0,72,0,1,estreante,grande,1.0,1.0,1.0,1.0,FSA e incentivo,1.1929169043198435,604.8088704901606,213317639.0,129,0,267.0,0
2021,B2100113300000,"Migliaccio, O Brasileiro Em Cena",Joao Mariano Pereira Silva Lourenco,Documentário,Afinal Filmes Ltda,Canal Brazil S/A / Globo Comunicação E Participações S/A,Bretz Filmes,RJ,RJ/RJ,4,77,1341.45,RJ,1.0,1,2020,0,13,0,1,estreante,pequena,0.0,1.0,0.0,1.0,só incentivo,1.1929169043198435,1600.2383812998542,213317639.0,129,0,267.0,0
2021,B1900493300000,Minha Fortaleza - Os Filhos De Fulano,Tatiana Lohmann Soares,Documentário,Exótica Cinematográfica - Eireli,Miração Filmes Ltda,Taturana,SP,SP,1,16,315.0,SP,1.0,1,2020,0,6,0,1,estreante,pequena,0.0,1.0,0.0,1.0,só incentivo,1.1929169043198435,375.7688248607507,213317639.0,129,0,267.0,0
2021,B1900189100000,Missão Cupido,Rodrigo Bittencourt Ramos,Ficção,Raccord Produções Artísticas e Cinematográficas Ltda,,H2O Films,RJ,,25,1182,20036.73,RJ,1.0,0,2020,0,20,0,1,estreante,media,3.0,1.0,1.0,1.0,FSA e incentivo,1.1929169043198435,23902.15392429254,213317639.0,129,0,267.0,1
2021,B2000339200000,"Nazinha, Olhai Por Nós",Jose Belisario Cabo Penna Franca,Documentário,Giros Projetos Audiovisuais Ltda,Canal Brazil S/A / Globo Comunicação E Participações S/A,Boulevard Filmes,RJ,RJ/RJ,2,21,294.59,RJ,1.0,1,2020,0,13,0,1,estreante,pequena,2.0,1.0,1.0,1.0,FSA e incentivo,1.1929169043198435,351.4213908435827,213317639.0,129,0,267.0,0
2021,B2100226000000,Nem Tudo Se Desfaz,Josias Saraiva Monteiro Neto,Documentário,Lavra Editora E Producoes Cinematograficas Eireli,,Lavra Filmes,SP,,2,241,5359.0,SP,1.0,0,2020,0,0,0,1,estreante,nova,0.0,1.0,0.0,1.0,só incentivo,1.1929169043198435,6392.841690250041,213317639.0,129,0,267.0,0
2021,B2000319500000,Nheengatu,José Duarte Seixo Barahona Fernandes,Documentário,Refinaria Produções Ltda.,,Pandora Filmes,RJ,,1,26,470.0,RJ,1.0,0,2020,0,51,0,1,estreante,media,1.0,1.0,1.0,1.0,FSA e incentivo,1.1929169043198435,560.6709450303265,213317639.0,129,0,267.0,0
2021,B2100452100000,Nina,Paulo Cesar Santana De Alcantara Filho,Ficção,Araçá Azul Produção Eventos E Turismo Ltda,,Europa Filmes,BA,,3,66,1179.49,BA,1.0,0,2020,0,0,0,1,estreante,nova,1.0,0.0,1.0,0.0,só FSA,1.1929169043198435,1407.0335594762123,213317639.0,129,0,267.0,0
2021,B2100427500000,Noite De Fogo,Tatiana Huezo,Ficção,Desvia Produções Artisticas E Audiovisuais Ltda,,Vitrine Filmes,PE,,7,272,2822.21,PE,1.0,0,2020,0,137,0,1,estreante,grande,3.0,0.0,1.0,0.0,só FSA,1.1929169043198435,3366.6620165405056,213317639.0,129,0,267.0,1
2021,B1900572800000,Noites De Alface,Jose Buarque Ferreira,Ficção,Afinal Filmes Ltda,,Pipa Produções,RJ,,13,280,5161.79,RJ,1.0,0,2020,0,17,0,1,estreante,pequena,1.0,0.0,1.0,0.0,só FSA,1.1929169043198435,6157.5865475491255,213317639.0,129,0,267.0,1
2021,B1900203600000,Nona - Si Me Mojan Yo Los Quemo,Camila José Donoso,Ficção,Cine Camila José Donoso Eirl,Bubbles Produções Artísticas Ltda,Vitrine Filmes,RJ,RJ,10,353,7439.87,RJ,1.0,1,2020,0,137,0,1,estreante,grande,1.0,0.0,1.0,0.0,só FSA,1.1929169043198435,8875.146688942074,213317639.0,129,0,267.0,1
2021,B2000155000000,O Buscador,Bernardo De Mello Barreto Carvalho,Ficção,Berny Filmes Projetos Artísticos E Culturais Ltda - Me,,O2 Play,RJ,,6,138,2635.68,RJ,1.0,0,2020,0,32,0,1,estreante,media,0.0,1.0,0.0,1.0,só incentivo,1.1929169043198435,3144.147226377725,213317639.0,129,0,267.0,0
2021,B2000364100000,O Cemitério Das Almas Perdidas,Rodrigo Simoes Aragao,Ficção,Fábulas Negras Produções Artísticas Ltda.,,Elo Company,ES,,1,63,1366.98,ES,1.0,0,2020,0,72,0,1,estreante,grande,2.0,0.0,1.0,0.0,só FSA,1.1929169043198435,1630.6935498671398,213317639.0,129,0,267.0,0
2021,B1900453800000,O Diabo Branco,Ignacio Rogers,Ficção,Magma Cine S.R.L.,Sombumbo Filmes Ltda - Me,Pandora Filmes,SP,SP,3,142,2302.75,SP,1.0,1,2020,0,51,0,1,estreante,media,2.0,0.0,1.0,0.0,só FSA,1.1929169043198435,2746.9894014225197,213317639.0,129,0,267.0,0
2021,B2100261800000,O Filho Único Do Meu Pai,"Joao Paulo Nogueira Lima, Danniel Fernandes Bezerra De Menezes, Danilo Pontes Ferreira De Carvalho",Ficção,Danilo Pontes Ferreira De Carvalho - Me,,D1 Realizações,CE,,6,852,11857.2,CE,1.0,0,2020,0,0,0,1,estreante,nova,0.0,1.0,0.0,1.0,só incentivo,1.1929169043198435,14144.65431790125,213317639.0,129,0,267.0,1
2021,B2100347700000,O Jardim Secreto De Mariana,Sergio Perez De Rezende,Ficção,Arpoador Audiovisual Ltda,Cinquenta Filmes Ltda / Globo Comunicação E Participações S/A / Morena Filmes Eireli - Me,H2O Films,RJ,RJ/RJ/RJ,29,824,17078.14,RJ,1.0,1,2020,0,20,0,1,estreante,media,1.0,1.0,1.0,1.0,FSA e incentivo,1.1929169043198435,20372.80190034089,213317639.0,129,0,267.0,1
2021,B2000484500000,O Novelo,Claudia Patricia Lima Pinheiro,Ficção,Parakino Producoes Ltda.,,O2 Play,SP,,1,70,1675.0,SP,1.0,0,2020,0,32,0,1,estreante,media,1.0,0.0,1.0,0.0,só FSA,1.1929169043198435,1998.135814735738,213317639.0,129,0,267.0,0
2021,B2000248700000,"O Palhaço, Deserto",Patricia Lobo Ferraz De Andrade,Ficção,Patricia Lobo Ferraz De Andrade Producoes,,Bretz Filmes,SP,,3,68,1545.72,SP,1.0,0,2020,0,13,0,1,estreante,pequena,0.0,0.0,0.0,0.0,sem fomento,1.1929169043198435,1843.9155173452687,213317639.0,129,0,267.0,0
2021,B2000320300000,O Sentido Da Vida,Antônio Miguel Gonçalves Mendes,Documentário,O2 Cinema Ltda,Globo Comunicação E Participações S/A,Paris,SP,RJ,11,159,2812.96,SP,1.0,1,2020,0,23,0,1,estreante,media,2.0,1.0,1.0,1.0,FSA e incentivo,1.1929169043198435,3355.627535175547,213317639.0,129,0,267.0,0
2021,B2100070100000,O Silêncio Da Chuva,Joao Carlos Daniel,Ficção,Lereby Produções Ltda,Globo Comunicação E Participações S/A,Elo Company,RJ,RJ,26,2386,42864.78,RJ,1.0,1,2020,0,72,0,1,estreante,grande,2.0,1.0,1.0,1.0,FSA e incentivo,1.1929169043198435,51134.12066195114,213317639.0,129,0,267.0,1
2021,B1800612900000,O Último Jogo,Roberto Studart Ramos De Queiroz Filho,Ficção,Primitivo Produção De Vídeo E Filmes Ltda / Truque Produtora De Cinema Tv E Vídeo Ltda,,Pandora Filmes,SP/BA,,4,80,1341.18,SP,2.0,0,2020,0,51,0,1,estreante,media,2.0,0.0,1.0,0.0,só FSA,1.1929169043198435,1599.9162937356878,213317639.0,129,0,267.0,0
2021,B2100242000000,Os Caminhos Do Meu Pai,"Mauricio Barros Osaki, Jussara Nunes Da Silveira",Ficção,Dezenove Som E Imagens Produções Ltda,,Cup Filmes,SP,,1,216,3068.23,SP,1.0,0,2020,0,1,0,1,estreante,nova,2.0,1.0,1.0,1.0,FSA e incentivo,1.1929169043198435,3660.1434333412735,213317639.0,129,0,267.0,0
2021,B1900589200000,Os Salafrários,Pedro Antonio Camargos Paes De Oliveira,Ficção,Glaz Entretenimento S.A.,,Downtown,RJ,,1,531,6903.0,RJ,1.0,0,2020,0,43,0,1,estreante,media,2.0,1.0,1.0,1.0,FSA e incentivo,1.1929169043198435,8234.705390519879,213317639.0,129,0,267.0,1
2021,B1800036200000,"Pantanal, A Boa Inocência De Nossas Origens","Izabella De Freitas Faya, Eduardo Lima De Castro Nunes",Documentário,3 Tabela Filmes E Produções Artísticas Ltda,,Elo Company,RJ,,1,3,56.37,RJ,1.0,0,2020,0,72,0,1,estreante,grande,0.0,1.0,0.0,1.0,só incentivo,1.1929169043198435,67.24472589650958,213317639.0,129,0,267.0,0
2021,B2100120000000,Pedro E Inês,António Da Rocha Cunha Ferreira,Ficção,Refinaria Produções Ltda,,Pandora Filmes,RJ,,4,230,4817.1,RJ,1.0,0,2020,0,51,0,1,estreante,media,1.0,0.0,1.0,0.0,só FSA,1.1929169043198435,5746.400019799119,213317639.0,129,0,267.0,0
2021,B1900347800000,Piedade,Claudio De Assis Ferreira,Ficção,República Pureza Filmes Ltda,Canal Brazil S/A / Perdidas Ilusões Ltda,Arthouse,RJ,RJ/PE,19,3311,57244.38,RJ,1.0,1,2020,0,24,0,1,estreante,media,2.0,1.0,1.0,1.0,FSA e incentivo,1.1929169043198435,68287.78857930876,213317639.0,129,1,267.0,1
2021,B1900508000000,"Pixinguinha, Um Homem Carinhoso",Denise Nunes Saraceni,Ficção,Ypearts Audiovisual Eireli - Me,Canal Brazil S/A / Globo Comunicação E Participações S/A,Downtown,RJ,RJ/RJ,85,5554,107569.39,RJ,1.0,1,2020,0,43,0,1,estreante,media,1.0,1.0,1.0,1.0,FSA e incentivo,1.1929169043198435,128321.34371837393,213317639.0,129,1,267.0,1
2021,B2100057900000,Por Que Você Não Chora?,Cibele Amaral Correia,Ficção,Expresso Brasil Producoes De Audio Visuais Eireli ­ Me,,O2 Play,DF,,3,260,5439.23,DF,1.0,0,2020,0,32,0,1,estreante,media,1.0,1.0,1.0,1.0,FSA e incentivo,1.1929169043198435,6488.549413483622,213317639.0,129,0,267.0,0
2021,B1900490500000,Proibido Nascer No Paraíso,Joana Guedes Nin Ferreira,Documentário,Sambaqui Cultural Cine Vídeo Ltda,,Boulevard Filmes,PR,,1,1290,9291.36,PR,1.0,0,2020,0,13,0,1,estreante,pequena,2.0,0.0,1.0,0.0,só FSA,1.1929169043198435,11083.820408121222,213317639.0,129,0,267.0,1
2021,B2000502900000,Quem Vai Ficar Com Mário,Hsu Chien Hsin,Ficção,Sincrocine Produções Cinematográficas Ltda,,Paris,RJ,,164,12675,227998.13,RJ,1.0,0,2020,0,23,0,1,estreante,media,2.0,1.0,1.0,1.0,FSA e incentivo,1.1929169043198435,271982.82343031326,213317639.0,129,1,267.0,1
2021,B1900299800000,Raia 4,Emiliano Fischer Cunha,Ficção,Lockheart Filmes Ltda.,,Boulevard Filmes,RS,,2,43,655.97,RS,1.0,0,2020,0,13,0,1,estreante,pequena,1.0,0.0,1.0,0.0,só FSA,1.1929169043198435,782.5177017266878,213317639.0,129,0,267.0,0
2021,B2100290600000,Reação Em Cadeia,Marcio Garcia Machado,Ficção,Mgp Entretenimento Ltda,,Paris,MG,,107,3075,59370.69,MG,1.0,0,2020,0,23,0,1,estreante,media,1.0,1.0,1.0,1.0,FSA e incentivo,1.1929169043198435,70824.29972213309,213317639.0,129,1,267.0,1
2021,B1900425300000,Rodantes,Leandro Henrique Bezerra Lara,Ficção,Mosquito Video E Design Ltda,,Zeta Filmes,MG,,10,241,4869.06,MG,1.0,0,2020,0,0,0,1,estreante,nova,1.0,0.0,1.0,0.0,só FSA,1.1929169043198435,5808.383982147578,213317639.0,129,0,267.0,0
2021,B1900061900000,Rumo,"Mariana Pamplona, Flavio Coutinho De Senna Frederico",Documentário,Kinoscópio Cinematográfica E Comércio Ltda - Epp,Canal Brazil S/A,Kinoscópio,SP,RJ,9,152,2741.0,SP,1.0,1,2020,0,2,0,1,estreante,nova,1.0,1.0,1.0,1.0,FSA e incentivo,1.1929169043198435,3269.785234740691,213317639.0,129,0,267.0,0
2021,B2100467400000,Sars-Cov-2 O Tempo Da Pandemia,"Lauro Escorel De Moraes Filho, Eduardo Escorel De Moraes",Documentário,Movi & Art Producoes Cinematograficas Eireli,,Arteplex Filmes,SP,,9,114,2094.55,SP,1.0,0,2020,0,0,0,1,estreante,nova,0.0,0.0,0.0,0.0,sem fomento,1.1929169043198435,2498.6241019431286,213317639.0,129,0,267.0,0
2021,B2000097600000,Selvagem,Diego Da Costa,Ficção,Pietà Filmes E Produções Ltda Epp,Dgt Filmes Ltda - Epp,Pietà Filmes,SP,SP,9,1361,8106.06,SP,1.0,1,2020,1,1,0,0,iniciante,nova,2.0,1.0,1.0,1.0,FSA e incentivo,1.1929169043198435,9669.856001430911,213317639.0,129,0,267.0,1
2021,B1900039300000,Siron. Tempo Sobre Tela,"Rodrigo De Barros Correia Accioly Campos, Andre Guerreiro Lopes",Documentário,Pacto Audiovisual Produtores Associados Ltda,,Pandora Filmes,PE,,2,21,409.59,PE,1.0,0,2020,0,51,0,1,estreante,media,1.0,0.0,1.0,0.0,só FSA,1.1929169043198435,488.6068348403647,213317639.0,129,0,267.0,0
2021,B1800567100000,Tais & Taiane,Augusto Cesar Correa Seva,Ficção,Albatroz Cinematográfica Ltda,Andrade Produções Cinematográficas Ltda,Pandora Filmes,SP,SP,2,38,676.86,SP,1.0,1,2020,0,51,0,1,estreante,media,3.0,1.0,1.0,1.0,FSA e incentivo,1.1929169043198435,807.4377358579293,213317639.0,129,0,267.0,0
2021,B2100496300000,Turma Da Mônica: Lições,Daniel Marques Rezende Pereira,Ficção,Biônica Cinema E Tv Ltda,Globo Comunicação E Participações S/A / Paris Produções Cinematográficas Ltda,Paris,SP,RJ/SP,909,814543,13490812.07,SP,1.0,1,2020,0,23,0,1,estreante,media,0.0,1.0,0.0,1.0,só incentivo,1.1929169043198435,16093417.771305181,213317639.0,129,1,267.0,1
2021,B1900623600000,Um Animal Amarelo,Felipe Moura Braganca,Ficção,Dm Filmes E Produções Artísticas Ltda,,Olhar Distribuição,RJ,,10,252,4207.76,RJ,1.0,0,2020,0,12,0,1,estreante,pequena,1.0,0.0,1.0,0.0,só FSA,1.1929169043198435,5019.508033320865,213317639.0,129,0,267.0,0
2021,B2100278800000,Um Casal Inseparável,Sergio Goldenberg,Ficção,Tv Zero Cinema Ltda,Globo Comunicação E Participações S/A / Telecine Programacao De Filmes Ltda / Trópicos Arte E Comunicação Ltda. Me,H2O Films,RJ,RJ/RJ/RJ,16,868,16151.53,RJ,1.0,1,2020,1,20,0,0,iniciante,media,1.0,1.0,1.0,1.0,FSA e incentivo,1.1929169043198435,19267.433167629082,213317639.0,129,0,267.0,1
2021,B2000402100000,Um Dia Com Jerusa,Viviane Ferreira Da Cruz,Ficção,Odun Produção De Bens Culturais Ltda,,Odun Filmes,SP,,2,27,587.33,SP,1.0,0,2020,0,0,0,1,estreante,nova,1.0,0.0,1.0,0.0,só FSA,1.1929169043198435,700.6358854141738,213317639.0,129,0,267.0,0
2021,B2000513600000,Um Tio Quase Perfeito 2,Pedro Antonio Camargos Paes De Oliveira,Ficção,Arpoador Audiovisual Ltda,Globo Comunicação E Participações S/A / Morena Filmes Eireli - Me /  Telecine Programacao De Filmes,H2O Films,RJ,RJ/RJ/RJ,417,73216,1151507.05,RJ,1.0,1,2020,0,20,0,1,estreante,media,1.0,1.0,1.0,1.0,FSA e incentivo,1.1929169043198435,1373652.2253884755,213317639.0,129,1,267.0,1
2021,B2000533500000,Un Crimen Común,Francisco Márquez,Ficção,Multiverso Filmes Produções Artísticas Ltda,,Vitrine Filmes,SP,,9,989,17422.02,SP,1.0,0,2020,0,137,0,1,estreante,grande,0.0,0.0,0.0,0.0,sem fomento,1.1929169043198435,20783.0221653984,213317639.0,129,0,267.0,1
2021,B2000461200000,Valentina,Cassio Pereira Dos Santos,Ficção,Campo Cerrado Produções E Serviços Audiovisuais Ltda,Corriola Produção De Serviços Audiovisuais Ltda. Me / Kocria Produções E Serviços Audiovisuais Ltda,Anagrama Filmes,MG,DF/DF,11,175,3345.24,MG,1.0,1,2020,0,3,0,1,estreante,nova,1.0,0.0,1.0,0.0,só FSA,1.1929169043198435,3990.5933450069133,213317639.0,129,0,267.0,0
2021,B1900454200000,Veneza,Miguel Falabella De Sousa Aguiar,Ficção,Anana Producoes Audiovisuais E Eventos Ltda,Globo Comunicação E Participações S/A,Imagem,RJ,RJ,176,7477,143772.16,RJ,1.0,1,2020,0,73,0,1,estreante,grande,2.0,1.0,1.0,1.0,FSA e incentivo,1.1929169043198435,171508.24003457723,213317639.0,129,1,267.0,1
2021,B2000473600000,Vento Seco,Daniel Nolasco De Souza,Ficção,Panaceia Producoes Audiovisuais Ltde-Me,Estúdio Giz Produções Ltda. - Me,Olhar Distribuição,GO,RJ,4,563,11172.18,GO,1.0,1,2020,0,12,0,1,estreante,pequena,1.0,0.0,1.0,0.0,só FSA,1.1929169043198435,13327.48238010407,213317639.0,129,0,267.0,1
2021,B2100339400000,Virando A Mesa,Caio Nogueira Cobra Varajao,Ficção,Media Bridge Produções Ltda / Paris Produções Cinematográficas Ltda,C. N. Cobra Producoes Artisticas Ltda,Paris,RJ/SP,,6,37,542.06,RJ,2.0,1,2020,0,23,0,1,estreante,media,0.0,0.0,0.0,0.0,sem fomento,1.1929169043198435,646.6325371556143,213317639.0,129,0,267.0,0
2021,B2100281200000,Você Não É Um Soldado,"Maria Carolina Telles, Aleksei Wrobel Abib",Documentário,Elo Audiovisual Serviços Ltda,Mstk Produções Cinematográficas Ltda-Me / Snack Rede De Canais Ltda,Elo Company,SP,SP/SP,1,24,52.0,SP,1.0,1,2020,0,72,0,1,estreante,grande,0.0,1.0,0.0,1.0,só incentivo,1.1929169043198435,62.03167902463186,213317639.0,129,0,267.0,0
2021,B2100259600000,Wandering Heart,Leonardo Esteban Brzezicki Conde,Ficção,Camisa Treze Cultural Ltda,,Elo Company,SP,,1,20,399.8,SP,1.0,0,2020,0,72,0,1,estreante,grande,0.0,1.0,0.0,1.0,só incentivo,1.1929169043198435,476.92817834707347,213317639.0,129,0,267.0,0
2021,B2000059800000,Wild - Rede Selvagem,"Julio Boucada Mauro Inacio Peixoto, Dener Jose Giovanini",Documentário,Dg Consultoria E Comunicação Ambiental Ltda,Globo Comunicação E Participações S/A,Bretz Filmes,DF,RJ,2,16,276.32,DF,1.0,1,2020,0,13,0,1,estreante,pequena,0.0,1.0,0.0,1.0,só incentivo,1.1929169043198435,329.62679900165915,213317639.0,129,0,267.0,0
2021,B2000042900000,Zimba,Joel Pizzini Filho,Documentário,Leminiscata Filmes Ltda-Me,Canal Brazil S/A / Globo Comunicação E Participações S/A,Bretz Filmes,SP,RJ/RJ,2,58,1037.03,SP,1.0,1,2020,0,13,0,1,estreante,pequena,0.0,1.0,0.0,1.0,só incentivo,1.1929169043198435,1237.0906172868074,213317639.0,129,0,267.0,0
2022,B2200390500000,#,Caio Tedeschi De Andrade,Ficção,Cinema Bruto Produção Cinematográfica E Cultural - Eireli,Canal Brazil S/A,Cinema Bruto,RJ,RJ,1,7,155.89,RJ,1.0,1,2020,0,0,0,1,estreante,nova,0.0,0.0,0.0,0.0,sem fomento,1.0916156651625273,170.17196604218637,,173,0,535.0,0
2022,B2200063900000,1999 - A Conquista Da América,"Ricardo Pereira Marinho Aidar, Mauro Alexandre Zioni Beting, Marcela Coelho Nascimento",Documentário,Canal Azul Consultoria Audiovisual - Eireli,,Elo Company,SP,,1,1122,17189.94,SP,1.0,0,2020,0,86,0,1,estreante,grande,1.0,0.0,1.0,0.0,só FSA,1.0916156651625273,18764.807787203932,,173,0,535.0,1
2022,B2100362100000,45 Do Segundo Tempo,Luiz Fernando Villaca,Ficção,Bossa Nova Films Criacoes E Producoes S/A,Globo Comunicação E Participações S/A /Maiomidia Comunicacao Ltda /Telecine Programacao De Filmes Ltda,Paris,SP,RJ/RJ/RJ,244,27087,549385.25,SP,1.0,1,2020,0,37,0,1,estreante,media,2.0,1.0,1.0,1.0,FSA e incentivo,1.0916156651625273,599717.5451092314,,173,1,535.0,1
2022,B2000263300000,5 Casas,Bruno Gularte Barreto,Documentário,Vulcana Cinema Ltda,Bruno Gularte Barreto,Lança Filmes,RS,RS,7,524,6393.77,RS,1.0,1,2020,0,12,1,1,estreante,pequena,2.0,0.0,1.0,0.0,só FSA,1.0916156651625273,6979.539491446212,,173,0,535.0,0
2022,B2200370800000,7 Cortes De Cabelo No Congo.,"Pedro Rossi De Sequeira E Silva, Luciana Braga Bezerra, Gustavo Dos Santos Melo Da Silva",Documentário,Coevos Filmes Ltda,,Coevos Filmes,RJ,,1,56,164.0,RJ,1.0,0,2020,0,0,0,1,estreante,nova,0.0,0.0,0.0,0.0,sem fomento,1.0916156651625273,179.02496908665447,,173,0,535.0,0
2022,B1900494600000,A Batalha De Shangri-Lá,"Rafael De Carvalho, Adelino Severino Da Silva Neto",Ficção,Molêra Produção De Filmes Ltda,Moro Comunicacao Ltda,Moro Filmes,MT,PR,4,89,1341.34,MT,1.0,1,2020,0,1,0,1,estreante,nova,2.0,0.0,1.0,0.0,só FSA,1.0916156651625273,1464.2277563091043,,173,0,535.0,0
2022,B1900117400000,A Colmeia,Gilson Padilha De Vargas,Ficção,Cinematográfica Pata Negra Ltda,,Lança Filmes,RS,,13,705,9990.39,RS,1.0,0,2020,0,12,0,1,estreante,pequena,1.0,0.0,1.0,0.0,só FSA,1.0916156651625273,10905.66622508306,,173,0,535.0,1
2022,B2000294200000,A Espera De Liz,Bruno Torres Moraes,Ficção,Aquarela Produções Culturais Ltda,Sascha S. Kratzer - Me,Pandora Filmes,DF,DF,16,258,4572.33,DF,1.0,1,2020,0,62,0,1,estreante,grande,1.0,0.0,1.0,0.0,só FSA,1.0916156651625273,4991.227054292578,,173,0,535.0,0
2022,B2000523000000,A Fantástica Fábrica De Golpes,"Victor Manoel Almeida Fraga, Valnei Souza Nunes Filho",Documentário,Valnei Souza Nunes Filho,,Valnei Souza Nunes Filho,SP,,2,472,14834.0,SP,1.0,0,2020,0,0,0,1,estreante,nova,0.0,0.0,0.0,0.0,sem fomento,1.0916156651625273,16193.02677702093,,173,0,535.0,0
2022,B2200146400000,A Felicidade Das Coisas,Thais Fujinaga,Ficção,Filmes De Plastico Producoes Audiovisuais Ltda - Me,Liracine Produções Audiovisuais Ltda - Epp,Embaúba Filmes,MG,SP,11,986,13459.13,MG,1.0,1,2020,0,9,0,1,estreante,pequena,1.0,0.0,1.0,0.0,só FSA,1.0916156651625273,14692.197147458925,,173,0,535.0,1
2022,B1900093000000,A Jangada De Welles,"Petrus Cariri Maia De Moura, Firmino De Holanda Cavalcante Neto",Documentário,Iluminura Cinema E Multimidia Ltda,,Sereia Filmes,CE,,8,579,7527.54,CE,1.0,0,2020,0,3,0,1,estreante,nova,1.0,0.0,1.0,0.0,só FSA,1.0916156651625273,8217.18058413753,,173,0,535.0,1
2022,B2100498100000,A Jaula,Joao Xavier Wainer De Oliveira,Ficção,Tx Conteudo E Entretenimento Eireli,Cinema Produções Digitais Ltda,Disney,SP,SP,237,23083,399844.93,SP,1.0,1,2020,0,14,0,1,estreante,pequena,0.0,1.0,0.0,1.0,só incentivo,1.0916156651625273,436476.98922381416,,173,1,535.0,1
2022,B2100364800000,A Mãe,Cristiano Burlan Da Silva,Ficção,Bela Filmes Produções Ltda Me,Filmes Da Garoa Produções Ltda /Ivan Carlos De Melo Produções Culturais Me,Cup Filmes,SP,SP/SP,15,1561,21983.38,SP,1.0,1,2020,0,2,0,1,estreante,nova,1.0,1.0,1.0,1.0,FSA e incentivo,1.0916156651625273,23997.4019812206,,173,0,535.0,1
2022,B2000523200000,A Mesma Parte De Um Homem,Ana Paula Johann,Ficção,Grafo Audiovisual Ltda Me,Ana Paula Johann,Olhar Distribuição,PR,,5,532,7667.18,PR,1.0,1,2020,0,14,1,1,estreante,pequena,2.0,0.0,1.0,0.0,só FSA,1.0916156651625273,8369.613795620826,,173,0,535.0,0
2022,B2000096300000,A Morte Habita À Noite,Eduardo Henrique Moroto De Oliveira,Ficção,L L Mecchi Producoes /Plano 9 Produções Audiovisuais Ltda,Eduardo Henrique Moroto De Oliveira,Vitrine Filmes,PE,,10,511,4931.29,PE,1.0,1,2020,0,149,0,1,estreante,grande,2.0,1.0,1.0,1.0,FSA e incentivo,1.0916156651625273,5383.073413459319,,173,0,535.0,0
2022,B2100349700000,A Queda,Diego Rocha Santos,Ficção,Dromedario Cinema E Video Ltda - Epp,,O2 Play,MG,,7,226,4402.45,MG,1.0,0,2020,0,41,0,1,estreante,media,1.0,0.0,1.0,0.0,só FSA,1.0916156651625273,4805.783385094768,,173,0,535.0,0
2022,B2100432000000,A Suspeita,Pedro Engellaum Peregrino,Ficção,Formata Producoes E Conteudo Ltda.,Audaz Filmes Producoes Artisticas E Cinematograficas Ltda,Imagem,SP,RJ,112,6679,132721.06,SP,1.0,1,2020,0,76,0,1,estreante,grande,1.0,1.0,1.0,1.0,FSA e incentivo,1.0916156651625273,144880.3881929757,,173,1,535.0,1
2022,B2100263400000,A Viagem De Pedro,Lais Bodanzky,Ficção,Biônica Cinema E Tv Ltda. /Buriti Filmes Ltda,Globo Comunicação E Participações S/A / Cauã Reymond Produções Artísticas Eireli - Epp / O2,Vitrine Filmes,SP/SP,RJ/RJ/SP,56,8706,157771.19,SP,1.0,1,2020,0,149,0,1,estreante,grande,2.0,1.0,1.0,1.0,FSA e incentivo,1.0916156651625273,172225.50251533347,,173,1,535.0,1
2022,B2200124400000,Abestalhados 2,"Marcos Joel Jorge, Marcelo Botta Riani Costa",Ficção,Citizencrane - Producoes Cinematograficas Ltda - Me,Salvatore Filmes Ltda,Disney,SP,SP,54,2130,42249.58,SP,1.0,1,2020,0,14,0,1,estreante,pequena,1.0,1.0,1.0,1.0,FSA e incentivo,1.0916156651625273,46120.30337453741,,173,0,535.0,1
2022,B2200251100000,Acampamento Intergaláctico,Fabricio Pires Bittar De Carvalho,Ficção,Clubtv Produções E Entretenimento Eireli,,Synapse,SP,,130,28632,528820.77,SP,1.0,0,2020,0,1,0,1,estreante,nova,0.0,0.0,0.0,0.0,sem fomento,1.0916156651625273,577269.0365953099,,173,1,535.0,1
2022,B2200398000000,Ademã - A Vida E As Notas De Ibrahim Sued,"Paulo Henrique Silveira Fontenelle Bizerril, Isabel Cristina Drumond De Sued",Documentário,Beaucastel Produçoes Artisticas Ltda,Globo Comunicação E Participações S/A / Canal Brazil S/A,Beaucastel Filmes,RJ,RJ/RJ,1,51,612.0,RJ,1.0,1,2020,0,0,0,1,estreante,nova,0.0,1.0,0.0,1.0,só incentivo,1.0916156651625273,668.0687870794667,,173,0,535.0,0
2022,B1900245500000,Águas Selvagens,Roly Santos,Ficção,Laz Audiovisual Ltda,,Imagem,PR,,45,998,20680.53,PR,1.0,0,2020,0,76,0,1,estreante,grande,2.0,1.0,1.0,1.0,FSA e incentivo,1.0916156651625273,22575.1905118636,,173,0,535.0,1
2022,B2200023200000,Aldeotas,Paulo Rogerio Da Silva,Ficção,Gullane Entretenimento S.A.,Nucleo Independente De Produção Ltda. - Epp /Paulo Rogério Da Silva Produções,Gullane Entretenimento,SP,SP/SP,7,258,3243.07,SP,1.0,1,2020,0,5,1,1,estreante,pequena,1.0,0.0,1.0,0.0,só FSA,1.0916156651625273,3540.1860152186377,,173,0,535.0,0
2022,B2000141100000,Além Da Lenda - Filme,"Marilia Feldhues Reis Pereira, Marcos Antonio De Franca Junior",Animação,Viu Cine Comunicacao Ltda,,Boulevard Filmes,PE,,24,2970,42982.68,PE,1.0,0,2020,0,17,0,1,estreante,pequena,1.0,0.0,1.0,0.0,só FSA,1.0916156651625273,46920.566818668056,,173,1,535.0,1
2022,B2200048000000,Alemão 2,Jose Eduardo Belmonte Dos Santos,Ficção,Camisa Treze Cultural Ltda,,Vitrine Filmes,SP,,279,40518,787929.31,SP,1.0,0,2020,1,149,1,0,iniciante,grande,1.0,1.0,1.0,1.0,FSA e incentivo,1.0916156651625273,860115.9778367012,,173,1,535.0,1
2022,B2200149500000,Alice Dos Anjos,Daniel Leite Almeida,Ficção,Ato3 Producoes Artisticas E Editoriais Ltda - Me,,Elo Company,BA,,4,22,244.0,BA,1.0,0,2020,0,86,0,1,estreante,grande,1.0,0.0,1.0,0.0,só FSA,1.0916156651625273,266.35422229965667,,173,0,535.0,0
2022,B2200309700000,Alice No Mundo Da Internet,Fabricio Pires Bittar De Carvalho,Ficção,Clubtv Produções E Entretenimento Eireli,,Synapse,SP,,2,12,179.0,SP,1.0,0,2020,0,1,0,1,estreante,nova,0.0,0.0,0.0,0.0,sem fomento,1.0916156651625273,195.39920406409237,,173,0,535.0,0
2022,B2200065000000,Amado,"Erik Luis De Castro Oliveira, Eduardo Felistoque",Ficção,Bsb Cinema Producoes Ltda,,Downtown,DF,,22,1313,26306.1,DF,1.0,0,2020,0,48,0,1,estreante,media,1.0,0.0,1.0,0.0,só FSA,1.0916156651625273,28716.150849331956,,173,0,535.0,1
2022,B2200201200000,Amigo Secreto,Maria Augusta Freire De Carvalho Ramos,Documentário,Nofoco Filmes Produções Cinematograficas Ltda,Vitrine Filmes Ltda,Vitrine Filmes,RJ,SP,41,13011,256347.66,RJ,1.0,1,2020,0,149,0,1,estreante,grande,0.0,0.0,0.0,0.0,sem fomento,1.0916156651625273,279833.1213837574,,173,1,535.0,1
2022,B1201566500000,Amigos De Risco,Daniel Bandeira,Ficção,Símio Filmes Ltda,,Inquieta Cine,PE,,3,57,632.0,PE,1.0,0,2020,0,0,0,1,estreante,nova,0.0,0.0,0.0,0.0,sem fomento,1.0916156651625273,689.9011003827172,,173,0,535.0,0
2022,B2100115300000,Aos Nossos Filhos,Maria De Medeiros Esteves Victorino De Almeida,Ficção,Jlm Produções Artísticas Ltda,Globo Comunicação E Participações S/A / Canal Brazil S/A,Imovision,RJ,RJ/RJ,23,4426,88741.33,RJ,1.0,1,2020,0,69,0,1,estreante,grande,1.0,1.0,1.0,1.0,FSA e incentivo,1.0916156651625273,96871.42597535734,,173,1,535.0,1
2022,B2100120300000,Aquilo Que Eu Nunca Perdi,Marina Da Costa Thome,Documentário,Pratuvê Prestação De Serviços Em Edição De Imagens Ltda - Me,,Descoloniza Filmes,SP,,7,272,3579.08,SP,1.0,0,2020,0,4,0,1,estreante,nova,0.0,0.0,0.0,0.0,sem fomento,1.0916156651625273,3906.979794869898,,173,0,535.0,0
2022,B2200117200000,Arthur Moreira Lima - Um Piano Para Todos,Marcelo Mazuras,Documentário,Casa Maior Produções Culturais Ltda-Me,,A2 Filmes,SP,,1,59,888.0,SP,1.0,0,2020,0,1,0,1,estreante,nova,0.0,0.0,0.0,0.0,sem fomento,1.0916156651625273,969.3547106643242,,173,0,535.0,0
2022,B2100433200000,As Almas Que Dançam No Escuro,Marcos Henrique Garcia De Brito,Ficção,Encripta S/A,,Elite Filmes,SP,,3,43,891.72,SP,1.0,0,2020,0,4,0,1,estreante,nova,0.0,0.0,0.0,0.0,sem fomento,1.0916156651625273,973.4155209387288,,173,0,535.0,0
2022,B2100458300000,As Verdades,Jose Eduardo Belmonte Dos Santos,Ficção,Gullane Entretenimento S.A.,Globo Comunicação E Participações S/A / Canal Brazil S/A,Gullane Entretenimento,SP,RJ/RJ,13,1479,29563.95,SP,1.0,1,2020,1,5,1,0,iniciante,pequena,0.0,1.0,0.0,1.0,só incentivo,1.0916156651625273,32272.4709440817,,173,0,535.0,1
2022,B2200223200000,Assalto Na Paulista,Flavio Coutinho De Senna Frederico,Ficção,Kinoscópio Cinematográfica E Comércio Ltda - Epp,,Kinoscópio,SP,,21,1523,31282.3,SP,1.0,0,2020,0,3,1,1,estreante,nova,2.0,1.0,1.0,1.0,FSA e incentivo,1.0916156651625273,34148.24872231373,,173,0,535.0,1
2022,B2000332000000,Avó Dezanove E O Segredo Do Soviético,João Carlos Alves De Vasconcelos Ribeiro,Ficção,Grafo Audiovisual Ltda Me,,Olhar Distribuição,PR,,1,6,80.0,PR,1.0,0,2020,0,14,1,1,estreante,pequena,1.0,0.0,1.0,0.0,só FSA,1.0916156651625273,87.32925321300218,,173,0,535.0,0
2022,B2200285200000,Bem-Vinda A Quixeramobim,Halder Catunda Gomes,Ficção,Glaz Entretenimento S.A.,Globo Comunicação E Participações S/A,Downtown,RJ,RJ,53,70398,1200464.92,RJ,1.0,1,2020,0,48,1,1,estreante,media,1.0,1.0,1.0,1.0,FSA e incentivo,1.0916156651625273,1310446.31215008,,173,1,535.0,1
2022,B2000110400000,Brasil África - Um Elo Natural,Dener Jose Giovanini,Documentário,Dg Consultoria E Comunicação Ambiental Ltda.,,Bretz Filmes,DF,,2,23,452.71,DF,1.0,0,2020,0,21,0,1,estreante,media,0.0,1.0,0.0,1.0,só incentivo,1.0916156651625273,494.1853277757277,,173,0,535.0,0
2022,B2200042500000,Brasileiríssima,Andre Bushatsky,Documentário,Twins Bushatsky Produções Cinematográficas Ltda.,Globo Comunicação E Participações S/A / Canal Brazil S/A,Bretz Filmes,SP,RJ/RJ,3,83,1335.75,SP,1.0,1,2020,0,21,0,1,estreante,media,0.0,1.0,0.0,1.0,só incentivo,1.0916156651625273,1458.1256247408458,,173,0,535.0,0
2022,B1900541900000,Breve História Do Planeta Verde,Santiago Loza,Ficção,Anavilhana Filmes Ltda - Me,,Embaúba Filmes,MG,,8,259,2543.12,MG,1.0,0,2020,0,9,0,1,estreante,pequena,1.0,0.0,1.0,0.0,só FSA,1.0916156651625273,2776.1096303881263,,173,0,535.0,0
2022,B1800375900000,Cano Serrado,Erik Luis De Castro Oliveira,Ficção,Bsb Cinema Producoes Ltda,Globo Comunicação E Participações S/A /Xanadu Produções Cinematográficas Ltda,H2O Films,DF,RJ/RJ,49,990,17945.57,DF,1.0,1,2020,0,25,0,1,estreante,media,1.0,1.0,1.0,1.0,FSA e incentivo,1.0916156651625273,19589.665332270695,,173,0,535.0,1
2022,B2100433800000,Carro Rei,Renata Belo Pinheiro Pinto,Ficção,Aroma Filmes Ltda Me.,,Boulevard Filmes,PE,,13,612,9685.64,PE,1.0,0,2020,0,17,0,1,estreante,pequena,2.0,0.0,1.0,0.0,só FSA,1.0916156651625273,10572.99635112478,,173,0,535.0,1
2022,B2200312700000,Carvão,Carolina Markowicz Bastos,Ficção,Cinematográfica Superfilmes Ltda,Biônica Cinema E Tv Ltda. /Carolina Markowicz Bastos - Me /Telecine Programacao De Filmes Ltda / Canal Brazil S/A,Pandora Filmes,SP,SP/SP/RJ/RJ,20,4902,86425.88,SP,1.0,1,2020,0,62,0,1,estreante,grande,3.0,0.0,1.0,0.0,só FSA,1.0916156651625273,94343.84448345676,,173,1,535.0,1
2022,B2000429100000,Casa De Antiguidades,Joao Paulo Miranda Maria,Ficção,Be Bossa Nova Criacoes E Producoes S/A,Cinema Caipira Criacoes E Producoes Ltda-Me / Canal Brazil S/A,Pandora Filmes,SP,SP/RJ,7,514,7363.35,SP,1.0,1,2020,0,62,1,1,estreante,grande,1.0,0.0,1.0,0.0,só FSA,1.0916156651625273,8037.948208074496,,173,0,535.0,0
2022,B2100300200000,Cavalo De Santo,"Mirian Papaleo Fichtner, Carlos Eduardo Abrahao Caramez",Documentário,Cubo Filmes Produções E Eventos Ltda - Me,,Cubo Filmes,RS,,2,139,1073.0,RS,1.0,0,2020,0,0,0,1,estreante,nova,0.0,0.0,0.0,0.0,sem fomento,1.0916156651625273,1171.3036087193918,,173,0,535.0,0
2022,B2200375000000,Chico Para Sempre,Wagner Luiz De Assis Coelho,Documentário,Cinética Filmes E Produções Ltda.,,Film Connection,RJ,,53,8077,144912.16,RJ,1.0,0,2020,0,4,0,1,estreante,nova,2.0,0.0,1.0,0.0,só FSA,1.0916156651625273,158188.3839285386,,173,1,535.0,1
2022,B1700110100000,Clarice Lispector - A Descoberta Do Mundo,Taciana Maria De Fatima Oliveira,Documentário,Zest Artes E Comunicação Ltda,,Anagrama Filmes,PE,,13,4715,66763.05,PE,1.0,0,2020,0,4,0,1,estreante,nova,0.0,0.0,0.0,0.0,sem fomento,1.0916156651625273,72879.59123402907,,173,1,535.0,1
2022,B2200305200000,Coisa Pública,Andre Borelli Martins,Ficção,Andre Borelli Martins,,Borelli Produções,SP,,3,145,2914.0,SP,1.0,0,2020,0,0,0,1,estreante,nova,0.0,0.0,0.0,0.0,sem fomento,1.0916156651625273,3180.9680482836043,,173,0,535.0,0
2022,B2000151700000,Contactado,Marité Ugas,Ficção,Klaxon Cultura Audiovisual Ltda-Me,,Pandora Filmes,SP,,4,107,2136.75,SP,1.0,0,2020,0,62,0,1,estreante,grande,2.0,0.0,1.0,0.0,só FSA,1.0916156651625273,2332.50977253603,,173,0,535.0,0
2022,B2200299300000,Cordialmente Teus,Aimar Labaki Junior,Ficção,Canal Azul Consultoria Audiovisual - Eireli,Lep Lugar De Encontros E Producoes Ltda,Pandora Filmes,SP,SP,6,443,7223.48,SP,1.0,1,2020,0,62,0,1,estreante,grande,1.0,0.0,1.0,0.0,só FSA,1.0916156651625273,7885.263924988212,,173,0,535.0,0
2022,B1900308000000,Curtas Jornadas Noite Adentro,Thiago Mendonca,Ficção,Memória Viva Produção De Imagem E Texto Ltda,,Livres Filmes,SP,,11,364,4229.5,SP,1.0,0,2020,0,19,0,1,estreante,pequena,2.0,0.0,1.0,0.0,só FSA,1.0916156651625273,4616.988455804909,,173,0,535.0,0
2022,B2200202000000,De Repente Drag,Rafaela De Oliveira Goncalves,Ficção,Matraca Filmes Eireli,,Elo Company,MA,,8,898,15801.2,MA,1.0,0,2020,0,86,0,1,estreante,grande,1.0,0.0,1.0,0.0,só FSA,1.0916156651625273,17248.83744836613,,173,0,535.0,1
2022,B2100168000000,Dentro Da Caixinha - Segredo De Criança,Guilherme Franklin Reis,Ficção,Postura Digital Filmes Eireli,,Cineart Filmes,MG,,6,709,14553.43,MG,1.0,0,2020,0,2,0,1,estreante,nova,0.0,0.0,0.0,0.0,sem fomento,1.0916156651625273,15886.75216984628,,173,0,535.0,1
2022,B1900545200000,Desterro,Maria Clara Terra Escobar,Ficção,Filmes De Abril Produções Audiovisuais Ltda,,Embaúba Filmes,SP,,11,508,4010.2,SP,1.0,0,2020,0,9,0,1,estreante,pequena,1.0,0.0,1.0,0.0,só FSA,1.0916156651625273,4377.5971404347665,,173,0,535.0,0
2022,B2100018500000,Detetives Do Prédio Azul 3 - Uma Aventura No Fim Do Mundo,Mauro Ribeiro De Lima,Ficção,Paris Produções Cinematográficas Ltda,Globo Comunicação E Participações S/A /Globosat Programadora Ltda / Rsmts Empreendimentos E Participacoes Ltda,Paris,SP,RJ/RJ/RJ,849,425851,8213623.76,SP,1.0,1,2020,0,37,2,1,estreante,media,1.0,1.0,1.0,1.0,FSA e incentivo,1.0916156651625273,8966120.364167139,,173,1,535.0,1
2022,B2200073000000,Deus Tem Aids,"Gustavo Vinagre Alves, Fabio De Barros Leal",Documentário,Ponte Produtoras Associadas Ltda,Aspera Producoes Artisticas E Cinematograficas Ltda. /Carneiro Verde Filmes /Sancho Filmes Ltda Me.,Vitrine Filmes,PE,PE/MG/SP,9,158,2414.09,PE,1.0,1,2020,0,149,0,1,estreante,grande,1.0,0.0,1.0,0.0,só FSA,1.0916156651625273,2635.2584611122056,,173,0,535.0,0
2022,B2100103100000,Diário De Viagem,Paula Un Mi Kim,Ficção,Paula Un Mi Kim - Produções - Me,Dezenove Som E Imagens Produções Ltda - Epp /Canal Brazil S/A,Pandora Filmes,SP,SP/RJ,5,383,6664.16,SP,1.0,1,2020,0,62,0,1,estreante,grande,2.0,1.0,1.0,1.0,FSA e incentivo,1.0916156651625273,7274.701451149508,,173,0,535.0,0
2022,B2200184200000,Dissonantes,Pedro Miguel Nazareth Amorim,Ficção,Querosene Produções Artisticas E Cinematográficas Ltda,,Disney,SP,,4,119,2363.63,SP,1.0,0,2020,0,14,0,1,estreante,pequena,0.0,1.0,0.0,1.0,só incentivo,1.0916156651625273,2580.1755346481045,,173,0,535.0,0
2022,B2100271600000,Duetto,Vicente Luiz Nazareth Amorim,Ficção,Nexus Cinema E Vídeo Ltda,,Imagem,SP,,114,2646,52633.51,SP,1.0,0,2020,1,76,0,0,iniciante,grande,2.0,2.0,1.0,1.0,FSA e incentivo,1.0916156651625273,57455.56402848853,,173,0,535.0,1
2022,B2000096200000,Eduardo E Mônica,Rene Sampaio De Honorio Ferreira,Ficção,Globo Comunicação E Participações S/A,De Felippes Filmes E Produções Ltda /Fogo Cerrado - Imagens E Servicos Ltda /O2 Filmes Curtos Ltda,Downtown,RJ,RJ/DF/SP,650,390003,7392862.13,RJ,1.0,1,2020,0,48,1,1,estreante,media,1.0,1.0,1.0,1.0,FSA e incentivo,1.0916156651625273,8070164.111494808,,173,1,535.0,1
2022,B2200250300000,"Eike, Tudo Ou Nada","Diego Andrade Rivas Gutierrez, Andre Salles Oliveira Azevedo",Ficção,Morena Filmes Eireli - Me,Sm Distribuidora De Filmes Ltda,Paris,RJ,SP,213,18135,476826.38,RJ,1.0,1,2020,0,37,0,1,estreante,media,2.0,1.0,1.0,1.0,FSA e incentivo,1.0916156651625273,520511.14597074,,173,1,535.0,1
2022,B2000081700000,Ela E Eu,Gustavo Rosa De Moura,Ficção,Mira Filmes Ltda - Me,Querosene Produções Artisticas E Cinematográficas Ltda,Disney,SP,SP,11,2346,47195.81,SP,1.0,1,2020,3,14,1,0,estabelecida,pequena,1.0,1.0,1.0,1.0,FSA e incentivo,1.0916156651625273,51519.685526034256,,173,0,535.0,1
2022,B2000065400000,Em Busca Do U-513,David Ribeiro Schurmann,Documentário,Mstk Produções Cinematográficas Ltda-Me,Schürmann Produções Cinematográficas Ltda,Schürmann Produções,SP,SP,1,14,268.78,SP,1.0,1,2020,0,0,0,1,estreante,nova,0.0,1.0,0.0,1.0,só incentivo,1.0916156651625273,293.40445848238403,,173,0,535.0,0
2022,B1900175200000,Enquanto Estamos Aqui,"Luiz Eduardo Araripe Pretti Miranda, Clarissa Campolina Carvalho Silva",Documentário,Anavilhana Filmes Ltda - Me,,Pique-Bandeira Filmes,MG,,4,340,4861.25,MG,1.0,0,2020,0,3,0,1,estreante,nova,1.0,0.0,1.0,0.0,só FSA,1.0916156651625273,5306.616652271336,,173,0,535.0,0
2022,B2100241700000,Escrita Íntima,João Mario Lourenço Bagão Grilo,Documentário,Gullane Entretenimento S.A.,,Gullane Entretenimento,SP,,3,54,1035.72,SP,1.0,0,2020,0,5,1,1,estreante,pequena,1.0,0.0,1.0,0.0,só FSA,1.0916156651625273,1130.6081767221328,,173,0,535.0,0
2022,B2000499300000,Espero Que Esta Te Encontre E Que Estejas Bem,Nataraney Nunes Dos Santos,Documentário,Arrudeia Producao Cinematografica Eireli /Mar Ilha Produção E Finalização Ltda - Epp,,Embaúba Filmes,PE,,12,1234,15469.71,PE,1.0,0,2020,0,9,0,1,estreante,pequena,1.0,0.0,1.0,0.0,só FSA,1.0916156651625273,16886.9777715214,,173,0,535.0,1
2022,B1800449500000,"Eu, Um Outro",Silvia Batista Godinho,Ficção,Oficina De Criacao De Filmes Eireli,,O2 Play,MG,,6,237,4668.92,MG,1.0,0,2020,0,41,0,1,estreante,media,1.0,0.0,1.0,0.0,só FSA,1.0916156651625273,5096.666211390627,,173,0,535.0,0
2022,B1900576700000,Êxtase,Moara Rossetto Passoni,Documentário,Busca Vida Filmes E Produções Eireli - Me,,Descoloniza Filmes,SP,,5,249,1625.48,SP,1.0,0,2020,0,4,0,1,estreante,nova,1.0,0.0,1.0,0.0,só FSA,1.0916156651625273,1774.3994314083848,,173,0,535.0,0
2022,B1900216800000,Fado Tropical,Carlos Vinicius Borges,Ficção,Cavideo Producoes Comercio E Locacao De Filmes Eireli,Jorge M. Caetano Rocha Produções Me / Canal Brazil S/A,Cavideo Produções,RJ,RJ/RJ,1,182,1600.0,RJ,1.0,1,2020,0,6,0,1,estreante,pequena,0.0,0.0,0.0,0.0,sem fomento,1.0916156651625273,1746.5850642600437,,173,0,535.0,0
2022,B1900494500000,Fé E Fúria,Marcos Almeida Pimentel,Documentário,Tempero Filmes Ltda,,Embaúba Filmes,MG,,8,637,8790.83,MG,1.0,0,2020,0,9,0,1,estreante,pequena,1.0,0.0,1.0,0.0,só FSA,1.0916156651625273,9596.2077377807,,173,0,535.0,1
2022,B2100154900000,Fora De Cena,Joao Gabriel Kowalski,Ficção,Dmitriland Producoes Artisticas Ltda,Wtfilm Producao De Comunicacao Audiovisual E Eventos Ltda,Kinopus,PR,SP,1,146,2340.45,PR,1.0,1,2020,0,2,0,1,estreante,nova,0.0,0.0,0.0,0.0,sem fomento,1.0916156651625273,2554.8718835296368,,173,0,535.0,0
2022,B2100105600000,Fortaleza Hotel,Armando Pinto Praca Neto,Ficção,Hildebrando Mauricio Da C Macedo Filho ­ Me,,Vitrine Filmes,CE,,12,445,5891.92,CE,1.0,0,2020,0,149,0,1,estreante,grande,1.0,0.0,1.0,0.0,só FSA,1.0916156651625273,6431.712169884398,,173,0,535.0,0
2022,B2000352100000,Gyuri,Mariana Lacerda Goncalves,Documentário,Bebinho Salgado 45 Ltda,Jaragua Produções E Serviços Ltda,Descoloniza Filmes,PE,PE,7,426,6069.14,PE,1.0,1,2020,0,4,0,1,estreante,nova,2.0,0.0,1.0,0.0,só FSA,1.0916156651625273,6625.168298064501,,173,0,535.0,0
2022,B1900571100000,Incompatível,Joao Felipe Martins Araujo,Ficção,Gullane Entretenimento S.A.,Tfcf Latin American Channels Do Brasil Ltda,Disney,SP,SP,32,1982,41250.49,SP,1.0,1,2020,0,14,1,1,estreante,pequena,1.0,1.0,1.0,1.0,FSA e incentivo,1.0916156651625273,45029.68107963018,,173,0,535.0,1
2022,B1900588000000,"Ivan, O Terrível",Mario Abbade Neto,Documentário,M Abbade Neto Entretenimento - Me,Canal Brazil S/A,Fênix Filmes,RJ,RJ,1,95,1086.48,RJ,1.0,1,2020,0,3,0,1,estreante,nova,0.0,0.0,0.0,0.0,sem fomento,1.0916156651625273,1186.0185878857826,,173,0,535.0,0
2022,B2000240300000,Jesus Kid,Alysson Silva Muritiba,Ficção,Grafo Audiovisual Ltda Me,Spm Producoes Cinematograficas Ltda,Olhar Distribuição,PR,SP,12,768,9772.68,PR,1.0,1,2020,1,14,1,0,iniciante,pequena,2.0,0.0,1.0,0.0,só FSA,1.0916156651625273,10668.010578620528,,173,0,535.0,1
2022,B2100532300000,Juntos E Enrolados,"Rodrigo Van Der Put Ramos Jube, Eduardo Vaisman",Ficção,Rubi Filmes E Producoes Artisticas Ltda,Globo Comunicação E Participações S/A,Imagem,RJ,RJ,493,246582,4288902.62,RJ,1.0,1,2020,0,76,0,1,estreante,grande,1.0,1.0,1.0,1.0,FSA e incentivo,1.0916156651625273,4681833.286348606,,173,1,535.0,1
2022,B2000177900000,Kevin,Joana Pires Mascarenhas Ribeiro De Oliveira,Documentário,Anavilhana Filmes Ltda - Me,Vaca Amarela Filmes Eireli,Anavilhana / Embaúba Filmes,MG,MG,11,371,5390.95,MG,1.0,1,2020,0,0,0,1,estreante,nova,1.0,0.0,1.0,0.0,só FSA,1.0916156651625273,5884.845470107926,,173,0,535.0,0
2022,B2200146200000,Kobra - Auto-Retrato,Lina Chamie,Documentário,Girafa Filmes Ltda,,Imovision,SP,,21,2443,38156.05,SP,1.0,0,2020,6,69,0,0,veterana,grande,2.0,1.0,1.0,1.0,FSA e incentivo,1.0916156651625273,41651.74190072465,,173,0,535.0,1
2022,B2100277700000,La Teoria De Los Vidrios Rotos,Diego Fernández Pujol,Ficção,Okna Produções Culturais Ltda,,Okna Produções,RS,,2,427,6126.35,RS,1.0,0,2020,0,4,0,1,estreante,nova,1.0,0.0,1.0,0.0,só FSA,1.0916156651625273,6687.619630268449,,173,0,535.0,0
2022,B2200297400000,Lavra,Lucas Bambozzi Da Silveira,Documentário,Eder San Júnior Cinematográfica E Arte Ltda,,Pandora Filmes,MG,,9,395,7219.02,MG,1.0,0,2020,0,62,0,1,estreante,grande,1.0,0.0,1.0,0.0,só FSA,1.0916156651625273,7880.395319121588,,173,0,535.0,0
2022,B1900548300000,"Lima Barreto, Ao Terceiro Dia",Luiz Antonio Da Silva,Ficção,Lapilar Producões Artisticas Ltda,Globo Comunicação E Participações S/A /Xanadu Produções Cinematográficas Ltda / Canal Brazil S/A /Telecine Programacao De Filmes Ltda,Pipa Produções,RJ,RJ/RJ/RJ/RJ,17,897,16713.51,RJ,1.0,1,2020,0,20,0,1,estreante,media,1.0,1.0,1.0,1.0,FSA e incentivo,1.0916156651625273,18244.72933585055,,173,0,535.0,1
2022,B2100161600000,Maior Que O Mundo,Roberto Cornette Marques,Ficção,Popcon Produções Ltda,Roberto Cornette Marques / Midnight Japa Produções Artisticas Ltda - Epp,Imagem,SP,-/SP,18,353,8785.01,SP,1.0,1,2020,0,76,1,1,estreante,grande,0.0,1.0,0.0,1.0,só incentivo,1.0916156651625273,9589.854534609454,,173,0,535.0,0
2022,B2100445800000,Mar De Dentro,Dainara Toffoli Soares,Ficção,Muiraquita Filmes E Producoes Artisticas Ltda,Elastica Producoes Cinematograficas Ltda Me / Telecine Programacao De Filmes Ltda,Califórnia Filmes,SP,SP/RJ,8,331,6066.83,SP,1.0,1,2020,0,0,0,1,estreante,nova,2.0,1.0,1.0,1.0,FSA e incentivo,1.0916156651625273,6622.6466658779755,,173,0,535.0,0
2022,B2200258900000,Maria - Ninguém Sabe Quem Sou Eu,Carlos Alfredo Jardim,Documentário,Turbilhao De Ideias Cultura E Entretenimento Ltda - Me,Globo Comunicação E Participações S/A /Canal Brazil S/A,Arteplex Filmes,RJ,RJ,30,16037,253954.84,RJ,1.0,1,2020,0,2,0,1,estreante,nova,0.0,1.0,0.0,1.0,só incentivo,1.0916156651625273,277221.0815878432,,173,1,535.0,1
2022,B2000312900000,Marte Um,Gabriel Martins Alves,Ficção,Filmes De Plastico Producoes Audiovisuais Ltda - Me,Canal Brazil S/A,Embaúba Filmes,MG,RJ,57,89403,1586374.61,MG,1.0,1,2020,0,9,0,1,estreante,pequena,1.0,0.0,1.0,0.0,só FSA,1.0916156651625273,1731711.375092095,,173,1,535.0,1
2022,B2100266400000,Matar A La Bestia,Agustina San Martín,Ficção,Estúdio Giz Produções Ltda. - Me,,Vitrine Filmes,RJ,,7,284,2563.23,RJ,1.0,0,2020,0,149,0,1,estreante,grande,2.0,0.0,1.0,0.0,só FSA,1.0916156651625273,2798.0620214145447,,173,0,535.0,0
2022,B2100119800000,Mateína,"Pablo Alejandro Abdala Richero, Joaquín Peñagaricano Peyrou",Ficção,Leonardo Garcia E Cia Ltda,Vulcana Cinema Ltda,Lança Filmes,RS,RS,5,563,9696.96,RS,1.0,1,2020,0,12,0,1,estreante,pequena,1.0,0.0,1.0,0.0,só FSA,1.0916156651625273,10585.353440454419,,173,0,535.0,1
2022,B2200049700000,Me Tira Da Mira,Hsu Chien Hsin,Ficção,"Provesi Criacoes, Producoes E Eventos Culturais Ltda",,Imagem,RJ,,488,35834,650781.57,RJ,1.0,0,2020,1,76,0,0,iniciante,grande,0.0,0.0,0.0,0.0,sem fomento,1.0916156651625273,710403.3564110638,,173,1,535.0,1
2022,B2100259000000,Medida Provisória,Luis Lazaro Sacramento De Araujo Ramos,Ficção,Lata Filmes Ltda Epp /Lereby Produções Ltda,Globo Comunicação E Participações S/A /Aldri Antonio Alves Da Anunciação - Me,Elo Company / H2O Films,RJ,RJ/BA,342,409401,7744820.34,RJ,1.0,1,2020,0,0,0,1,estreante,nova,2.0,2.0,1.0,1.0,FSA e incentivo,1.0916156651625273,8454367.20701337,,173,1,535.0,1
2022,B2000254900000,Ménage,Luan Cardoso De Carvalho,Ficção,Lc De Carvalho Producoes - Me,Ana Maria Souto De Oliveira /Daniella Avelaneda Origuela /Lucas Guimaraes De Oliveira,Lira Filmes,SP,,10,618,11448.74,SP,1.0,1,2020,0,5,0,1,estreante,pequena,0.0,0.0,0.0,0.0,sem fomento,1.0916156651625273,12497.623930372833,,173,0,535.0,1
2022,B2100262100000,Meu Álbum De Amores,Rafael Esteves Candido Gomes,Ficção,Biônica Cinema E Tv Ltda,,Pandora Filmes,SP,,17,919,17194.08,SP,1.0,0,2020,0,62,1,1,estreante,grande,0.0,1.0,0.0,1.0,só incentivo,1.0916156651625273,18769.32707605771,,173,0,535.0,1
2022,B2200050700000,Meu Amigãozão - O Filme,Andres Mauricio Lieban,Animação,Ld Laboratório De Desenhos Ltda,,O2 Play,RJ,,144,16574,353990.4,RJ,1.0,0,2020,0,41,0,1,estreante,media,1.0,1.0,1.0,1.0,FSA e incentivo,1.0916156651625273,386421.4659571491,,173,1,535.0,1
2022,B2000335200000,Meu Tio José,Adonias Rios De Moura Teixeira,Animação,Origem Comunicação Ltda,,Tucumán,BA,,7,168,2735.03,BA,1.0,0,2020,0,12,0,1,estreante,pequena,1.0,0.0,1.0,0.0,só FSA,1.0916156651625273,2985.601592689467,,173,0,535.0,0
2022,B2200123100000,Meu Tricolor De Aço 2 - Um Sonho Que Liberta,"Thelmo Saraiva Maia, Jose Mendes De Lima Junior",Documentário,Luz Produções Cinematográficas Ltda,,Estação Luz Filmes,CE,,4,358,5419.0,CE,1.0,0,2020,0,1,0,1,estreante,nova,0.0,0.0,0.0,0.0,sem fomento,1.0916156651625273,5915.465289515735,,173,0,535.0,0
2022,B2100401900000,Milagre Das Águas,Rennan Rocha Ferreira,Ficção,Priscila De Matos Rocha Ferreira,,Priscila De Matos Rocha Ferreira,RJ,,1,145,2725.0,RJ,1.0,0,2020,0,0,0,1,estreante,nova,0.0,0.0,0.0,0.0,sem fomento,1.0916156651625273,2974.652687567887,,173,0,535.0,0
2022,B2000277900000,Minha Familia Perfeita,Felipe Joffily,Ficção,Total Entertainment Ltda,,Disney,RJ,,208,29844,443745.3,RJ,1.0,0,2020,5,14,0,0,estabelecida,pequena,1.0,1.0,1.0,1.0,FSA e incentivo,1.0916156651625273,484399.3208222452,,173,1,535.0,1
2022,B2100367600000,Mirador,Bruno Costa De Oliveira,Ficção,Metafixa Producoes Cinematograficas Eireli,Bruno Costa De Oliveira Filmes Eireli /William Ferez Biagioli - Filmes,Olhar Distribuição,PR,PR/PR,4,385,4951.65,PR,1.0,1,2020,0,14,0,1,estreante,pequena,0.0,0.0,0.0,0.0,sem fomento,1.0916156651625273,5405.298708402028,,173,0,535.0,0
2022,B2200458100000,Muco : Contradição Da Tradição,Oberom Correa Da Silva,Documentário,Orlando José Chavatta Alves,,Cinelando Maha,PR,,11,8341,167555.51,PR,1.0,0,2020,0,0,0,1,estreante,nova,0.0,0.0,0.0,0.0,sem fomento,1.0916156651625273,182906.21950029652,,173,1,535.0,1
2022,B1900059200000,Mudança,Fabiano Grendene De Souza,Ficção,Rainer Cine Ltda,Invídeo Produções Cinematográficas Ltda,Elo Company,RS,RS,1,109,979.0,RS,1.0,1,2020,0,86,0,1,estreante,grande,1.0,0.0,1.0,0.0,só FSA,1.0916156651625273,1068.6917361941141,,173,0,535.0,0
2022,B2200386600000,Na Rédea Curta,"Glenda Nicacio, Ary Rosa Duarte",Ficção,Rosza Filmes Produções Ltda Me,,Elo Company,BA,,40,9177,141748.35,BA,1.0,0,2020,0,86,0,1,estreante,grande,1.0,0.0,1.0,0.0,só FSA,1.0916156651625273,154734.71937094073,,173,1,535.0,1
2022,B2000127500000,Nada É Por Acaso,Marcio Trigo De Loureiro,Ficção,Raconto Producoes,New Cine & Tv Ltda /Orange Entretenimento Ltda /Liberty Pictures Servicos Cinematograficos Ltda,Imagem,RJ,RJ/RJ/SP,509,145062,2179844.83,RJ,1.0,1,2020,0,76,0,1,estreante,grande,1.0,1.0,1.0,1.0,FSA e incentivo,1.0916156651625273,2379552.7640515463,,173,1,535.0,1
2022,B2200077000000,No Outro Encontro Você,Andre Bushatsky,Ficção,Twins Bushatsky Produções Cinematográficas Ltda.,,Bretz Filmes,SP,,2,38,695.49,SP,1.0,0,2020,0,21,0,1,estreante,media,0.0,0.0,0.0,0.0,sem fomento,1.0916156651625273,759.2077789638861,,173,0,535.0,0
2022,B1900026800000,Nunca Fomos Tão Modernos,"Gustavo Coelho Moretzsohn, Alexandre Coelho Moretzsohn",Ficção,Jg Produções Artísticas Ltda.,,Pipa Produções,RJ,,15,348,7400.12,RJ,1.0,0,2020,0,20,0,1,estreante,media,0.0,0.0,0.0,0.0,sem fomento,1.0916156651625273,8078.086916082521,,173,0,535.0,0
2022,B2200351900000,Nunca Mais Serei A Mesma,Alice Lanari Santos Freire,Documentário,Meios De Produção E Comunicação Ltda,Instituto Cultura Em Movimento - Icem,Bretz Filmes,RJ,RJ,1,28,576.56,RJ,1.0,1,2020,0,21,0,1,estreante,media,0.0,1.0,0.0,1.0,só incentivo,1.0916156651625273,629.3819279061066,,173,0,535.0,0
2022,B2200421500000,O Amor Dá Voltas,Marcos Bernstein Seixas,Ficção,Neanderthal Mb Cinema S/C Ltda /Pontos De Fuga Produções Artisticas Ltda,Globo Comunicação E Participações S/A /Maiomidia Comunicacao Ltda,Imagem,RJ,RJ/RJ,170,11027,188171.77,RJ,1.0,1,2020,0,76,0,1,estreante,grande,2.0,1.0,1.0,1.0,FSA e incentivo,1.0916156651625273,205411.25187336007,,173,1,535.0,1
2022,B2000525500000,O Clube Dos Anjos,Angelo Arenasio Defanti Barbosa,Ficção,Sobretudo Produção Audiovisual E Artística Ltda,Dezenove Som E Imagens Produções Ltda - Epp,Vitrine Filmes,RJ,SP,27,3409,59015.63,RJ,1.0,1,2020,0,149,0,1,estreante,grande,1.0,1.0,1.0,1.0,FSA e incentivo,1.0916156651625273,64422.3861974356,,173,1,535.0,1
2022,B2200259600000,O Comedy Clube,Andre Nascimento Araujo,Ficção,Andre Nascimento Araujo,,Superoito Produções,TO,,3,202,3893.58,TO,1.0,0,2020,0,0,0,1,estreante,nova,1.0,0.0,1.0,0.0,só FSA,1.0916156651625273,4250.292921563513,,173,0,535.0,0
2022,B2200273500000,O Debate,Caio Blat De Oliveira,Ficção,Giros Projetos Audiovisuais Ltda,Sul Audiovisual Eireli / Casa Na Arvore Produções Artísticas E Culturais Ltda /Jorge Alberto Furtado,Paris,RJ,SP/RJ/-,116,4424,87774.92,RJ,1.0,1,2020,0,37,1,1,estreante,media,0.0,0.0,0.0,0.0,sem fomento,1.0916156651625273,95816.47768038762,,173,1,535.0,1
2022,B2200070900000,O Grande Irmão - O Dia Que Durou 21 Anos 2,Camilo Galli Tavares,Documentário,Pequi Filmes Ltda,Globo Comunicação E Participações S/A /Canal Brazil S/A,Elo Company,SP,RJ/RJ,1,165,2649.51,SP,1.0,1,2020,0,86,0,1,estreante,grande,0.0,1.0,0.0,1.0,só incentivo,1.0916156651625273,2892.246621004768,,173,0,535.0,0
2022,B2100408100000,O Livro Dos Prazeres,Marcela Lordy Costa,Ficção,Big Bonsai Brasilis Produções Artísticas Culturais E Cinematográficas Ltda,Marcela Lordy Costa Producoes - Me /Canal Brazil S/A /República Pureza Filmes Ltda,Vitrine Filmes,SP,SP/RJ/RJ,28,6334,105122.51,SP,1.0,1,2020,0,149,0,1,estreante,grande,2.0,0.0,1.0,0.0,só FSA,1.0916156651625273,114753.37867720443,,173,1,535.0,1
2022,B2200080600000,O Pai Da Rita,Joelzito Almeida De Araujo,Ficção,Casa De Criação Cinema E Artes Ltda,Globo Comunicação E Participações S/A /Xanadu Produções Cinematográficas Ltda,O2 Play,SP,RJ/RJ,26,852,14659.24,SP,1.0,1,2020,0,41,0,1,estreante,media,2.0,1.0,1.0,1.0,FSA e incentivo,1.0916156651625273,16002.256023377126,,173,0,535.0,1
2022,B2000041300000,O Palestrante,Marcelo Antunes Braz,Ficção,Camisa Listrada Ltda,Telecine Programacao De Filmes Ltda / Globo Comunicação E Participações S/A,Downtown,RJ,RJ/RJ,586,126566,2421302.96,RJ,1.0,1,2020,0,48,0,1,estreante,media,1.0,1.0,1.0,1.0,FSA e incentivo,1.0916156651625273,2643132.241240396,,173,1,535.0,1
2022,B2200054000000,O Presidente Improvável,Jose Belisario Cabo Penna Franca,Documentário,Giros Projetos Audiovisuais Ltda,,Bretz Filmes,RJ,,10,368,7330.97,RJ,1.0,0,2020,1,21,1,0,iniciante,media,0.0,0.0,0.0,0.0,sem fomento,1.0916156651625273,8002.6016928365325,,173,0,535.0,0
2022,B1900530000000,O Quarto Ao Lado,Rafael Fescina Calomeni,Ficção,Filmes Do Interior Producoes Audiovisuais Ltda Me,,Filmes Do Interior,GO,,1,23,412.0,GO,1.0,0,2020,0,0,0,1,estreante,nova,0.0,0.0,0.0,0.0,sem fomento,1.0916156651625273,449.74565404696125,,173,0,535.0,0
2022,B1900121000000,O Rio De Janeiro De Ho Chi Minh,"Eduardo Vaisman, Claudia De Freitas Mattos",Ficção,Moviola Produções Cinematográficas Ltda,,Pipa Produções,RJ,,7,302,4882.93,RJ,1.0,0,2020,0,20,0,1,estreante,media,2.0,0.0,1.0,0.0,só FSA,1.0916156651625273,5330.28287989206,,173,0,535.0,0
2022,B0700727000000,O Tablado E Maria Clara Machado,Creuza Maria Salviano Gravina,Documentário,Creuza Maria Salviano Gravina,,Gravinart Produções Artísticas,RJ,,2,158,2239.0,RJ,1.0,0,2020,0,0,0,1,estreante,nova,1.0,1.0,1.0,1.0,FSA e incentivo,1.0916156651625273,2444.1274742988985,,173,0,535.0,0
2022,B2200089800000,O Traidor,"Marco Bellocchio, Francesco Piccolo",Ficção,Gullane Entretenimento S.A.,Canal Brazil S/A /Telecine Programacao De Filmes Ltda,Pandora Filmes,SP,RJ/RJ,22,2702,52720.66,SP,1.0,1,2020,0,62,1,1,estreante,grande,3.0,1.0,1.0,1.0,FSA e incentivo,1.0916156651625273,57550.69833370745,,173,0,535.0,1
2022,B2100017600000,O Trem Da Utopia,"Maria Elisabeth De Sa Freire, Fabrizio Mambro",Documentário,Cinematográfica Superfilmes Ltda,,E.H. Produções,SP,,4,70,1413.13,SP,1.0,0,2020,0,6,0,1,estreante,pequena,1.0,0.0,1.0,0.0,só FSA,1.0916156651625273,1542.5948449111222,,173,0,535.0,0
2022,B1800228100000,O Último País,Gretel Marín Palacio,Documentário,F64 Produções Audiovisuais Ltda,,Cup Filmes,GO,,1,81,1167.0,GO,1.0,0,2020,0,2,0,1,estreante,nova,0.0,0.0,0.0,0.0,sem fomento,1.0916156651625273,1273.9154812446693,,173,0,535.0,0
2022,B1900421600000,Os Bravos Nunca Se Calam,Marcio Da Rosa Schoenardie,Ficção,Verte Filmes Ltda Me,Clarissa Goncalves Pereira,Lança Filmes,RS,RS,11,543,7684.87,RS,1.0,1,2020,0,12,0,1,estreante,pequena,1.0,0.0,1.0,0.0,só FSA,1.0916156651625273,8388.924476737551,,173,0,535.0,1
2022,B2000106900000,Os Escravos De Jó,Antonio Rosemberg De Moura,Ficção,Cariri Produções Artísticas Ltda.,,Sereia Filmes,CE,,1,4,52.0,CE,1.0,0,2020,0,3,0,1,estreante,nova,1.0,0.0,1.0,0.0,só FSA,1.0916156651625273,56.76401458845142,,173,0,535.0,0
2022,B1900623300000,Os Ossos Da Saudade,Marcos Almeida Pimentel,Documentário,Tempero Filmes Ltda,Anavilhana Filmes Ltda - Me,Olhar Distribuição,MG,MG,2,55,911.73,MG,1.0,1,2020,0,14,0,1,estreante,pequena,1.0,0.0,1.0,0.0,só FSA,1.0916156651625273,995.258750398631,,173,0,535.0,0
2022,B2200212700000,Os Primeiros Soldados,Rodrigo De Oliveira Silva,Ficção,Pique-Bandeira Producoes Ltda - Me,Canal Brazil S/A,Olhar Distribuição,ES,RJ,11,2209,31687.21,ES,1.0,1,2020,0,14,0,1,estreante,pequena,1.0,0.0,1.0,0.0,só FSA,1.0916156651625273,34590.254821294686,,173,0,535.0,1
2022,B1900479000000,Os Suburbanos - O Filme,Luciano Borba Sabino,Ficção,Hungry Man Brasil Produções Ltda,Globo Comunicação E Participações S/A /O2 Filmes Curtos Ltda,Downtown,RJ,RJ/SP,465,74492,1293488.27,RJ,1.0,1,2020,0,48,0,1,estreante,media,1.0,1.0,1.0,1.0,FSA e incentivo,1.0916156651625273,1411992.0582359766,,173,1,535.0,1
2022,B2200186400000,Oxigênio,Pedro Alipio Carneiro Zimmermann,Ficção,Panda Filmes Ltda,,Panda Filmes,RS,,1,14,140.0,RS,1.0,0,2020,0,15,0,1,estreante,pequena,0.0,0.0,0.0,0.0,sem fomento,1.0916156651625273,152.8261931227538,,173,0,535.0,0
2022,B2000532000000,Pacified,Paxton Tyrone Winters,Ficção,Reagent Media Ltda /Twentieth Century Fox,Gullane Entretenimento S.A.,Disney,SP,SP,35,1048,23588.7,SP,1.0,1,2020,0,14,0,1,estreante,pequena,1.0,1.0,1.0,1.0,FSA e incentivo,1.0916156651625273,25749.794440819307,,173,0,535.0,1
2022,B2000346300000,Paixões Recorrentes,Ana Carolina Teixeira Soares,Ficção,Crystal Cinematográfica Ltda,,O2 Play,RJ,,7,535,8727.42,RJ,1.0,0,2020,0,41,0,1,estreante,media,1.0,0.0,1.0,0.0,só FSA,1.0916156651625273,9526.988388452744,,173,0,535.0,0
2022,B2000255000000,Pajeú,Pedro Diogenes Parente Coelho,Documentário,Marrevolto Producoes Ltda - Me,,Embaúba Filmes,CE,,8,311,3295.79,CE,1.0,0,2020,0,9,0,1,estreante,pequena,0.0,0.0,0.0,0.0,sem fomento,1.0916156651625273,3597.7359930860057,,173,0,535.0,0
2022,B2100472800000,Paloma,Marcelo Ferreira De Oliveira Gomes,Ficção,Carnaval Filmes Ltda - Epp,Misti Produções Ltda /Rec Produtores Associados Ltda,Pandora Filmes,PE,SP/SP,17,2545,39101.93,PE,1.0,1,2020,0,62,0,1,estreante,grande,5.0,0.0,1.0,0.0,só FSA,1.0916156651625273,42684.27932608858,,173,0,535.0,1
2022,B2200260700000,Papai É Pop,Caio Fabricio Ortiz Junior,Ficção,Atenea Producao E Distribuicao Audiovisual Ltda,Prodigo Films Ltda / Galeria Distribuidora Audiovisual Ltda,Galeria Distribuidora,SP,SP/SP,712,50810,881980.65,SP,1.0,1,2020,0,1,0,1,estreante,nova,0.0,0.0,0.0,0.0,sem fomento,1.0916156651625273,962783.8939102282,,173,1,535.0,1
2022,B2000100300000,Passagem Secreta,Rodrigo Souza Grota,Ficção,Kinopus Audiovisual Ltda - Me,,A2 Filmes,PR,,5,58,1251.51,PR,1.0,0,2020,2,1,0,0,iniciante,nova,1.0,0.0,1.0,0.0,só FSA,1.0916156651625273,1366.1679211075545,,173,0,535.0,0
2022,B2000378500000,Pequenos Guerreiros,Barbara Maia De Moura,Ficção,Iluminura Cinema E Multimidia Ltda,,Sereia Filmes,CE,,3,739,8718.0,CE,1.0,0,2020,0,3,0,1,estreante,nova,1.0,0.0,1.0,0.0,só FSA,1.0916156651625273,9516.705368886913,,173,0,535.0,1
2022,B1800353300000,Platamama,Alice Fanny Riff,Documentário,Alice Fanny Riff-Producoes Audivisuais E Culturais-Me,H. S. Lima Produções Audiovisuais - Me,Paideia Filmes / Studio Riff,SP,SP,1,50,1133.5,SP,1.0,1,2020,0,0,0,1,estreante,nova,0.0,1.0,0.0,1.0,só incentivo,1.0916156651625273,1237.3463564617248,,173,0,535.0,0
2022,B2100282200000,"Pluft, O Fantasminha",Rosane Svartman,Ficção,Raccord Produções Artísticas E Cinematográficas Ltda,Globo Comunicação E Participações S/A/Xanadu Produções Cinematográficas Ltda,Downtown,RJ,RJ/RJ,687,122128,2227852.08,RJ,1.0,1,2020,4,48,0,0,estabelecida,media,3.0,2.0,1.0,1.0,FSA e incentivo,1.0916156651625273,2431958.23019292,,173,1,535.0,1
2022,B1900050800000,Poetas Do Céu,Emilio Maille Iturbe,Documentário,Querosene Produções Artisticas E Cinematográficas Ltda,,Pandora Filmes,SP,,1,37,506.0,SP,1.0,0,2020,0,62,0,1,estreante,grande,1.0,0.0,1.0,0.0,só FSA,1.0916156651625273,552.3575265722388,,173,0,535.0,0
2022,B1900284200000,Porfírio Do Amaral - A Verdade Sobre O Samba,Caio Rubens Nazario De Almeida,Ficção,Domínio Público Produções Artísticas Ltda,,Moro Filmes,BA,,2,28,375.56,BA,1.0,0,2020,0,1,0,1,estreante,nova,1.0,0.0,1.0,0.0,só FSA,1.0916156651625273,409.9671792084387,,173,0,535.0,0
2022,B2000111800000,Predestinado: Arigó E O Espírito Do Dr. Fritz,Gustavo De Aguiar Fernandez,Ficção,Write Produções Artísticas Ltda,,Imagem,SP,,763,263868,4503477.18,SP,1.0,0,2020,0,76,0,1,estreante,grande,2.0,1.0,1.0,1.0,FSA e incentivo,1.0916156651625273,4916066.237389962,,173,1,535.0,1
2022,B1700247000000,Primavera,Carlos Porto De Andrade Junior,Ficção,Notábile Filmes Ltda,,O2 Play,SP,,11,465,6354.02,SP,1.0,0,2020,0,41,0,1,estreante,media,0.0,1.0,0.0,1.0,só incentivo,1.0916156651625273,6936.147768756002,,173,0,535.0,0
2022,B2200429300000,Procura-Se,Marcelo Antunes Braz,Ficção,Framboesa Filmes E Producoes Ltda,,Warner,RJ,,1,2,40.0,RJ,1.0,0,2020,0,42,0,1,estreante,media,0.0,2.0,0.0,1.0,só incentivo,1.0916156651625273,43.66462660650109,,173,0,535.0,0
2022,B2200361900000,"Pronto, Falei. E A História De Como Isso Aconteceu",Michel Alencar Tikhomiroff,Ficção,Radar Cinema E Televisão Ltda,Telecine Programacao De Filmes Ltda,Imagem,SP,RJ,425,22204,411509.77,SP,1.0,1,2020,0,76,1,1,estreante,grande,2.0,1.0,1.0,1.0,FSA e incentivo,1.0916156651625273,449210.51129942865,,173,1,535.0,1
2022,B1900572600000,Pureza,Renato Fortes Barbieri,Ficção,Gaya Producoes Cinematograficas Ltda - Me,"Cki Marketing, Entretenimento E Cultura Ltda / 02 Filmes & Videos Ltda - Me",Downtown,DF,DF/SP,127,13006,238867.02,DF,1.0,1,2020,0,48,0,1,estreante,media,3.0,1.0,1.0,1.0,FSA e incentivo,1.0916156651625273,260750.9809226907,,173,1,535.0,1
2022,B2100322700000,Quatro Amigas Numa Fria,Roberto Santucci Filho,Ficção,Gullane Entretenimento S.A.,,Disney,SP,,203,14090,261379.52,SP,1.0,0,2020,0,14,1,1,estreante,pequena,4.0,1.0,1.0,1.0,FSA e incentivo,1.0916156651625273,285325.9785846621,,173,1,535.0,1
2022,B2200198800000,Quem Tem Medo?,"Wilson Dellani Pinto Lima, Jose Ricardo De Almeida Alves Junior, Henrique De Godoy Del Picchia Zanoni",Documentário,Multiverso Filmes Produções Artísticas Ltda,,Embaúba Filmes,SP,,8,299,4076.82,SP,1.0,0,2020,0,9,1,1,estreante,pequena,0.0,0.0,0.0,0.0,sem fomento,1.0916156651625273,4450.320576047895,,173,0,535.0,0
2022,B1900037400000,Rebento,Andre Alexander Alves De Morais,Ficção,Luz E Misterio Producoes Artisticas Ltda,Fundação Cultural De João Pessoa /Pigmento Cinematografico Ltda,Luz E Mistério Filmes,PB,PB/PB,1,490,3305.0,PB,1.0,1,2020,0,0,0,1,estreante,nova,0.0,0.0,0.0,0.0,sem fomento,1.0916156651625273,3607.7897733621526,,173,0,535.0,0
2022,B1900332300000,Rio De Vozes,"Jean Pierre Duret, Andrea Maria Sobreira De Santana",Documentário,Santa Luzia Filmes E Produções Artísticas Ltda,,Pandora Filmes,BA,,5,135,2536.02,BA,1.0,0,2020,0,62,0,1,estreante,grande,1.0,0.0,1.0,0.0,só FSA,1.0916156651625273,2768.359159165472,,173,0,535.0,0
2022,B2000477300000,Rir Pra Não Chorar,Cibele Amaral Correia,Ficção,34 Filmes Ltda,,Elo Company,DF,,25,725,12800.72,DF,1.0,0,2020,1,86,0,0,iniciante,grande,1.0,1.0,1.0,1.0,FSA e incentivo,1.0916156651625273,13973.466477359265,,173,0,535.0,1
2022,B2000365500000,Rogai Por Nós,Wagner Luiz De Assis Coelho,Documentário,View Filmes Producoes Audiovisuais Ltda - Epp,Cinética Filmes E Produções Ltda.,Film Connection,RJ,RJ,2,11,251.0,RJ,1.0,1,2020,0,4,0,1,estreante,nova,0.0,1.0,0.0,1.0,só incentivo,1.0916156651625273,273.9955319557943,,173,0,535.0,0
2022,B1900424900000,Rua Guaicurus,Joao Cesar Borges,Documentário,Iara Filmes Ltda - Me,,Embaúba Filmes,MG,,7,1135,19874.23,MG,1.0,0,2020,0,9,0,1,estreante,pequena,0.0,0.0,0.0,0.0,sem fomento,1.0916156651625273,21695.020801043054,,173,0,535.0,1
2022,B2200167500000,Samadhi Road,"Julio Hey Loureiro Santos, Daniel Hey Loureiro Santos",Documentário,Cr Entretenimento Ltda,Potato Head Films Eireli,Moro Filmes,SP,PR,1,224,3248.0,SP,1.0,1,2020,0,1,0,1,estreante,nova,0.0,0.0,0.0,0.0,sem fomento,1.0916156651625273,3545.5676804478885,,173,0,535.0,0
2022,B2000315600000,Sapato36,Petronio Freire De Lorena,Documentário,Vilabela Produções Artísticas,,Nosotros & Los Demás / Cavideo Produções,PE,,10,72,792.08,PE,1.0,0,2020,0,0,0,1,estreante,nova,1.0,0.0,1.0,0.0,só FSA,1.0916156651625273,864.6469360619346,,173,0,535.0,0
2022,B2200154700000,"Se Eu Contar, Você Escuta ?",Renata Maria Coimbra,Documentário,T'Ai Criação E Produção Ltda,,T'Ai Criação,MG,,4,1208,6390.34,MG,1.0,0,2020,0,0,0,1,estreante,nova,1.0,1.0,1.0,1.0,FSA e incentivo,1.0916156651625273,6975.795249714704,,173,0,535.0,1
2022,B2100339600000,Segredos Do Putumayo,Jose Aurelio De Oliveira Michiles,Documentário,24 Vps - Filmes Ltda. Me.,,O2 Play,SP,,6,678,10662.31,SP,1.0,0,2020,0,41,0,1,estreante,media,0.0,1.0,0.0,1.0,só incentivo,1.0916156651625273,11639.144622819065,,173,0,535.0,1
2022,B2200207600000,Seguindo Todos Os Protocolos,Fabio De Barros Leal,Ficção,Áspera Produções Artísticas E Cinematográfcas Ltda,,Vitrine Filmes,PE,,8,845,7481.61,PE,1.0,0,2020,0,149,0,1,estreante,grande,0.0,0.0,0.0,0.0,sem fomento,1.0916156651625273,8167.042676636615,,173,0,535.0,1
2022,B1900583000000,Serial Kelly,Luiz Rene Batista Guerra Mota,Ficção,Bananeira Filmes Ltda.,Globo Comunicação E Participações S/A / Xanadu Produções Cinematográficas Ltda / Telecine Programacao De Filmes Ltda,Vitrine Filmes,RJ,RJ/RJ/RJ,23,1810,25823.6,RJ,1.0,1,2020,0,149,0,1,estreante,grande,4.0,1.0,1.0,1.0,FSA e incentivo,1.0916156651625273,28189.44629089104,,173,0,535.0,1
2022,B2200323800000,Sistema Bruto,Guilherme Francisco Pereira,Ficção,Dodo Producoes De Filmes Eirele-Epp,,Do2,SP,,122,3505,62458.84,SP,1.0,0,2020,0,0,0,1,estreante,nova,0.0,0.0,0.0,0.0,sem fomento,1.0916156651625273,68181.04817187985,,173,1,535.0,1
2022,B2200356700000,Sociedade Do Medo,Adriana De Lucena Navais Dutra,Documentário,Inffinito Entretenimento E Comunicações Ltda,Globo Comunicação E Participações S/A /Canal Brazil S/A,Forte Filmes,RJ,RJ/RJ,9,586,8793.98,RJ,1.0,1,2020,0,4,0,1,estreante,nova,1.0,0.0,1.0,0.0,só FSA,1.0916156651625273,9599.646327125962,,173,0,535.0,1
2022,B2200065900000,Sol,Sonia Politi Assuncao,Ficção,Dramatica Filmes - Eireli /Muiraquita Filmes E Producoes Artisticas Ltda,,Paris,SP,,27,639,13939.01,SP,1.0,0,2020,0,37,0,1,estreante,media,1.0,1.0,1.0,1.0,FSA e incentivo,1.0916156651625273,15216.04167285712,,173,0,535.0,1
2022,B2000340700000,Sujeito Oculto,Leonardo Henrique Lago Falcao,Ficção,Cereja Producao Cinematografica Ltda,Urso Filmes Ltda,Lume,PE,PE,1,421,5748.0,PE,1.0,1,2020,0,0,0,1,estreante,nova,1.0,1.0,1.0,1.0,FSA e incentivo,1.0916156651625273,6274.606843354207,,173,0,535.0,0
2022,B2100484900000,Tambores Da Diáspora,Joao Victor Pellegrini Do Nascimento,Documentário,Kalakuta Produções Artísticas Ltda - Epp,,Kalakuta Produções,SP,,1,175,3451.0,SP,1.0,0,2020,0,0,1,1,estreante,nova,0.0,0.0,0.0,0.0,sem fomento,1.0916156651625273,3767.165660475882,,173,0,535.0,0
2022,B2100148000000,Tantas Almas,Nicolás Rincon Gille,Ficção,Sto Lat Producoes Culturais Eireli,,Vitrine Filmes,PR,,9,441,3409.53,PR,1.0,0,2020,0,149,0,1,estreante,grande,1.0,0.0,1.0,0.0,só FSA,1.0916156651625273,3721.896358841592,,173,0,535.0,0
2022,B2000065800000,Tarsilinha,"Francisco Guilherme Mistrorigo, Celia Catunda Serra",Animação,Pg - Produções De Cinema Vídeo E Tv Ltda,,H2O Films,SP,,107,13735,255507.4,SP,1.0,0,2020,0,25,0,1,estreante,media,1.0,1.0,1.0,1.0,FSA e incentivo,1.0916156651625273,278915.8804049479,,173,1,535.0,1
2022,B2200003500000,Tô Ryca! 2,Pedro Antonio Camargos Paes De Oliveira,Ficção,Glaz Entretenimento S.A.,Globo Comunicação E Participações S/A / Xanadu Produções Cinematográficas Ltda,Downtown,RJ,RJ/RJ,686,515843,8618771.25,RJ,1.0,1,2020,2,48,1,0,iniciante,media,3.0,1.0,1.0,1.0,FSA e incentivo,1.0916156651625273,9408385.710952416,,173,1,535.0,1
2022,B2200181800000,Toada Para José Siqueira,"Rodrigo Teixeira Marques, Eduardo Consoni",Documentário,Complo Producoes E Oficinas Ltda - Me,Dcine Cinematografia Digital Ltda. - Me /E.A. Secco Junior Producao Artistica E Cultural /Jose Henrique / A Fantástica Fábrica De Filmes Ltda,Complô,SP,SP/-/-/SP,1,125,825.0,SP,1.0,1,2020,0,1,0,1,estreante,nova,1.0,0.0,1.0,0.0,só FSA,1.0916156651625273,900.582923759085,,173,0,535.0,0
2022,B2100487400000,Transversais,Emerson Afonso Santos Maranhao,Documentário,Deberton Filmes E Producoes Ltda,Emerson A S Maranhao Producoes Cinematograficas,Deberton Entretenimento,CE,CE,6,302,5054.4,CE,1.0,1,2020,0,2,0,1,estreante,nova,0.0,0.0,0.0,0.0,sem fomento,1.0916156651625273,5517.462217997478,,173,0,535.0,0
2022,B2100024000000,Três Vidas E Um Sonho,Marcelo Silva Galvao,Documentário,Gata Cine Produções Ltda,,O2 Play,SP,,1,34,616.0,SP,1.0,0,2020,0,41,0,1,estreante,media,1.0,0.0,1.0,0.0,só FSA,1.0916156651625273,672.4352497401168,,173,0,535.0,0
2022,B2100536000000,Tromba Trem - O Filme,Jose Luiz Brandao Albuquerque,Animação,Copa Studio Produtora Audiovisual Ltda,,Vitrine Filmes,RJ,,144,7014,103725.55,RJ,1.0,0,2020,0,149,0,1,estreante,grande,4.0,0.0,1.0,0.0,só FSA,1.0916156651625273,113228.43525759899,,173,1,535.0,1
2022,B2200154200000,Um Broto Legal,Luiz Alberto Mendes Pereira,Ficção,Lapfilme Produções Cinematográficas Ltda.,,Pandora Filmes,SP,,24,1466,25631.55,SP,1.0,0,2020,0,62,0,1,estreante,grande,3.0,1.0,1.0,1.0,FSA e incentivo,1.0916156651625273,27979.801502396575,,173,0,535.0,1
2022,B1900486900000,Um Dia Qualquer,Pedro Von Kruger De Freitas,Ficção,"Com Domínio Produções Ltda /Elixir - Comunicação, Cultura E Entretenimento Ltda Me",,Pipa Produções,SP,,23,1117,18125.16,SP,1.0,0,2020,0,20,0,1,estreante,media,1.0,1.0,1.0,1.0,FSA e incentivo,1.0916156651625273,19785.708589577232,,173,0,535.0,1
2022,B1800580500000,Uma Pitada De Sorte,Pedro Antonio Camargos Paes De Oliveira,Ficção,Melodrama Produções Ltda.,Globo Comunicação E Participações S/A / Telecine Programacao De Filmes Ltda /Maiomidia Comunicacao Ltda,Downtown,RJ,RJ/RJ/RJ,240,83853,892617.95,RJ,1.0,1,2020,2,48,0,0,iniciante,media,2.0,1.0,1.0,1.0,FSA e incentivo,1.0916156651625273,974395.7372252615,,173,1,535.0,1
2022,B2200040500000,Vale Night,Hilton Luis Pinheiro,Ficção,Querosene Produções Artisticas E Cinematográficas Ltda,,Disney,SP,,179,10729,188997.76,SP,1.0,0,2020,0,14,0,1,estreante,pequena,1.0,1.0,1.0,1.0,FSA e incentivo,1.0916156651625273,206312.9154966277,,173,1,535.0,1
2022,B2200073700000,Virar Mar,"Philipp Walther Hartmann, Danilo Melo De Carvalho Filho",Documentário,Tardo Filmes Ltda Me,Punta Colorada Produções Audiovisuais Ltda - Me,Vitrine Filmes,CE,SP,6,193,1258.0,CE,1.0,1,2020,0,149,0,1,estreante,grande,1.0,0.0,1.0,0.0,só FSA,1.0916156651625273,1373.2525067744593,,173,0,535.0,0
2023,B2100203300000,A Alma Quer Voar,Diana Montenegro,Ficção,Estúdio Giz Produções Ltda. - Me,,Retrato Filmes,RJ,,2,129,1441.87,RJ,1.0,0,2020,0,0,1,1,estreante,nova,1.0,0.0,1.0,0.0,só FSA,1.0436741795953661,1504.8424893331705,,161,0,802.0,0
2023,B2300454300000,A Bela América,António Da Rocha Cunha Ferreira,Ficção,Refinaria Produções Ltda,Refinaria Produções Ltda,Pandora Filmes,RJ,RJ,7,250,4422.61,RJ,1.0,1,2020,1,75,1,0,iniciante,grande,0.0,0.0,0.0,0.0,sem fomento,1.0436741795953661,4615.763863420262,,161,0,802.0,0
2023,B1900611200000,A Cidade Dos Abismos,"Renato Coelho Pannacci, Priscyla Bettim",Ficção,Cinediário Produções Culturais Ltda,,Boulevard Filmes / Vitrine Filmes,SP,,6,781,8973.54,SP,1.0,0,2020,0,0,0,1,estreante,nova,1.0,0.0,1.0,0.0,só FSA,1.0436741795953661,9365.451997566202,,161,0,802.0,0
2023,B2300302500000,A Era Dos Humanos,Iara Cardoso De Almeida Pinto,Documentário,Storm Comunicação E Tecnologia Ltda,,Grupo Storm,SP,,3,10,273.0,SP,1.0,0,2020,0,1,0,1,estreante,nova,0.0,1.0,0.0,1.0,só incentivo,1.0436741795953661,284.923051029535,,161,0,802.0,0
2023,B2200405700000,A Ilha Dos Ilús,Paulo Guilherme Costa Miranda,Animação,Mandra Filmes Produções Audiovisuais Ltda,,Elo Company,GO,,31,1106,13968.3,GO,1.0,0,2020,0,93,0,1,estreante,grande,1.0,1.0,1.0,1.0,FSA e incentivo,1.0436741795953661,14578.354042841951,,161,0,802.0,1
2023,B2200291400000,A Lasanha Assassina - A Revolta Das Massas,Alexandre Machado De Sa,Animação,44 Toons - Produções Artísticas Ltda,,44 Bico Largo,SP,,2,43,720.5,SP,1.0,0,2020,1,0,0,0,iniciante,nova,3.0,1.0,1.0,1.0,FSA e incentivo,1.0436741795953661,751.9672463984613,,161,0,802.0,0
2023,B2200325000000,A Porta Ao Lado,Julia Salles De Rezende,Ficção,Morena Filmes Eireli - Me,Telecine Programacao De Filmes Ltda,Vitrine Filmes,RJ,RJ,23,2099,38367.79,RJ,1.0,1,2020,1,163,1,0,iniciante,grande,3.0,1.0,1.0,1.0,FSA e incentivo,1.0436741795953661,40043.471751137295,,161,0,802.0,1
2023,B2200491200000,A Praga,"Pedro Dos Santos Junqueira, Matheus Rissi Sundfeld, Luis Claudio Buonacura, Jose Mojica Marins, Cedric Fanti De Carvalho",Ficção,Heco Produções Ltda,,Elo Company,SP,,15,793,11186.67,SP,1.0,0,2020,0,93,0,1,estreante,grande,0.0,0.0,0.0,0.0,sem fomento,1.0436741795953661,11675.238634654095,,161,0,802.0,0
2023,B2100282100000,A Primeira Morte De Joana,Cristiane Pinto De Oliveira,Ficção,Okna Produções Culturais Ltda,,Lança Filmes,RS,,16,3455,46028.73,RS,1.0,0,2020,0,16,1,1,estreante,pequena,1.0,1.0,1.0,1.0,FSA e incentivo,1.0436741795953661,48038.99702056662,,161,1,802.0,1
2023,B2100075900000,A Ruptura,Marcos Saboya Ribeiro Dos Santos,Documentário,Fraiha Produções De Eventos E Editora Ltda,,Fraiha Produções,RJ,,1,26,364.0,RJ,1.0,0,2020,0,1,0,1,estreante,nova,1.0,0.0,1.0,0.0,só FSA,1.0436741795953661,379.89740137271326,,161,0,802.0,0
2023,B1900050700000,A Terra Negra Dos Kawa,Sergio Jose De Andrade,Ficção,Sergio J. De Andrade,,Livres Filmes,AM,,13,374,6401.67,AM,1.0,0,2020,0,20,0,1,estreante,media,1.0,0.0,1.0,0.0,só FSA,1.0436741795953661,6681.257685290268,,161,0,802.0,0
2023,B2200343300000,A Última Festa,Matheus De Souza Silva,Ficção,Kinotv Ltda.,Globo Comunicação E Participações S/A / Telecine Programacao De Filmes Ltda / Rsmts Empreendimentos E Participacoes Ltda,H2O Films,RJ,RJ/RJ/RJ,68,1855,34908.58,RJ,1.0,1,2020,0,27,0,1,estreante,media,1.0,1.0,1.0,1.0,FSA e incentivo,1.0436741795953661,36433.18359233921,,161,0,802.0,1
2023,B2100306300000,Aldeia Natal,Augustinho Pasko,Documentário,Gp7 Cinema Ltda,,Gp7 Cinema,PR,,4,1234,13343.0,PR,1.0,0,2020,0,0,1,1,estreante,nova,1.0,0.0,1.0,0.0,só FSA,1.0436741795953661,13925.74457834097,,161,0,802.0,1
2023,B2200146300000,Além De Nós,Rogerio Luis Rodrigues,Ficção,Atama Filmes Produtora Audiovisual Ltda Me,,Panda Filmes,RS,,12,365,5762.4,RS,1.0,0,2020,0,16,0,1,estreante,pequena,1.0,1.0,1.0,1.0,FSA e incentivo,1.0436741795953661,6014.068092500337,,161,0,802.0,0
2023,B2300008100000,Andança - Os Encontros E As Memórias De Beth Carvalho,Pedro Henrique Bronz,Documentário,Tv Zero Cinema Ltda,Globo Comunicação E Participações S/A / Cineclube Pela Madrugada S/C Ltda / Canal Brazil S/A,Tv Zero Cinema,RJ,RJ/RJ/RJ,19,9159,133023.61,RJ,1.0,1,2020,0,3,2,1,estreante,nova,1.0,1.0,1.0,1.0,FSA e incentivo,1.0436741795953661,138833.30703356393,,161,1,802.0,1
2023,B2300345600000,Angela,Hugo Prata Filho,Ficção,Bravura Cinematográfica Ltda.,,Downtown,SP,,94,20566,402223.47,SP,1.0,0,2020,0,57,0,1,estreante,media,2.0,1.0,1.0,1.0,FSA e incentivo,1.0436741795953661,419790.2500662513,,161,1,802.0,1
2023,B2300484200000,As Aventuras De Poliana - O Filme,Claudio Rodrigues Boeckel,Ficção,Panoramica Comunicacao Ltda.,,Warner,RJ,,883,102171,1772286.42,RJ,1.0,0,2020,0,43,0,1,estreante,media,1.0,1.0,1.0,1.0,FSA e incentivo,1.0436741795953661,1849689.5754015085,,161,1,802.0,1
2023,B2200102500000,As Órfãs Da Rainha,Elza Maria Da Silva Cataldo,Ficção,Persona Filmes Eireli ­ Me,,Cineart Filmes,MG,,3,2382,45219.47,MG,1.0,0,2020,0,3,0,1,estreante,nova,2.0,0.0,1.0,0.0,só FSA,1.0436741795953661,47194.39325398727,,161,0,802.0,1
2023,B1700507700000,As Quatro Irmãs,Evaldo Sergio Vinagre Mocarzel,Documentário,Casa Azul Produções Artisticas Ltda,,O2 Play,SP,,1,126,1457.0,SP,1.0,0,2020,0,49,0,1,estreante,media,0.0,0.0,0.0,0.0,sem fomento,1.0436741795953661,1520.6332796704485,,161,0,802.0,0
2023,B2300156800000,As Três Vidas De Frieda Wolff,Pedro Barbieri Gorski,Documentário,Ver Pra Crer Produções Culturais Ltda - Me,,Bretz Filmes,SP,,2,175,3277.75,SP,1.0,0,2020,0,26,0,1,estreante,media,0.0,0.0,0.0,0.0,sem fomento,1.0436741795953661,3420.903042168711,,161,0,802.0,0
2023,B2300374600000,Ato Final,Roberta Afonso Fernandes,Documentário,Andaluz Producoes Ltda-Me,,Elo Company,ES,,5,294,3654.5,ES,1.0,0,2020,0,93,0,1,estreante,grande,1.0,0.0,1.0,0.0,só FSA,1.0436741795953661,3814.1072893312653,,161,0,802.0,0
2023,B2100425000000,Bala Sem Nome,Felipe Prado Goncalves Cagno,Ficção,Muiraquita Filmes E Producoes Artisticas Ltda,Timberwolf Entertainment Produções Eireli,Bretz Filmes,SP,SP,3,48,941.28,SP,1.0,1,2020,0,26,1,1,estreante,media,0.0,1.0,0.0,1.0,só incentivo,1.0436741795953661,982.3896317695262,,161,0,802.0,0
2023,B2200313700000,Barraco De Família,Mauricio Artacho D Almeida Eca,Ficção,Santa Rita Filmes Ltda,,Synapse,SP,,20,997,21698.98,SP,1.0,0,2020,0,3,0,1,estreante,nova,0.0,0.0,0.0,0.0,sem fomento,1.0436741795953661,22646.66514955626,,161,0,802.0,1
2023,B2200344300000,Belchior - Apenas Um Coração Selvagem,"Natalia Ribeiro Dias, Camilo Fernandes De Lima Cavalcanti",Documentário,Clariô Filmes,Natalia Ribeiro Dias,Clariô Filmes,RJ,,3,1882,28022.0,RJ,1.0,1,2020,0,0,0,1,estreante,nova,1.0,0.0,1.0,0.0,só FSA,1.0436741795953661,29245.83786062135,,161,0,802.0,1
2023,B2200132800000,Bem Vindos De Novo,Marcos Vinicius Yoshisaki,Documentário,Meus Russos Audiovisual Ltda,Marcos Vinicius Yoshisaki ***********,Embaúba Filmes,SP,,16,2086,31722.47,SP,1.0,1,2020,0,18,0,1,estreante,pequena,2.0,0.0,1.0,0.0,só FSA,1.0436741795953661,33107.92285198862,,161,0,802.0,1
2023,B2300147900000,Bem-Vinda Violeta,Fernando Feres Fraiha,Ficção,Biônica Cinema E Tv Ltda,Camisa Treze Cultural Ltda,Vitrine Filmes,SP,SP,26,4145,73779.48,SP,1.0,1,2020,0,163,2,1,estreante,grande,2.0,1.0,1.0,1.0,FSA e incentivo,1.0436741795953661,77001.73825997271,,161,1,802.0,1
2023,B2200244600000,Biocêntricos,"Fernanda Heinz Figueiredo, Eduardo Ataliba Benaim De Toledo Piza E Almeida",Documentário,Aiuê Produtora E Editora Ltda - Me,Globo Comunicação E Participações S/A,Aiuê Filmes,SP,RJ,8,3283,62945.62,SP,1.0,1,2020,0,1,0,1,estreante,nova,1.0,1.0,1.0,1.0,FSA e incentivo,1.0436741795953661,65694.71831262167,,161,1,802.0,1
2023,B2200451700000,Brichos 3 - Megavirus,Paulo Roberto Munhoz,Animação,Tecnokena Audiovisual E Multimidia Eireli,,O2 Play,PR,,16,822,10726.54,PR,1.0,0,2020,0,49,0,1,estreante,media,1.0,0.0,1.0,0.0,só FSA,1.0436741795953661,11195.012834396879,,161,0,802.0,1
2023,B2300343100000,Cafi,"Nataraney Nunes Dos Santos, Lirio Da Silva Ferreira Neto",Documentário,Luni Produções Ltda,,Arthouse,PE,,6,190,3504.51,PE,1.0,0,2020,0,26,0,1,estreante,media,0.0,0.0,0.0,0.0,sem fomento,1.0436741795953661,3657.566599133757,,161,0,802.0,0
2023,B2200004100000,Canção Ao Longe,Clarissa Campolina Carvalho Silva,Ficção,Anavilhana Filmes Ltda - Me,,Vitrine Filmes,MG,,12,868,8273.64,MG,1.0,0,2020,0,163,3,1,estreante,grande,3.0,0.0,1.0,0.0,só FSA,1.0436741795953661,8634.984439267404,,161,0,802.0,1
2023,B2300180300000,Capitu E O Capitulo,Julio Eduardo Bressane De Azevedo,Ficção,Tb Produções Ltda,Globo Comunicação E Participações S/A,Pandora Filmes,RJ,RJ,16,2924,46936.27,RJ,1.0,1,2020,0,75,0,1,estreante,grande,1.0,1.0,1.0,1.0,FSA e incentivo,1.0436741795953661,48986.173085516595,,161,1,802.0,1
2023,B2200295300000,Casa Vazia,Giovani Oliveira De Borba,Ficção,Panda Filmes Ltda,,Panda Filmes,RS,,6,775,10079.12,RS,1.0,0,2020,0,16,1,1,estreante,pequena,1.0,0.0,1.0,0.0,só FSA,1.0436741795953661,10519.317297043248,,161,0,802.0,0
2023,B2200143600000,"Chef Jack, O Cozinheiro Aventureiro","Rodrigo Ribeiro Guimaraes, Guilherme Fiuza Zenha, Carlos Daniel Costa, Artur Henrique Da Costa Pinto",Animação,Immagini Animation Studios Brasil Ltda,Ciclus Producoes Audiovisuais Ltda - Me / Pixel Produções Ltda.- Epp,Sony,MG,ND/MG,563,51238,864902.21,MG,1.0,1,2020,0,20,0,1,estreante,media,1.0,0.0,1.0,0.0,só FSA,1.0436741795953661,902676.104451969,,161,1,802.0,1
2023,B2200467800000,Coração De Neon,Lucas Estevan Soares,Ficção,Ihc Entretenimento Ltda Me,,International House Of Cinema,PR,,116,5347,100306.37,PR,1.0,0,2020,0,0,0,1,estreante,nova,0.0,0.0,0.0,0.0,sem fomento,1.0436741795953661,104687.16841793925,,161,1,802.0,1
2023,B2300052100000,Corpolítica,Pedro Henrique De Franca Fernandes Da Silva,Documentário,Pedro Henrique Representa Producoes,Pigossi - Producoes Artisticas E Culturais Ltda,Vitrine Filmes,SP,,18,1414,18431.05,SP,1.0,1,2020,0,163,0,1,estreante,grande,0.0,0.0,0.0,0.0,sem fomento,1.0436741795953661,19236.01098783117,,161,0,802.0,1
2023,B1900247200000,Crônica De Uma Cidade Partida,Ricardo Claudio Nauenberg,Documentário,Industria Imaginaria Eireli,Globo Comunicação E Participações S/A,Elo Company,RJ,RJ,10,248,4098.54,RJ,1.0,1,2020,0,93,0,1,estreante,grande,0.0,1.0,0.0,1.0,só incentivo,1.0436741795953661,4277.540372038792,,161,0,802.0,0
2023,B1900379100000,Depois De Ser Cinza,Eduardo Wannmacher,Ficção,Mendina De Morais Santos Produções Ltda.,Lockheart Filmes Ltda.,Boulevard Filmes / Vitrine Filmes,RS,RS,7,592,8335.66,RS,1.0,1,2020,0,0,0,1,estreante,nova,2.0,0.0,1.0,0.0,só FSA,1.0436741795953661,8699.713111885909,,161,0,802.0,0
2023,B2300201100000,Derrapada,Pedro Miguel Nazareth Amorim,Ficção,3 Tabela Filmes E Produções Artísticas Ltda,Globo Comunicação E Participações S/A / Telecine Programacao De Filmes Ltda / O2 Filmes Curtos Ltda,Vitrine Filmes,RJ,RJ/RJ/SP/RJ,21,403,5027.88,RJ,1.0,1,2020,1,163,1,0,iniciante,grande,1.0,1.0,1.0,1.0,FSA e incentivo,1.0436741795953661,5247.468534103949,,161,0,802.0,0
2023,B2200504100000,Desapega,Hsu Chien Hsin,Ficção,Bronze Filmes Produtora Ltda,Telecine Programacao De Filmes Ltda / Rubi Filmes E Producoes Artisticas Ltda,Imagem,SP,RJ/RJ,516,150727,1680486.25,SP,1.0,1,2020,2,86,0,0,iniciante,grande,1.0,1.0,1.0,1.0,FSA e incentivo,1.0436741795953661,1753880.1082900434,,161,1,802.0,1
2023,B2100262500000,Despedida,"Vinicius Silva Lopes, Luciana Hubner Mazeto",Ficção,"Patio Vazio Producoes Cinematograficas, Artisticas E Culturais Ltda",,Elo Company,RS,,1,46,596.76,RS,1.0,0,2020,0,93,0,1,estreante,grande,2.0,0.0,1.0,0.0,só FSA,1.0436741795953661,622.8230034153307,,161,0,802.0,0
2023,B1900298300000,Destino Das Sombras,Klaus Berg Nippes Braganca,Ficção,Finordia Produções Culturais Ltda - Me,,Moro Filmes,ES,,4,112,1756.48,ES,1.0,0,2020,0,4,0,1,estreante,nova,2.0,0.0,1.0,0.0,só FSA,1.0436741795953661,1833.1928229756686,,161,0,802.0,0
2023,B2300258900000,Destinos Opostos,Jose Leme Walther Neto,Ficção,Guaikurus Produções Ltda,Wn Produções S/C Ltda,Paris,SP,SP,22,296,5780.94,SP,1.0,1,2020,0,42,0,1,estreante,media,0.0,0.0,0.0,0.0,sem fomento,1.0436741795953661,6033.417811790036,,161,0,802.0,0
2023,B2300099600000,Diga O Que Quiser! Eu Vou Ser Feliz A Beça!,Renato Candido De Lima,Documentário,Dandara Produções Culturais E Audiovisuais - Ltda,,Borboletas Filmes & Pombagens,SP,,2,157,1024.0,SP,1.0,0,2020,0,0,0,1,estreante,nova,0.0,0.0,0.0,0.0,sem fomento,1.0436741795953661,1068.722359905655,,161,0,802.0,0
2023,B2300061600000,Dos 3 Aos 3,Carlos Pablo Cardoso Lobato,Documentário,Claroescuro Studio Ltda,,Embaúba Filmes,MG,,17,2926,52345.24,MG,1.0,0,2020,0,18,0,1,estreante,pequena,0.0,0.0,0.0,0.0,sem fomento,1.0436741795953661,54631.37541272254,,161,1,802.0,1
2023,B2300205100000,"Elis & Tom, Só Tinha De Ser Com Você","Roberto De Oliveira, Jom Tob De Azulay",Documentário,Arteria Producoes Artisticas Eireli / Roberto De Oliveira,,O2 Play,RJ/ND,,114,68565,1416197.2,RJ,2.0,0,2020,0,49,0,1,estreante,media,2.0,0.0,1.0,0.0,só FSA,1.0436741795953661,1478048.4508552547,,161,1,802.0,1
2023,B1900189800000,Empate,Antonio Sergio De Carvalho E Souza,Documentário,A. S. C. E Souza - Produtora,,Descoloniza Filmes,AC,,5,88,1101.5,AC,1.0,0,2020,0,7,0,1,estreante,pequena,1.0,0.0,1.0,0.0,só FSA,1.0436741795953661,1149.607108824296,,161,0,802.0,0
2023,B2300014400000,Enaldinho E O Mistério Da Lagoa.,Fabio Rodrigues Brasil,Ficção,Rubi Filmes E Producoes Artisticas Ltda,,Imagem,RJ,,45,47568,767419.9,RJ,1.0,0,2020,0,86,1,1,estreante,grande,0.0,0.0,0.0,0.0,sem fomento,1.0436741795953661,800936.3345376579,,161,1,802.0,1
2023,B2200402400000,Eneida,Heloisa Azevedo Passos,Documentário,Maquina Filmes Ltda - Me.,Muiraquita Filmes E Producoes Artisticas Ltda,Máquina Filmes / Taturana Mobilização Social,PR,SP,4,620,5907.32,PR,1.0,1,2020,0,0,0,1,estreante,nova,1.0,0.0,1.0,0.0,só FSA,1.0436741795953661,6165.317354607298,,161,0,802.0,0
2023,B2000297200000,Espera,Claudio Gontijo Guimaraes,Documentário,88 Arte Contemporanea Ltda,,Descoloniza Filmes,MG,,1,35,389.49,MG,1.0,0,2020,0,7,0,1,estreante,pequena,1.0,0.0,1.0,0.0,só FSA,1.0436741795953661,406.5006562105992,,161,0,802.0,0
2023,B2200409600000,Estados Unidos Do Brasil,"Priscilla Regis Brasil, Gustavo Silva Loureiro Godinho",Documentário,Companhia Amazonica De Filmes S/S Ltda.,,Plano B612,PA,,1,47,465.0,PA,1.0,0,2020,0,0,0,1,estreante,nova,1.0,0.0,1.0,0.0,só FSA,1.0436741795953661,485.30849351184526,,161,0,802.0,0
2023,B2300321400000,Eu Deveria Estar Feliz,Claudia Priscilla Andrade Goifman,Documentário,Feel Filmes E Producoes Ltda,Globo Comunicacao E Participacoes S/A,Feel Filmes,SP,RJ,1,17,415.68,SP,1.0,1,2020,0,0,0,1,estreante,nova,0.0,1.0,0.0,1.0,só incentivo,1.0436741795953661,433.8344829742018,,161,0,802.0,0
2023,B2300343000000,Eu Sou Maria,Clara Isabelle Linhart,Ficção,Globo Comunicação E Participações S/A,Autoria C Producao E Gestao De Conteudo Criativo Ltda - Me /Capuri Filmes Producoes Ltda / Telecine Programacao De Filmes Ltda,Elo Company,RJ,RJ/RJ/RJ,15,436,7256.13,RJ,1.0,1,2020,0,93,2,1,estreante,grande,0.0,1.0,0.0,1.0,só incentivo,1.0436741795953661,7573.035524787324,,161,0,802.0,0
2023,B2200412400000,Fervo,Felipe Joffily,Ficção,Movi & Art Produções Cinematográficas Ltda,,Disney,SP,,287,11379,212276.44,SP,1.0,0,2020,6,23,0,0,veterana,media,1.0,1.0,1.0,1.0,FSA e incentivo,1.0436741795953661,221547.43936442496,,161,1,802.0,1
2023,B2200203400000,Fim De Semana No Paraíso Selvagem,Pedro Loureiro Severien,Ficção,Inquieta Cinema Cultura E Comunicação Ltda - Me / Orquestra Cinema Estúdios Ltda,,Inquieta Cine,PE/PE,,3,54,627.0,PE,1.0,0,2020,0,1,0,1,estreante,nova,1.0,0.0,1.0,0.0,só FSA,1.0436741795953661,654.3837106062946,,161,0,802.0,0
2023,B2300352400000,Fluxo,Andre Alberto Pellenz,Ficção,Media Bridge Produções Ltda.,,Pipa Produções,RJ,,8,122,1801.91,RJ,1.0,0,2020,1,24,1,0,iniciante,media,0.0,1.0,0.0,1.0,só incentivo,1.0436741795953661,1880.6069409546863,,161,0,802.0,0
2023,B1900528400000,Franco No Trem Do Medo,Salete Paulina Machado Sirino,Ficção,Sirino E Silvestre Ltda-Me,,Tigre Produções Cinematográficas,PR,,13,9200,93811.0,PR,1.0,0,2020,2,3,0,0,iniciante,nova,0.0,0.0,0.0,0.0,sem fomento,1.0436741795953661,97908.1184620209,,161,1,802.0,1
2023,B2300062000000,Incompatível Com A Vida,Eliza Ribeiro Capai,Documentário,Tva2 Produções Ltda.,,Descoloniza Filmes,RJ,,6,300,4435.6,RJ,1.0,0,2020,0,7,0,1,estreante,pequena,1.0,0.0,1.0,0.0,só FSA,1.0436741795953661,4629.321191013207,,161,0,802.0,0
2023,B2100027200000,Jair Rodrigues - Deixa Que Digam,Rubens Arnaldo Rewald,Documentário,Confeitaria De Cinema Comunicações Ltda,,Elo Company,SP,,24,2138,35905.06,SP,1.0,0,2020,0,93,0,1,estreante,grande,2.0,1.0,1.0,1.0,FSA e incentivo,1.0436741795953661,37473.18403882239,,161,0,802.0,1
2023,B2100501800000,La Parle,"Simon Boulier, Kevin Vanstaen, Gabriela Boeri Pacheco De Castro, Fanny Ledoux-Boldini",Ficção,Claraluz Producoes Audiovisuais Ltda,Kinoteka Produções Ltda,Pandora Filmes,SP,SP,10,621,9919.45,SP,1.0,1,2020,0,75,0,1,estreante,grande,0.0,0.0,0.0,0.0,sem fomento,1.0436741795953661,10352.673840787254,,161,0,802.0,0
2023,B2300037500000,La Situación,Tomas Coelho De Sanson Portella,Ficção,The Walt Disney Company (Brasil) Ltda.,Migdal Produções Cinematográficas Ltda. / Caravela Filmes Ltda.,Disney,SP,RJ/RJ,256,9005,168571.92,SP,1.0,1,2020,1,23,0,0,iniciante,media,1.0,1.0,1.0,1.0,FSA e incentivo,1.0436741795953661,175934.1603088157,,161,1,802.0,1
2023,B1900453000000,Linha De Frente,"Luiz Felipe Menezes Fleury, Gustavo Gama Rodrigues",Documentário,Losbragas Produções Ltda,Globo Comunicação E Participações S/A,O2 Play,RJ,RJ,2,27,465.71,RJ,1.0,1,2020,0,49,0,1,estreante,media,0.0,1.0,0.0,1.0,só incentivo,1.0436741795953661,486.04950217935794,,161,0,802.0,0
2023,B2300373000000,Los Delincuentes,Rodrigo Moreno,Ficção,Punta Colorada Produções Audiovisuais Ltda - Me,,Vitrine Filmes,SP,,26,2317,41313.11,SP,1.0,0,2020,0,163,0,1,estreante,grande,2.0,0.0,1.0,0.0,só FSA,1.0436741795953661,43117.426185783115,,161,0,802.0,1
2023,B2200100700000,Luiz Carlini - Guitarrista De Rock,Luiz Carlos Pereira Lucena,Documentário,Ativa Cinema E Video Ltda - Epp,,Lira Filmes,SP,,7,108,1797.57,SP,1.0,0,2020,0,6,0,1,estreante,pequena,0.0,0.0,0.0,0.0,sem fomento,1.0436741795953661,1876.0773950152422,,161,0,802.0,0
2023,B2000313600000,Luz Nos Trópicos,Paula Maria Gaitan Moscovici,Ficção,Aruac Produções Ltda,Fm Produções Ltda,Descoloniza Filmes,SP,RJ,2,125,1669.78,SP,1.0,1,2020,0,7,0,1,estreante,pequena,1.0,0.0,1.0,0.0,só FSA,1.0436741795953661,1742.7062716047503,,161,0,802.0,0
2023,B1800479500000,Mãe,Adriana Santos De Vasconcelos,Ficção,Agridoce Filmes Produções Artísticas E Culturais Ltda,,Forte Filmes,DF,,2,58,840.5,DF,1.0,0,2020,0,5,0,1,estreante,pequena,1.0,0.0,1.0,0.0,só FSA,1.0436741795953661,877.2081479499052,,161,0,802.0,0
2023,B2300531200000,Mamonas Assassinas O Filme,Edson Spinello,Ficção,Total Entertainment Ltda,Mamonas Assassinas Producoes Ltda,Imagem,RJ,ND/ND,2000,862701,16275136.42,RJ,1.0,1,2020,0,86,1,1,estreante,grande,0.0,1.0,0.0,1.0,só incentivo,1.0436741795953661,16985939.650946163,,161,1,802.0,1
2023,B2100381700000,Máquina Do Desejo,"Lucas Weglinski Andrade, Joaquim Vicente Arruda Leite De Castro",Documentário,Lucas Weglinski Andrade Producoes / Opy Filmes Ltda.,Canal Brazil S/A,Descoloniza Filmes,SP/SP,RJ,15,3322,53720.53,SP,1.0,1,2020,0,7,0,1,estreante,pequena,0.0,0.0,0.0,0.0,sem fomento,1.0436741795953661,56066.73007517825,,161,1,802.0,1
2023,B2000142400000,Mares Do Desterro,Sandra Pereira Alves,Ficção,Vagaluzes Filmes Ltda,,Elo Company,SC,,1,108,1442.84,SC,1.0,0,2020,0,93,0,1,estreante,grande,1.0,0.0,1.0,0.0,só FSA,1.0436741795953661,1505.8548532873779,,161,0,802.0,0
2023,B2300247400000,Marinheiro Das Montanhas,Karim Ainouz,Documentário,Videofilmes Produções Artística Ltda,Globo Comunicação E Participações S/A,Gullane Entretenimento,RJ,RJ,14,2699,41154.24,RJ,1.0,1,2020,0,8,0,1,estreante,pequena,2.0,1.0,1.0,1.0,FSA e incentivo,1.0436741795953661,42951.6176688708,,161,0,802.0,1
2023,B2000076800000,Mato Seco Em Chamas,"Joana Chadwick Luis Pimenta, Adirley Queiros De Andrade",Ficção,Cinco Da Norte-Serviços Audiovisuais Ltda-Me,,Vitrine Filmes,DF,,13,2931,28068.4,DF,1.0,0,2020,0,163,0,1,estreante,grande,1.0,0.0,1.0,0.0,só FSA,1.0436741795953661,29294.264342554576,,161,1,802.0,1
2023,B2200393900000,Me Chama Que Eu Vou,Joana Guttman Mariani,Documentário,Globo Comunicação E Participações S/A,Mar Filmes Ltda / Amaia Producoes Audiovisuais E Musicais Ltda / Canal Brazil S/A,Vitrine Filmes,RJ,RJ/SP/RJ,14,1431,21739.83,RJ,1.0,1,2020,0,163,2,1,estreante,grande,1.0,1.0,1.0,1.0,FSA e incentivo,1.0436741795953661,22689.29923979273,,161,0,802.0,1
2023,B2200442800000,Medusa,Anita De Souza Rocha Magalhaes Da Silveira,Ficção,Bananeira Filmes Ltda.,Mymama Entertainment Producao Ltda. / Telecine Programacao De Filmes Ltda/ Matilha Filmes Ltda - Epp / Canal Brazil S/A /,Vitrine Filmes,RJ,SP/RJ/RJ/RJ,14,2753,25344.42,RJ,1.0,1,2020,0,163,1,1,estreante,grande,2.0,1.0,1.0,1.0,FSA e incentivo,1.0436741795953661,26451.316750820388,,161,0,802.0,1
2023,B2300028000000,Memória Sufocada,Gabriel Di Giacomo Rocha,Documentário,Salvatore Filmes Ltda,,Embaúba Filmes,SP,,15,919,13513.43,SP,1.0,0,2020,0,18,0,1,estreante,pequena,0.0,0.0,0.0,0.0,sem fomento,1.0436741795953661,14103.61796876941,,161,0,802.0,1
2023,B2300062600000,"Mesmo Que Tudo Dê Errado, Já Deu Tudo Certo",Lais Lisboa Chaffe,Documentário,Laís Lisboa Chaffe,,Atena Produções,RS,,1,336,2264.0,RS,1.0,0,2020,0,0,0,1,estreante,nova,0.0,0.0,0.0,0.0,sem fomento,1.0436741795953661,2362.878342603909,,161,0,802.0,0
2023,B2300212900000,Meu Nome É Gal,"Sonia Politi Assuncao, Dandara Da Costa Ferreira",Ficção,Paris Produções Cinematográficas Ltda,Dramatica Filmes - Eireli / Telecine Programacao De Filmes Ltda,Paris,SP,SP/RJ,353,153864,3293525.03,SP,1.0,1,2020,0,42,3,1,estreante,media,1.0,1.0,1.0,1.0,FSA e incentivo,1.0436741795953661,3437367.0336620533,,161,1,802.0,1
2023,B2300519200000,Minha Irmã E Eu,Susana Garcia Assis Freire,Ficção,Paris Produções Cinematográficas Ltda,Globo Comunicação E Participações S/A /Telecine Programacao De Filmes Ltda,Paris,SP,ND/RJ/RJ,1925,2285860,43666630.52,SP,1.0,1,2020,0,42,3,1,estreante,media,0.0,2.0,0.0,1.0,só incentivo,1.0436741795953661,45573734.78365498,,161,1,802.0,1
2023,B1800610400000,Mirante,Rodrigo John,Documentário,Osso Produções Ltda.,,Lança Filmes,RS,,2,177,2296.16,RS,1.0,0,2020,0,16,0,1,estreante,pequena,1.0,0.0,1.0,0.0,só FSA,1.0436741795953661,2396.4429042196957,,161,0,802.0,0
2023,B2000360900000,Miúda E O Guarda-Chuva,"Victor De Morais Cayres, Paula Alice Baptista Borges, Amadeu Alban Gonzalez",Animação,Movioca Produções Artísticas Ltda - Me,Santo Forte Serviços De Imagem E Conteúdo Ltda,Tucumán,SP,,1,8,120.0,SP,1.0,1,2020,0,13,0,1,estreante,pequena,1.0,0.0,1.0,0.0,só FSA,1.0436741795953661,125.24090155144394,,161,0,802.0,0
2023,B2200361800000,"Môa, Raiz Afro Mãe",Gustavo Mcnair Koury Lopes,Documentário,Kana Filmes E Produções Ltda.,,O2 Play,SP,,11,1552,19915.51,SP,1.0,0,2020,0,49,0,1,estreante,media,1.0,0.0,1.0,0.0,só FSA,1.0436741795953661,20785.30356047331,,161,0,802.0,1
2023,B2200503900000,Muleque Té Doido 4 - Morreu Maria Preá!,Francisco Duarte Da Silva,Ficção,F D Da Silva - Me,,O2 Play / Raça Ruim Filmes,MA,,8,22823,430975.88,MA,1.0,0,2020,1,0,1,0,iniciante,nova,0.0,0.0,0.0,0.0,sem fomento,1.0436741795953661,449798.39798439096,,161,1,802.0,1
2023,B2200015500000,Muribeca,"Camilo Lourenco Soares, Alcione Ferreira Dos Santos",Documentário,Senda Produções Audiovisuais Ltda,,Descoloniza Filmes,PE,,6,91,1601.66,PE,1.0,0,2020,0,7,0,1,estreante,pequena,0.0,0.0,0.0,0.0,sem fomento,1.0436741795953661,1671.611186490714,,161,0,802.0,0
2023,B2300418000000,"Mussum, O Filmis",Silvio De Miranda Guindane,Ficção,Globo Comunicação E Participações S/A,Camisa Listrada Ltda / Panorama Filmes Ltda. / Telecine Programacao De Filmes Ltda / Xanadu Produções Cinematográficas Ltda,Downtown,RJ,RJ/RJ/RJ/ND,786,213830,4210950.05,RJ,1.0,1,2020,0,57,2,1,estreante,media,2.0,1.0,1.0,1.0,FSA e incentivo,1.0436741795953661,4394859.838750816,,161,1,802.0,1
2023,B2300367100000,Não Sei Quantas Almas Tenho,"Patricia Niedermeier, Carlos Vinicius Borges",Ficção,Cavideo Produções Comércio E Locação De Filmes Ltda,,Cavideo Produções,RJ,,1,410,6150.0,RJ,1.0,0,2020,0,7,0,1,estreante,pequena,0.0,0.0,0.0,0.0,sem fomento,1.0436741795953661,6418.596204511502,,161,0,802.0,0
2023,B2300367700000,Não Tem Volta,Cesar Eduardo Rodrigues De Souza,Ficção,Conspiração Filmes Entretenimento 3º Milênio Ltda.,,Disney,RJ,,312,19371,338395.04,RJ,1.0,0,2020,0,23,0,1,estreante,media,0.0,1.0,0.0,1.0,só incentivo,1.0436741795953661,353174.1657511411,,161,1,802.0,1
2023,B2000230700000,Nas Ondas Da Fé,Felipe Joffily,Ficção,Paulo Augusto P. Casé Ltda,,Imagem,RJ,,497,36194,683869.07,RJ,1.0,0,2020,6,86,0,0,veterana,grande,2.0,1.0,1.0,1.0,FSA e incentivo,1.0436741795953661,713736.4905828959,,161,1,802.0,1
2023,B2100027500000,Natureza Morta,"Luiz Rosemberg Filho, Clarissa Moebus De Alencar Ramalho",Ficção,Artifício Cinematográfico E Produções Ltda.,Viralata Filmes Ltda,Livres Filmes,RJ,RJ,2,200,1752.77,RJ,1.0,1,2020,0,20,0,1,estreante,media,1.0,0.0,1.0,0.0,só FSA,1.0436741795953661,1829.3207917693699,,161,0,802.0,0
2023,B2300437800000,Nelson Pereira Dos Santos - Vida De Cinema,"Ivelise Ferreira, Aida Maria Bastos Nepomuceno Marques",Documentário,Mp2 Produções Ltda,Globo Comunicação E Participações S/A / Canal Brazil S/A,Bretz Filmes,RJ,RJ/RJ,9,191,3687.23,RJ,1.0,1,2020,0,26,0,1,estreante,media,0.0,1.0,0.0,1.0,só incentivo,1.0436741795953661,3848.2667452294218,,161,0,802.0,0
2023,B2300126700000,Ninguém É De Ninguém,Wagner Luiz De Assis Coelho,Ficção,Cinética Filmes E Produções Ltda.,,Sony,RJ,,370,139189,2944391.92,RJ,1.0,0,2020,2,20,1,0,iniciante,media,0.0,1.0,0.0,1.0,só incentivo,1.0436741795953661,3072985.821513225,,161,1,802.0,1
2023,B2300014100000,Niobe,Fernando Gonzalez Cruz De Mamari,Ficção,Paje Producoes Culturais Ltda,,Moro Filmes,RJ,,2,326,6294.01,RJ,1.0,0,2020,0,4,0,1,estreante,nova,0.0,0.0,0.0,0.0,sem fomento,1.0436741795953661,6568.895723115031,,161,0,802.0,0
2023,B2200250200000,Noites Alienígenas,Antonio Sergio De Carvalho E Souza,Ficção,A. S. C. E Souza - Produtora,Com Domínio Produções Ltda,Vitrine Filmes,AC,RJ,27,6963,115700.79,AC,1.0,1,2020,0,163,0,1,estreante,grande,1.0,0.0,1.0,0.0,só FSA,1.0436741795953661,120753.92708178573,,161,1,802.0,1
2023,B2300349700000,Nosso Sonho,Eduardo Leonel Albergaria,Ficção,Urca Filmes Ltda,Telecine Programacao De Filmes Ltda,Vitrine Filmes,RJ,RJ,498,505352,8671387.13,RJ,1.0,1,2020,0,163,0,1,estreante,grande,1.0,1.0,1.0,1.0,FSA e incentivo,1.0436741795953661,9050102.848856566,,161,1,802.0,1
2023,B2100232400000,O Acidente,Bruno Carboni Godecke,Ficção,Atelier W Producoes Cinematograficas Ltda,Vulcana Cinema Ltda,Atelier W,RS,RS,5,458,5012.22,RS,1.0,1,2020,0,0,1,1,estreante,nova,2.0,2.0,1.0,1.0,FSA e incentivo,1.0436741795953661,5231.1245964514865,,161,0,802.0,0
2023,B2200307700000,O Alecrim E O Sonho,Valerio Martins Da Fonseca,Ficção,Ponta Negra Filmes Ltda-Me,Carambola Produções Artísticas,Livres Filmes,RN,PB,1,278,1984.0,RN,1.0,1,2020,0,20,0,1,estreante,media,1.0,0.0,1.0,0.0,só FSA,1.0436741795953661,2070.6495723172065,,161,0,802.0,0
2023,B2300065800000,O Circo Voltou,"Paulo Mauricio Germany Caldas, Barbara Arruda Carneiro Da Cunha",Documentário,99 Producoes Artisticas Ltda,Lira Filmes Produções Ltda Me,Lira Filmes,PE,SP,11,71,1483.72,PE,1.0,1,2020,0,6,0,1,estreante,pequena,1.0,0.0,1.0,0.0,só FSA,1.0436741795953661,1548.5202537492366,,161,0,802.0,0
2023,B2100036700000,O Espaço Infinito,Leonardo Palatucci Bello,Ficção,Machado Filmes E Produções Ltda,Lumio Filmes Ltda,Pandora Filmes,DF,DF,8,427,5847.17,DF,1.0,1,2020,0,75,0,1,estreante,grande,2.0,0.0,1.0,0.0,só FSA,1.0436741795953661,6102.540352704637,,161,0,802.0,0
2023,B1900461300000,O Homem Cordial,Ibere Carvalho Ferreira Santos,Ficção,Quartinho Direcoes Artisticas Eireli,Pavirada Filmes E Produções Ltda / Acere Produção Artística E Cultural Ltda / Momento Producao Artistica E Cultural Ltda,O2 Play,DF,SP/ND/DF,30,4114,80801.93,DF,1.0,1,2020,0,49,0,1,estreante,media,2.0,0.0,1.0,0.0,só FSA,1.0436741795953661,84330.88800247219,,161,1,802.0,1
2023,B1500150500000,O Homem De Lagoa Santa,Renato De Menezes Lopes,Ficção,Gnctv - Producoes De Cinema E Tv Ltda,K9 Agenciamento E Produções Ltda,Filmes Do Rio De Janeiro,RJ,RJ,1,531,7112.88,RJ,1.0,1,2020,0,1,0,1,estreante,nova,0.0,1.0,0.0,1.0,só incentivo,1.0436741795953661,7423.529198560288,,161,0,802.0,0
2023,B2000240100000,O Lodo,Helvecio Luis De Amorim Ratton,Ficção,Quimera Filmes Ltda,,Cineart Filmes,MG,,20,2904,53189.05,MG,1.0,0,2020,0,3,0,1,estreante,nova,1.0,0.0,1.0,0.0,só FSA,1.0436741795953661,55512.03812220691,,161,1,802.0,1
2023,B2200261700000,O Mestre Da Fumaça,"Augusto De Oliveira Soares, Andre Luis Folgosi Sigwalt",Ficção,Augusto De Oliveira Soares / Quati Filmes Ltda,,Lança Filmes,SP/SP,,14,2359,45694.43,SP,1.0,0,2020,0,16,0,1,estreante,pequena,0.0,0.0,0.0,0.0,sem fomento,1.0436741795953661,47690.096742327885,,161,0,802.0,1
2023,B2300472200000,"Ó Paí, Ó 2",Viviane Ferreira Da Cruz,Ficção,Dueto Produções E Publicidades Ltda,Globo Comunicação E Participações S/A / Paulo Augusto P. Casé Ltda / Xanadu Produções Cinematográficas Ltda / Canal Brazil S/A,H2O Films,SP,RJ/RJ/ND/RJ,476,167346,3047176.3,SP,1.0,1,2020,1,27,0,0,iniciante,media,2.0,1.0,1.0,1.0,FSA e incentivo,1.0436741795953661,3180259.224984943,,161,1,802.0,1
2023,B2300121300000,O Pastor E O Guerrilheiro,Jose Eduardo Belmonte Dos Santos,Ficção,Mercado Cultural Ltda Epp,Telecine Programacao De Filmes Ltda / Canal Brazil S/A /,A2 Filmes,DF,RJ/RJ,26,4271,70341.14,DF,1.0,1,2020,3,3,0,0,estabelecida,nova,3.0,0.0,1.0,0.0,só FSA,1.0436741795953661,73413.2315813028,,161,1,802.0,1
2023,B2300319500000,O Porteiro,Paulo De Moraes Fontenelle,Ficção,Rubi Filmes E Producoes Artisticas Ltda,,Imagem,RJ,,582,46251,882355.04,RJ,1.0,0,2020,0,86,1,1,estreante,grande,0.0,0.0,0.0,0.0,sem fomento,1.0436741795953661,920891.1724838365,,161,1,802.0,1
2023,B2000251400000,O Rio Do Desejo,Sergio Machado Ribeiro Dos Santos,Ficção,Intro Ltda,,Gullane Entretenimento,,,25,6920,115079.73,,,0,2020,0,8,0,1,estreante,pequena,1.0,1.0,1.0,1.0,FSA e incentivo,1.0436741795953661,120105.74279580623,,161,1,802.0,1
2023,B2300524600000,O Sequestro Do Voo 375,Marcus Vinicius Costa Baldini Silva,Ficção,Escarlate Conteúdo Audiovisual E Experiencias Criativas Ltda - Me,Ltc Martins Producoes & Reproducoes De Videos Ltda,Disney,RJ,DF,638,197118,4043007.39,RJ,1.0,1,2020,0,23,0,1,estreante,media,0.0,1.0,0.0,1.0,só incentivo,1.0436741795953661,4219582.420856252,,161,1,802.0,1
2023,B2000414400000,Olha Pra Elas,"Tatiana Sager, Renato Nunes Dorneles",Documentário,Panda Filmes Ltda,Renato Nunes Dorneles,Panda Filmes,RS,RS,8,332,4609.32,RS,1.0,1,2020,0,16,1,1,estreante,pequena,1.0,0.0,1.0,0.0,só FSA,1.0436741795953661,4810.628269492513,,161,0,802.0,0
2023,B2300230600000,Os Aventureiros - A Origem,Andre Alberto Pellenz,Ficção,Luccas Toon Studios Ltda,Formata Producoes E Conteudo Ltda. /  Telecine Programacao De Filmes Ltda,Warner,RJ,SP/RJ,958,418678,7431091.22,RJ,1.0,1,2020,1,43,0,0,iniciante,media,0.0,1.0,0.0,1.0,só incentivo,1.0436741795953661,7755638.032531828,,161,1,802.0,1
2023,B1700590400000,"Osmar, A Primeira Fatia Do Pão De Forma - O Filme",Alexandre Machado De Sa,Animação,44 Bico Largo Comercial Ltda,,44 Bico Largo,SP,,1,37,625.0,SP,1.0,0,2020,1,0,0,0,iniciante,nova,1.0,1.0,1.0,1.0,FSA e incentivo,1.0436741795953661,652.2963622471038,,161,0,802.0,0
2023,B2000044900000,Para Onde Voam As Feiticeiras,"Roberto Figueiredo Do Amaral Filho, Eliane Dias Caffe Alves, Carla Dias Caffe Alves",Documentário,Aurora Filmes Ltda.,Cisma Produções Cinematográficas,Descoloniza Filmes,SP,SP,9,623,10217.22,SP,1.0,1,2020,0,7,0,1,estreante,pequena,1.0,0.0,1.0,0.0,só FSA,1.0436741795953661,10663.448701245366,,161,0,802.0,0
2023,B1800418500000,Para'Í,Vinicius Mantovani Contrera Toro,Ficção,Travessia Filmes Ltda - Me,,Descoloniza Filmes,SP,,14,802,11716.58,SP,1.0,0,2020,0,7,0,1,estreante,pequena,0.0,0.0,0.0,0.0,sem fomento,1.0436741795953661,12228.292019163475,,161,0,802.0,0
2023,B2300343300000,Pedágio,Carolina Markowicz Bastos,Ficção,Globo Comunicação E Participações S/A,Biônica Cinema E Tv Ltda. / Carolina Markowicz Bastos - Me / Anjo Producoes Cinematograficas Ltda,Paris,RJ,SP/ND/SP/RS/ND,70,8867,157296.12,RJ,1.0,1,2020,1,42,2,0,iniciante,media,0.0,1.0,0.0,1.0,só incentivo,1.0436741795953661,164165.89899453425,,161,1,802.0,1
2023,B2200213000000,Pele,Marcos Almeida Pimentel,Documentário,Tempero Filmes Ltda,,Embaúba Filmes,MG,,6,146,1770.0,MG,1.0,0,2020,2,18,2,0,iniciante,pequena,0.0,0.0,0.0,0.0,sem fomento,1.0436741795953661,1847.303297883798,,161,0,802.0,0
2023,B2300255800000,Perdida,"Luiza Shelling Tubaldini, Katherine Chediak Putnam, Dean Wallace Law",Ficção,Latinamerica Entretenimento Internacional Ltda,,Disney,SP,,507,91907,1690395.85,SP,1.0,0,2020,0,23,0,1,estreante,media,0.0,1.0,0.0,1.0,só incentivo,1.0436741795953661,1764222.5019401617,,161,1,802.0,1
2023,B2200508100000,Perlimps,Alexandre Cesario De Abreu,Animação,Buriti Filmes Ltda,Alê Abreu Produções Ltda / Globo Comunicação E Participações S/A / Misti Produções Ltda / Rsmts Empreendimentos E Participacoes Ltda,Vitrine Filmes,SP,SP/SP/RJ/SP/RJ,139,12504,150664.85,SP,1.0,1,2020,0,163,1,1,estreante,grande,2.0,1.0,1.0,1.0,FSA e incentivo,1.0436741795953661,157245.0137176089,,161,1,802.0,1
2023,B2300338800000,Pérola,Murilo Benicio Ribeiro,Ficção,República Pureza Filmes Ltda.,Globo Comunicação E Participações S/A / Canal Brazil S/A,H2O Films,RJ,RJ/RJ,100,7647,125203.41,RJ,1.0,1,2020,0,27,0,1,estreante,media,1.0,1.0,1.0,1.0,FSA e incentivo,1.0436741795953661,130671.56621429227,,161,1,802.0,1
2023,B1800468000000,Pessoas Humanas,Frank Spano,Ficção,Panda Filmes Ltda,Fm Produções Ltda,Panda Filmes,RS,RJ,2,46,583.5,RS,1.0,1,2020,0,16,1,1,estreante,pequena,1.0,0.0,1.0,0.0,só FSA,1.0436741795953661,608.9838837938961,,161,0,802.0,0
2023,B2200259700000,"Plauto, Um  Sopro Musical",Rodrigo Crizel Portelinha,Documentário,Guarujá Produções Ltda,,Lança Filmes,RS,,16,675,7404.65,RS,1.0,0,2020,0,16,0,1,estreante,pequena,1.0,0.0,1.0,0.0,só FSA,1.0436741795953661,7728.042013940827,,161,0,802.0,0
2023,B2000255600000,Por Trás Da Linha De Escudos,Marcelo Pedroso Holanda De Jesus,Documentário,Símio Filmes Ltda / Vilarejo Filmes Ltda Me,,Inquieta Cine,PE/PE,,1,34,430.0,PE,1.0,0,2020,0,1,0,1,estreante,nova,1.0,0.0,1.0,0.0,só FSA,1.0436741795953661,448.77989722600745,,161,0,802.0,0
2023,B2000202100000,Poropopó,Luis Antonio De Abreu Igreja,Ficção,Leblon Produções Artísticas Ltda - Me / Samba Filmes Ltda,,Livres Filmes,RJ/RJ,,3,479,5280.0,RJ,1.0,0,2020,0,20,0,1,estreante,media,1.0,0.0,1.0,0.0,só FSA,1.0436741795953661,5510.599668263533,,161,0,802.0,0
2023,B1900126500000,Propriedade,Daniel Bandeira Espirito Santo,Ficção,Símio Filmes Ltda,Lunatica Filmes Ltda  / Vilarejo Filmes Ltda Me,Vitrine Filmes,PE,ND/PE,35,2451,25492.36,PE,1.0,1,2020,0,163,1,1,estreante,grande,1.0,0.0,1.0,0.0,só FSA,1.0436741795953661,26605.71790894973,,161,0,802.0,1
2023,B2300527400000,Puan,"Maria Alché, Benjamin Naishtat",Ficção,Bubbles Produções Artísticas Ltda,,Vitrine Filmes,RJ,,13,2754,40434.19,RJ,1.0,0,2020,0,163,0,1,estreante,grande,1.0,0.0,1.0,0.0,só FSA,1.0436741795953661,42200.120075853156,,161,0,802.0,1
2023,B2200114000000,Quando Falta O Ar,"Helena Lemos Petta, Ana Cristina Lemos Petta",Documentário,Clementina Producao Cultural Eireli / Paranoid Filmes Ltda,,Paranoid Filmes,SP/SP,,15,6143,75691.26,SP,1.0,0,2020,0,0,0,1,estreante,nova,0.0,0.0,0.0,0.0,sem fomento,1.0436741795953661,78997.01368303955,,161,1,802.0,1
2023,B2300212300000,Quantos Dias. Quantas Noites,Clovis Rhoden,Documentário,Maria Farinha Filmes E Produções Ltda.,,Flow Impact,SP,,6,1614,14498.48,SP,1.0,0,2020,0,0,0,1,estreante,nova,0.0,1.0,0.0,1.0,só incentivo,1.0436741795953661,15131.689219379823,,161,0,802.0,1
2023,B2300022300000,Rama Pankararu,Pedro Sodre Dias Lopes,Ficção,Copa Filmes E Produções Artisticas Ltda.,,Copa Filmes,RJ,,2,169,2488.0,RJ,1.0,0,2020,0,1,0,1,estreante,nova,0.0,0.0,0.0,0.0,sem fomento,1.0436741795953661,2596.6613588332707,,161,0,802.0,0
2023,B2200215900000,Raquel 1:1,Mariana Bastos Cordeiro,Ficção,Claraluz Producoes Audiovisuais Ltda,Morena Do Nascimento Koti Me / Tht Entretenimento E Inovação Ltda,O2 Play,SP,SP/SP,17,851,12425.0,SP,1.0,1,2020,0,49,0,1,estreante,media,0.0,1.0,0.0,1.0,só incentivo,1.0436741795953661,12967.651681472424,,161,0,802.0,1
2023,B1900582500000,Razões Para Não Ser Mãe,Marco Carnevalle,Ficção,Querosene Produções Artisticas E Cinematográficas Ltda,,Querosene Filmes,SP,,1,34,750.0,SP,1.0,0,2020,0,0,3,1,estreante,nova,0.0,1.0,0.0,1.0,só incentivo,1.0436741795953661,782.7556346965246,,161,0,802.0,0
2023,B2300001100000,Regra 34,Julia Murat E Adario,Ficção,Esquina Producoes Artisticas Eireli,Bubbles Produções Artísiticas / Reserva Nacional Distribuidora De Filmes Ltda.,Imovision,RJ,RJ/SP,18,3724,60609.19,RJ,1.0,1,2020,0,71,0,1,estreante,grande,2.0,1.0,1.0,1.0,FSA e incentivo,1.0436741795953661,63256.24664918967,,161,1,802.0,1
2023,B1301918400000,Remoção,"Luiz Antonio Da Silva, Anderson Luiz Alves De Oliveira",Documentário,Lapilar Producões Artisticas Ltda,,Lapilar Produções,RJ,,6,201,3402.11,RJ,1.0,0,2020,0,0,1,1,estreante,nova,0.0,0.0,0.0,0.0,sem fomento,1.0436741795953661,3550.6943631431914,,161,0,802.0,0
2023,B2300327500000,Retratos Fantasmas,Kleber De Mendonca Vasconcellos Filho,Documentário,Cinemascopio Producoes Cinematograficas E Artisticas,Vitrine Filmes Ltda,Vitrine Filmes,PE,SP,80,50182,924641.69,PE,1.0,1,2020,0,163,0,1,estreante,grande,2.0,0.0,1.0,0.0,só FSA,1.0436741795953661,965024.6572304228,,161,1,802.0,1
2023,B2300295700000,Revolta Dos Malês,"Jose Belisario Cabo Penna Franca, Jeferson Rodrigues De Rezende",Ficção,Giros Projetos Audiovisuais Ltda,,Bretz Filmes,RJ,,5,621,9114.6,RJ,1.0,0,2020,0,26,3,1,estreante,media,0.0,1.0,0.0,1.0,só incentivo,1.0436741795953661,9512.672677339924,,161,0,802.0,0
2023,B2300103200000,Rio Doce,Fellipe Luis De Melo Fernandes,Ficção,Ponte Produtoras Associadas Ltda,Fellipe Luis De Melo Fernandes,Vitrine Filmes,PE,,5,349,3029.59,PE,1.0,1,2020,0,163,1,1,estreante,grande,2.0,0.0,1.0,0.0,só FSA,1.0436741795953661,3161.9048577603253,,161,0,802.0,0
2023,B2300023700000,"Rio, Negro","Gabriel Ferreira Barbosa, Fernando Carlos De Sousa",Documentário,Quiprocó Filmes Ltda,,Pipa Produções,RJ,,1,168,1578.0,RJ,1.0,0,2020,0,24,0,1,estreante,media,0.0,0.0,0.0,0.0,sem fomento,1.0436741795953661,1646.9178554014877,,161,0,802.0,0
2023,B2300337300000,Roberto Farias:  Memórias De Um Cineasta,Marise Chicharo De Farias,Documentário,Dona Rosa Produções Artísticas Ltda.,Globo Comunicação E Participações S/A / Canal Brazil S/A,Vinny Filmes,RJ,RJ/RJ,6,168,2041.58,RJ,1.0,1,2020,0,3,1,1,estreante,nova,0.0,1.0,0.0,1.0,só incentivo,1.0436741795953661,2130.7443315783075,,161,0,802.0,0
2023,B2300261100000,Rodeio Rock,Marcelo Antunes Braz,Ficção,Lighthouse Produções Cinematográficas Ltda.,Yosemite Producoes Artisticas Ltda,Downtown,SP,,235,8405,155767.17,SP,1.0,1,2020,2,57,0,0,iniciante,media,1.0,1.0,1.0,1.0,FSA e incentivo,1.0436741795953661,162570.17335764194,,161,1,802.0,1
2023,B1900417800000,Segundo Tempo,Rubens Arnaldo Rewald,Ficção,Miração Filmes Ltda,Confeitaria De Cinema Comunicações Ltda,Pandora Filmes,SP,SP,13,685,12806.25,SP,1.0,1,2020,0,75,0,1,estreante,grande,2.0,1.0,1.0,1.0,FSA e incentivo,1.0436741795953661,13365.552462443158,,161,0,802.0,0
2023,B1900336500000,Seu Amor De Volta (Mesmo Que Ele Não Queira),Bertrand De Souza Lira,Documentário,Extrato De Cinema Produções E Serviços Cinematográficos Ltda,,Extrato De Cinema,PB,,1,406,2830.0,PB,1.0,0,2020,0,0,0,1,estreante,nova,1.0,0.0,1.0,0.0,só FSA,1.0436741795953661,2953.597928254886,,161,0,802.0,0
2023,B1900286800000,Seus Ossos E Seus Olhos,Caetano Gotardo Soares,Ficção,Liracine Produções Audiovisuais Ltda - Epp,Caetano Gotardo Soares,Descoloniza Filmes,SP,,4,270,5153.5,SP,1.0,1,2020,0,7,0,1,estreante,pequena,0.0,0.0,0.0,0.0,sem fomento,1.0436741795953661,5378.57488454472,,161,0,802.0,0
2023,B2200243000000,Sinfonia De Um Homem Comum,Jose Joffily Bezerra Filho,Documentário,Coevos Filmes Ltda,Globo Comunicação E Participações S/A / Canal Brazil S/A,Bretz Filmes,RJ,RJ/RJ,4,462,5463.78,RJ,1.0,1,2020,0,26,1,1,estreante,media,1.0,1.0,1.0,1.0,FSA e incentivo,1.0436741795953661,5702.4061089895695,,161,0,802.0,0
2023,B2300364700000,Stand Up Minha Vida É Uma Piada,Miguel Da Rocha Rodrigues,Ficção,Bronze Filmes Produtora Ltda,Telecine Programacao De Filmes Ltda,Imagem,SP,RJ,23,142,3076.25,SP,1.0,1,2020,0,86,0,1,estreante,grande,0.0,1.0,0.0,1.0,só incentivo,1.0436741795953661,3210.602694980245,,161,0,802.0,0
2023,B2300408000000,Tá Escrito,Matheus De Souza Silva,Ficção,Paris Produções Cinematográficas Ltda,Globo Comunicação E Participações S/A / Renata Sofia Santos Freire / Rsmts Empreendimentos E Participacoes Ltda,Paris,SP,RJ/ND/RJ,683,55258,997724.85,SP,1.0,1,2020,0,42,3,1,estreante,media,0.0,1.0,0.0,1.0,só incentivo,1.0436741795953661,1041299.6642856597,,161,1,802.0,1
2023,B2200347700000,Tempos De Barbárie - Ato I: Terapia Da Vingança,Marcos Bernstein Seixas,Ficção,Hungry Man Brasil Produções Ltda.,Globo Comunicação E Participações S/A / Neanderthal Mb Cinema S/C Ltda. / Passaro Films Do Brasil Audiovisuai/O2 Filmes Curtos Ltda /Telecine Programação de Filmes Ltda,Paris,RJ,RJ/RJ/SP/RJ/RJ,145,2784,55785.13,RJ,1.0,1,2020,1,42,0,0,iniciante,media,2.0,1.0,1.0,1.0,FSA e incentivo,1.0436741795953661,58221.49978637084,,161,0,802.0,1
2023,B2300141200000,Tenho Fé,Rian Cordova Costa,Documentário,Lira Filmes Produções Ltda Me / Pixys Produções Artísticas Ltda - Me,,Lira Filmes,SP/SP,,8,305,3945.61,SP,1.0,0,2020,0,6,0,1,estreante,pequena,1.0,1.0,1.0,1.0,FSA e incentivo,1.0436741795953661,4117.931279753273,,161,0,802.0,0
2023,B2300041800000,Tia Virgínia,Fabio Augusto Meira De Sousa,Ficção,Roseira Filmes E Producoes Artisticas,Kinossaurus Filmes Ltda.,Elo Company,SP,RJ,33,7849,133406.73,SP,1.0,1,2020,0,93,0,1,estreante,grande,1.0,0.0,1.0,0.0,só FSA,1.0436741795953661,139233.15948525054,,161,1,802.0,1
2023,B2100484600000,Tinnitus,Gregorio Graziosi,Ficção,Cinematográfica Superfilmes Ltda,Gregorio Graziosi - Me,Imovision,SP,,13,750,14078.16,SP,1.0,1,2020,1,71,2,0,iniciante,grande,5.0,0.0,1.0,0.0,só FSA,1.0436741795953661,14693.0120882123,,161,0,802.0,0
2023,B2300130100000,Tire 5 Cartas,Diego Henrique Dantas Freitas,Ficção,Guarnicê Produções Eireli,E.H. Filmes Ltda,Eh! Filmes / Vinny Filmes,MA,RJ,139,13194,214973.37,MA,1.0,1,2020,0,0,0,1,estreante,nova,0.0,0.0,0.0,0.0,sem fomento,1.0436741795953661,224362.15556960108,,161,1,802.0,1
2023,B2300303300000,Tpm! Meu Amor,Eliana Fonseca,Ficção,Moonshot Creative Lab Produções Artísticas Ltda.,,Galeria Distribuidora,SP,,17,437,7747.91,SP,1.0,0,2020,3,2,0,0,estabelecida,nova,1.0,1.0,1.0,1.0,FSA e incentivo,1.0436741795953661,8086.293612828733,,161,0,802.0,0
2023,B2300211600000,Tração,Andre Luis Martins Camargo,Ficção,Owner Entertainment Ltda,,Cinecolor Do Brasil,SP,,56,1969,38941.34,SP,1.0,0,2020,0,0,0,1,estreante,nova,0.0,0.0,0.0,0.0,sem fomento,1.0436741795953661,40642.07107684421,,161,0,802.0,1
2023,B2200349500000,Três Tigres Tristes,Gustavo Vinagre Alves,Ficção,Tempero Filmes Ltda,Carneiro Verde Filmes,Olhar Distribuição,MG,MG,46,564,8288.31,MG,1.0,1,2020,0,20,2,1,estreante,media,1.0,0.0,1.0,0.0,só FSA,1.0436741795953661,8650.295139482068,,161,0,802.0,0
2023,B2300212500000,Um Dia Cinco Estrelas,Hsu Chien Hsin,Ficção,Paris Produções Cinematográficas Ltda,Simba Content - Intermediação E Agenciamento De Conteúdos Ltda,Paris,SP,,315,17494,335714.99,SP,1.0,1,2020,2,42,3,0,iniciante,media,0.0,1.0,0.0,1.0,só incentivo,1.0436741795953661,350377.06676611654,,161,1,802.0,1
2023,B1800417100000,Um Filme De Cinema,Thiago Mendonca,Ficção,Memória Viva Produção De Imagem E Texto Ltda,,Embaúba Filmes,SP,,19,1286,15893.46,SP,1.0,0,2020,1,18,1,0,iniciante,pequena,0.0,0.0,0.0,0.0,sem fomento,1.0436741795953661,16587.593826431767,,161,0,802.0,1
2023,B2200496400000,Um Jóquei Cearense Na Coreia,"Mi-Kyung Oh, Gustavo Parente Lima",Documentário,Tardo Filmes Ltda Me,,Embaúba Filmes,CE,,5,177,1418.52,CE,1.0,0,2020,0,18,1,1,estreante,pequena,0.0,0.0,0.0,0.0,sem fomento,1.0436741795953661,1480.4726972396188,,161,0,802.0,0
2023,B2300335000000,"Um Pouco De Mim, Um Pouco De Nós",Andre Bushatsky,Documentário,Twins Bushatsky Produções Cinematográficas Ltda.,,Prisma Produções Culturais,SP,,1,112,2178.03,SP,1.0,0,2020,2,0,2,0,iniciante,nova,0.0,0.0,0.0,0.0,sem fomento,1.0436741795953661,2273.1536733840953,,161,0,802.0,0
2023,B2200210800000,Um Samurai Em São Paulo,Debora Mamber Czeresnia,Documentário,G2 Produções Ltda - Me,,Elo Company,SP,,7,409,7640.64,SP,1.0,0,2020,0,93,0,1,estreante,grande,2.0,1.0,1.0,1.0,FSA e incentivo,1.0436741795953661,7974.338683583539,,161,0,802.0,0
2023,B2300465800000,Uma Carta Para Papai Noel,Gustavo Spolidoro,Ficção,Okna Produções Culturais Ltda,,Pandora Filmes,RS,,102,5507,90232.5,RS,1.0,0,2020,3,75,1,0,estabelecida,grande,2.0,0.0,1.0,0.0,só FSA,1.0436741795953661,94173.33041033888,,161,1,802.0,1
2023,B2300402000000,Uma Fada Veio Me Visitar,Vivianne Rise Jundi Costa,Ficção,Bronze Filmes Produtora Ltda,Rubi Filmes E Producoes Artisticas Ltda,Imagem,SP,RJ,610,63634,1204492.98,SP,1.0,1,2020,0,86,0,1,estreante,grande,1.0,1.0,1.0,1.0,FSA e incentivo,1.0436741795953661,1257098.2227298778,,161,1,802.0,1
2023,B2300177700000,Urubus,Luiz Claudio Borrelli Barbosa,Ficção,Killers Filmes Ltda.,,O2 Play,SP,,21,3780,65088.45,SP,1.0,0,2020,0,49,0,1,estreante,media,0.0,0.0,0.0,0.0,sem fomento,1.0436741795953661,67931.13465488401,,161,1,802.0,1
2023,B2200286600000,Uýra – A Retomada Da Floresta,Juliana Curi,Documentário,Azores Filmes Ltda.,Juliana Curi / Martina Sonksen De Siqueira - Eireli,Olhar Distribuição,SP,SP/SP,7,803,8556.22,SP,1.0,1,2020,0,20,0,1,estreante,media,0.0,0.0,0.0,0.0,sem fomento,1.0436741795953661,8929.905888937463,,161,0,802.0,1
2023,B2300008500000,Vai Corinthians!,"Ricardo Pereira Marinho Aidar, Marcela Coelho Nascimento, Daniel Camargo Kfouri",Documentário,Canal Azul Produções Culturais Ltda,,Elo Company,SP,,4,1849,29608.16,SP,1.0,0,2020,0,93,0,1,estreante,grande,1.0,1.0,1.0,1.0,FSA e incentivo,1.0436741795953661,30901.272097328336,,161,0,802.0,1
2023,B2200272200000,Vai E Vem,"Fernanda Pessoa De Barros, Adriana Beatriz Barbosa Mercado Perez",Documentário,Pessoa Produções Artísticas Ltda Me,Vulcana Cinema Ltda,Boulevard Filmes / Vitrine Filmes,SP,RS,8,489,8165.97,SP,1.0,1,2020,0,0,0,1,estreante,nova,0.0,0.0,0.0,0.0,sem fomento,1.0436741795953661,8522.612040350372,,161,0,802.0,0
2023,B2300120800000,Vai Ter Troco,Mauricio Artacho D Almeida Eca,Ficção,Amaia Producoes Audiovisuais E Musicais Ltda,Mar Filmes Ltda / Warner Bros. Entretenimento Brasil Ltda.,Disney,SP,RJ/ND,110,4660,89016.15,SP,1.0,1,2020,0,23,0,1,estreante,media,2.0,1.0,1.0,1.0,FSA e incentivo,1.0436741795953661,92903.85732198805,,161,1,802.0,1
2023,B2100315800000,Vento Na Fronteira,"Marina Dias Weis, Laura Tafarel Faerman",Documentário,Papier Producao De Filmes Ltda,Algazarra Produções Cinematográficas / Laboratorio Cisco Educacao E Imagem Ltda,Taturana,SP,ND/SP,2,266,3918.69,SP,1.0,1,2020,0,8,0,1,estreante,pequena,1.0,0.0,1.0,0.0,só FSA,1.0436741795953661,4089.835570838565,,161,0,802.0,0
2023,B2300135700000,Vidas Descartáveis,"Alejandro Jose Valenti, Alberto Augusto Dos Reis Graca",Documentário,Meios De Produção E Comunicação Ltda,Globo Comunicação E Participações S/A,Bretz Filmes,RJ,RJ,1,71,1359.83,RJ,1.0,1,2020,0,26,1,1,estreante,media,1.0,1.0,1.0,1.0,FSA e incentivo,1.0436741795953661,1419.2194596391666,,161,0,802.0,0
2024,B2200317100000,171,Rodrigo Lopes Siqueira,Documentário,"C R Producoes - Foto, Cine-Video Ltda",,Zeta Filmes,SP,,5,150,2427.03,SP,1.0,0,2020,0,2,0,1,estreante,nova,1.0,1.0,1.0,1.0,FSA e incentivo,1.0,2427.03,212583750.0,197,0,933.0,0
2024,B2400158500000,13 Sentimentos,Daniel Rodrigues Da Silva Ribeiro,Ficção,Lacuna Filmes Ltda,Canal Brazil S/A | Telecine Programacao De Filmes Ltda,Vitrine Filmes,SP,RJ/RJ,36,5978,111644.46,SP,1.0,1,2020,0,179,0,1,estreante,grande,1.0,0.0,1.0,0.0,só FSA,1.0,111644.46,212583750.0,197,1,933.0,1
2024,B1800307800000,1798 Revolta Dos Búzios,Antonio Olavo Dos Santos Filho,Documentário,Portfolium Laboratório De Imagens Ltda,,Abará Filmes,BA,,12,3385,51548.16,BA,1.0,0,2020,0,0,0,1,estreante,nova,1.0,0.0,1.0,0.0,só FSA,1.0,51548.16,212583750.0,197,1,933.0,1
2024,B2300037800000,A Alegria É A Prova Dos Nove,Helena Ignez Pinto De Mello E Silva,Ficção,Mercurio Producoes Ltda,,Mercúrio Produções,SP,,4,361,5483.37,SP,1.0,0,2020,0,3,0,1,estreante,nova,0.0,0.0,0.0,0.0,sem fomento,1.0,5483.37,212583750.0,197,0,933.0,0
2024,B2400202500000,A Carta De Esperança Garcia,Douglas Denis Amaral Machado,Documentário,Trinca Filmes Ltda.,,Trinca Filmes,PI,,1,27,224.0,PI,1.0,0,2020,0,0,0,1,estreante,nova,0.0,0.0,0.0,0.0,sem fomento,1.0,224.0,212583750.0,197,0,933.0,0
2024,B2300257900000,A Estação,Maria Cristina Maure,Ficção,Vaca Amarela Filmes Eireli,,Vaca Amarela Filmes,MG,,11,516,8875.68,MG,1.0,0,2020,0,0,0,1,estreante,nova,1.0,1.0,1.0,1.0,FSA e incentivo,1.0,8875.68,212583750.0,197,0,933.0,0
2024,B2300440300000,A Festa De Léo,"Luciana Braga Bezerra, Gustavo Dos Santos Melo Da Silva",Ficção,Kinotv Ltda.,Rsmts Empreendimentos E Participacoes Ltda,Bretz Filmes,RJ,RJ,19,947,18688.67,RJ,1.0,1,2020,0,32,1,1,estreante,media,2.0,1.0,1.0,1.0,FSA e incentivo,1.0,18688.67,212583750.0,197,0,933.0,1
2024,B2300468500000,A Filha Do Palhaço,Pedro Diogenes Parente Coelho,Ficção,Marrevolto Producoes Ltda - Me,,Embaúba Filmes,CE,,23,3755,45673.1,CE,1.0,0,2020,1,24,1,0,iniciante,media,1.0,0.0,1.0,0.0,só FSA,1.0,45673.1,212583750.0,197,1,933.0,1
2024,B2300570500000,A Flor Do Buriti,"Renee Nader Messora, João Salaviza Manso Feldman Da Silva",Ficção,Entre Filmes Producoes Ltda - Me,,Embaúba Filmes,MG,,14,1974,27303.06,MG,1.0,0,2020,0,24,0,1,estreante,media,1.0,0.0,1.0,0.0,só FSA,1.0,27303.06,212583750.0,197,0,933.0,1
2024,B2300444900000,A Herança,Joao Candido Severo Da Costa Zacharias,Ficção,Bubbles Produções Artísticas Ltda,Estoril Producao Cinematografica Ltda,Sony,RJ,RJ,69,2119,41228.14,RJ,1.0,1,2020,0,22,1,1,estreante,media,0.0,1.0,0.0,1.0,só incentivo,1.0,41228.14,212583750.0,197,0,933.0,1
2024,B2100472100000,A Matéria Noturna,Bernard Miranda Lessa,Ficção,Rede Filmes E Producoes Ltda,Dilúvio Filmes Produções Artísticas Ltda. -Me | Pique-Bandeira Producoes Ltda,Olhar Filmes,ES,RJ/ES,3,360,3869.0,ES,1.0,1,2020,0,0,0,1,estreante,nova,0.0,0.0,0.0,0.0,sem fomento,1.0,3869.0,212583750.0,197,0,933.0,0
2024,B2200246300000,A Metade De Nós,Flavio Botelho Junior,Ficção,Gullane Entretenimento S.A. | Trailer Filmes Producao Cinematografica Ltda,Canal Brazil S/A,Pandora Filmes,SP/SP,RJ,9,817,13035.54,SP,1.0,1,2020,0,81,0,1,estreante,grande,2.0,0.0,1.0,0.0,só FSA,1.0,13035.54,212583750.0,197,0,933.0,0
2024,B2200453400000,A Música Natureza De Léa Freire,Lucas Weglinski Andrade,Documentário,Lucas Weglinski Andrade Producoes,Loma Filmes Ltda,Descoloniza Filmes,SP,SP,3,258,3387.33,SP,1.0,1,2020,0,16,0,1,estreante,pequena,0.0,0.0,0.0,0.0,sem fomento,1.0,3387.33,212583750.0,197,0,933.0,0
2024,B2000312200000,A Paixão Segundo G.H,Luiz Fernando Carvalho De Almeida,Ficção,Luiz Fernando De Carvalho Produções Artísticas Ltda,Paris Produções Cinematográficas Ltda,Paris,RJ,SP,42,18286,369915.42,RJ,1.0,1,2020,0,49,0,1,estreante,media,1.0,0.0,1.0,0.0,só FSA,1.0,369915.42,212583750.0,197,1,933.0,1
2024,B2300243400000,A Serena Onda Que O Mar Me Trouxe,Edson Ferreira Da Silva Junior,Documentário,Filmes Da Ilha Produções Audiovisuais Ltda,,Borboletas Filmes & Pombagens,ES,,1,237,2349.0,ES,1.0,0,2020,0,1,0,1,estreante,nova,0.0,0.0,0.0,0.0,sem fomento,1.0,2349.0,212583750.0,197,0,933.0,0
2024,B2400339600000,A Vilã Das Nove,Teodoro Souza Poppovic,Ficção,Lupa Filmes Ltda,,Disney,RJ,,71,1381,28725.3,RJ,1.0,0,2020,0,29,0,1,estreante,media,1.0,1.0,1.0,1.0,FSA e incentivo,1.0,28725.3,212583750.0,197,0,933.0,1
2024,B2300247700000,Agreste,"Sergio Roizenblit, Ricardo Mordoch",Ficção,Miração Filmes Ltda,Belem-Brasília Produções Audiovisuais E Culturais Ltda - Me,Pandora Filmes,SP,SP,9,483,8378.1,SP,1.0,1,2020,0,81,1,1,estreante,grande,2.0,1.0,1.0,1.0,FSA e incentivo,1.0,8378.1,212583750.0,197,0,933.0,0
2024,B2400324700000,Ainda Estou Aqui,Walther Moreira Salles Junior,Ficção,Videofilmes Produções Artística Ltda,Conspiração Filmes S/A,Sony,RJ,RJ,958,2968398,64698429.6,RJ,1.0,1,2020,0,22,1,1,estreante,media,0.0,0.0,0.0,0.0,sem fomento,1.0,64698429.6,212583750.0,197,1,933.0,1
2024,B2300379300000,Ainda Somos Os Mesmos,Paulo Eduardo Machado Nascimento,Ficção,Accorde Filmes Ltda.,,Paris,RS,,58,4078,91399.01,RS,1.0,0,2020,0,49,0,1,estreante,media,2.0,0.0,1.0,0.0,só FSA,1.0,91399.01,212583750.0,197,1,933.0,1
2024,B2200397500000,Amanhã,Marcos Almeida Pimentel,Documentário,Tempero Filmes Ltda,,Descoloniza Filmes,MG,,6,197,2509.85,MG,1.0,0,2020,3,16,4,0,estabelecida,pequena,0.0,0.0,0.0,0.0,sem fomento,1.0,2509.85,212583750.0,197,0,933.0,0
2024,B2400387800000,Amor Radical,Julio Hey Loureiro Santos,Documentário,Super A Marketing E Producoes Audiovisuais Ltda,Cr Entretenimento Ltda,Downtown,CE,SP,7,455,10761.86,CE,1.0,1,2020,0,60,0,1,estreante,grande,1.0,1.0,1.0,1.0,FSA e incentivo,1.0,10761.86,212583750.0,197,0,933.0,0
2024,B2300077800000,Antes Que Me Esqueçam Meu Nome É Edy Star - O Filme,Fernando Moraes Souza,Documentário,Tem Dende Producoes Ltda - Me,,Lança Filmes,BA,,10,657,3934.09,BA,1.0,0,2020,0,20,0,1,estreante,media,1.0,0.0,1.0,0.0,só FSA,1.0,3934.09,212583750.0,197,0,933.0,0
2024,B2400294100000,"Antonio Candido, Anotações Finais",Eduardo Escorel De Moraes,Documentário,Cinefilmes Ltda,Servico Social Do Comercio - Sesc - Administracao Regional No Estado De Sao Paulo,Bretz Filmes,RJ,SP,7,1836,30902.57,RJ,1.0,1,2020,0,32,0,1,estreante,media,0.0,1.0,0.0,1.0,só incentivo,1.0,30902.57,212583750.0,197,0,933.0,1
2024,B2400036500000,Apaixonada,Natalia Fidalgo Fernandes Warth,Ficção,Bronze Filmes Produtora Ltda,Rubi Filmes E Producoes Artisticas Ltda,Imagem,SP,RJ,255,16799,340747.98,SP,1.0,1,2020,0,93,3,1,estreante,grande,0.0,1.0,0.0,1.0,só incentivo,1.0,340747.98,212583750.0,197,1,933.0,1
2024,B2400283000000,Arca De Noé,"Sergio Machado Ribeiro Dos Santos, Alois Bruno Di Leo Gremmelspacher",Animação,Gullane Entretenimento S.A.,Telecine Programacao De Filmes Ltda,Imagem,SP,RJ,892,361239,7299388.02,SP,1.0,1,2020,0,93,7,1,estreante,grande,3.0,1.0,1.0,1.0,FSA e incentivo,1.0,7299388.02,212583750.0,197,1,933.0,1
2024,B2400133900000,"Armageddon - Os Carros Mais Rápidos Do Brasil, Edição 9",Emiliano Valmir Ruschel,Documentário,Ruschel Studios Cinematograficos Ltda,,Ruschel Studios,RS,,4,1307,23062.43,RS,1.0,0,2020,0,0,0,1,estreante,nova,0.0,0.0,0.0,0.0,sem fomento,1.0,23062.43,212583750.0,197,0,933.0,1
2024,B2300145400000,As Linhas Da Minha Mão,Joao Paulo Dumans Guedes,Documentário,Filmes Do Cerrado Produções Cinematográficas Ltda,,Embaúba Filmes,MG,,10,805,9935.84,MG,1.0,0,2020,0,24,0,1,estreante,media,0.0,0.0,0.0,0.0,sem fomento,1.0,9935.84,212583750.0,197,0,933.0,0
2024,B2200080500000,As Órbitas Da Água,Frederico Da Cruz Machado,Ficção,Frederico Da Cruz Machado - Me,,Lume,MA,,3,676,13140.0,MA,1.0,0,2020,0,1,0,1,estreante,nova,0.0,0.0,0.0,0.0,sem fomento,1.0,13140.0,212583750.0,197,0,933.0,0
2024,B2400119700000,As Polacas,Joao Henrique Vieira Da Silva Jardim,Ficção,Migdal Produções Cinematográficas Ltda.,Guel Produtora Ltda,Imagem,RJ,RJ,69,6400,156957.35,RJ,1.0,1,2020,1,93,0,0,iniciante,grande,2.0,3.0,1.0,1.0,FSA e incentivo,1.0,156957.35,212583750.0,197,1,933.0,1
2024,B2400172100000,Assexybilidade,Daniel De Castro Goncalves,Documentário,Globo Comunicação E Participações S/A,Tv Zero Cinema Ltda,Olhar Filmes,RJ,RJ,15,971,13414.05,RJ,1.0,1,2020,0,0,6,1,estreante,nova,1.0,1.0,1.0,1.0,FSA e incentivo,1.0,13414.05,212583750.0,197,0,933.0,1
2024,B2000499200000,Até O Fim,"Glenda Nicacio, Ary Rosa Duarte",Ficção,Rosza Filmes Produções Ltda Me,,Elo Company,BA,,1,54,838.11,BA,1.0,0,2020,1,104,1,0,iniciante,grande,0.0,0.0,0.0,0.0,sem fomento,1.0,838.11,212583750.0,197,0,933.0,0
2024,B2300468900000,Até Que A Música Pare,Cristiane Pinto De Oliveira,Ficção,Okna Produções Culturais Ltda,,Pandora Filmes,RS,,30,1996,30450.82,RS,1.0,0,2020,1,81,3,0,iniciante,grande,1.0,0.0,1.0,0.0,só FSA,1.0,30450.82,212583750.0,197,0,933.0,1
2024,B2400018000000,Aumenta Que É Rock'N'Roll,Tomas Coelho De Sanson Portella,Ficção,Luz Mágica Produções Audiovisuais Ltda,Globo Comunicação E Participações S/A,H2O Films,RJ,RJ,455,27133,584033.99,RJ,1.0,1,2020,2,30,0,0,iniciante,media,1.0,1.0,1.0,1.0,FSA e incentivo,1.0,584033.99,212583750.0,197,1,933.0,1
2024,B2400119900000,Avassaladoras 2.0,Mara Mathilde Cardoso Mourao,Ficção,Tf International Produtora De Filmes Ltda,,Disney,RJ,,391,11038,179840.95,RJ,1.0,0,2020,0,29,0,1,estreante,media,0.0,1.0,0.0,1.0,só incentivo,1.0,179840.95,212583750.0,197,1,933.0,1
2024,B2400336600000,Avenida Beira-Mar,"Maria Julia Pereira De Paiva, Bernardo De Souza Santos",Ficção,Telecine Programacao De Filmes Ltda,Viralata Producoes Ltda,Elo Company,RJ,RJ,25,3096,9589.64,RJ,1.0,1,2020,0,104,0,1,estreante,grande,0.0,1.0,0.0,1.0,só incentivo,1.0,9589.64,212583750.0,197,1,933.0,1
2024,B2400093000000,Bandida,Joao Xavier Wainer De Oliveira,Ficção,Paris Produções Cinematográficas Ltda,Telecine Programacao De Filmes Ltda,Paris,SP,RJ,353,47642,899848.39,SP,1.0,1,2020,1,49,7,0,iniciante,media,1.0,1.0,1.0,1.0,FSA e incentivo,1.0,899848.39,212583750.0,197,1,933.0,1
2024,B2300031800000,Bizarros Peixes Das Fossas Abissais,Marcelo Fabri Marao,Animação,Marão Desenhos Animados Ltda Me,,Boulevard Filmes,RJ,,23,2158,21072.71,RJ,1.0,0,2020,0,19,0,1,estreante,pequena,1.0,1.0,1.0,1.0,FSA e incentivo,1.0,21072.71,212583750.0,197,0,933.0,1
2024,B2300387000000,Black Rio! Black Power!,Emilio Roberto De Souza Domingos,Documentário,Espiral Criacao E Producao Cultural Ltda | Osmose Filmes Ltda,,Taturana,RJ/RJ,,26,2131,34156.18,RJ,1.0,0,2020,0,9,0,1,estreante,pequena,0.0,0.0,0.0,0.0,sem fomento,1.0,34156.18,212583750.0,197,0,933.0,1
2024,B2400309600000,Bocaina,"Fellipe Gamarano Barbosa, Ana Flavia Cavalcanti Ribeiro",Ficção,Muiraquita Filmes E Producoes Artisticas Ltda,Canal Brazil S/A,Muiraquitã Filmes,SP,RJ,3,42,908.77,SP,1.0,1,2020,0,0,2,1,estreante,nova,0.0,0.0,0.0,0.0,sem fomento,1.0,908.77,212583750.0,197,0,933.0,0
2024,B2400419900000,Brazyl - Uma Ôpera Tragicrônica,Walter Pinto Lima,Ficção,Vpc Cinema Video Produções Artísticas E Distribuidora De Filmes Ltda,Abará Produção Audiovisual Ltda,Abará Filmes,BA,BA,3,47,915.0,BA,1.0,1,2020,0,0,0,1,estreante,nova,0.0,0.0,0.0,0.0,sem fomento,1.0,915.0,212583750.0,197,0,933.0,0
2024,B2400344000000,Caindo Na Real,Andre Alberto Pellenz,Ficção,Elo Audiovisual Serviços Ltda,Telecine Programacao De Filmes Ltda,Elo Company,SP,RJ,488,25728,455595.2,SP,1.0,1,2020,3,104,1,0,estabelecida,grande,1.0,2.0,1.0,1.0,FSA e incentivo,1.0,455595.2,212583750.0,197,1,933.0,1
2024,B2300002900000,Casa Izabel,Gilberto Baroni Filho,Ficção,Beija Flor Filmes Ltda,Duplo Produções Culturais Ltda-Me,Moro Filmes / Olhar Filmes,PR,PR,5,849,9864.76,PR,1.0,1,2020,0,0,0,1,estreante,nova,0.0,0.0,0.0,0.0,sem fomento,1.0,9864.76,212583750.0,197,0,933.0,0
2024,B2300486200000,Cedo Demais,Jose Lavigne De Lemos Filho,Ficção,Raccord Produções Artísticas E Cinematográficas Ltda,The Walt Disney Company (Brasil) Ltda.,Disney,RJ,SP,5,334,4059.0,RJ,1.0,1,2020,0,29,1,1,estreante,media,1.0,1.0,1.0,1.0,FSA e incentivo,1.0,4059.0,212583750.0,197,0,933.0,0
2024,B2300502400000,Chama A Bebel,Paulo Eduardo Machado Nascimento,Ficção,Accorde Filmes Ltda.,,Paris,RS,,256,8148,147776.44,RS,1.0,0,2020,0,49,0,1,estreante,media,1.0,0.0,1.0,0.0,só FSA,1.0,147776.44,212583750.0,197,1,933.0,1
2024,B2400323700000,Cidade; Campo,Juliana De Araujo Rojas,Ficção,Dezenove Som E Imagens Produções Ltda - Epp,Canal Brazil S/A,Vitrine Filmes,SP,RJ,25,3116,35502.43,SP,1.0,1,2020,0,179,0,1,estreante,grande,2.0,1.0,1.0,1.0,FSA e incentivo,1.0,35502.43,212583750.0,197,1,933.0,1
2024,B0300046700000,Cipriano E A Morte De Cipriano,Douglas Denis Amaral Machado,Ficção,Trinca Filmes Ltda.,,Trinca Filmes,PI,,2,59,649.0,PI,1.0,0,2020,0,0,0,1,estreante,nova,0.0,0.0,0.0,0.0,sem fomento,1.0,649.0,212583750.0,197,0,933.0,0
2024,B2400330900000,Continente,Davi Agrello Pretto,Ficção,Atelier W Producoes Cinematograficas Ltda,Vulcana Cinema Ltda,Vitrine Filmes,RS,RS,28,738,9837.44,RS,1.0,1,2020,0,179,2,1,estreante,grande,2.0,0.0,1.0,0.0,só FSA,1.0,9837.44,212583750.0,197,0,933.0,0
2024,B2300512000000,Corpo Presente,Leonardo Xavier Barcelos Costa,Documentário,Tandera Filmes E Producoes Eireli - Me,,Embaúba Filmes,MG,,5,185,1919.68,MG,1.0,0,2020,0,24,0,1,estreante,media,1.0,0.0,1.0,0.0,só FSA,1.0,1919.68,212583750.0,197,0,933.0,0
2024,B2400291700000,Crônicas De Uma Jovem Família Preta,Davidson Davis Do Nascimento Candanda,Documentário,Davidson Davis Do Nascimento Candanda,,Borboletas Filmes & Pombagens,,,1,361,4514.0,,,0,2020,0,1,0,1,estreante,nova,0.0,0.0,0.0,0.0,sem fomento,1.0,4514.0,212583750.0,197,0,933.0,0
2024,B2400354600000,Dalia E O Livro Vermelho,David Bisbano,Animação,Cine 2 Produções Cinematográficas Ltda,,Disney,SP,,7,535,12802.6,SP,1.0,0,2020,0,29,0,1,estreante,media,0.0,1.0,0.0,1.0,só incentivo,1.0,12802.6,212583750.0,197,0,933.0,0
2024,B2300222400000,De Pai Para Filho,Paulo Sergio Cristian Halm,Ficção,Canhota Produções Cinematograficas Ltda,Rsmts Empreendimentos E Participacoes Ltda,Arthouse / Filmes Do Estação,RJ,RJ,78,891,18342.39,RJ,1.0,1,2020,0,0,0,1,estreante,nova,0.0,1.0,0.0,1.0,só incentivo,1.0,18342.39,212583750.0,197,0,933.0,0
2024,B2400016500000,De Quanta Terra Precisa O Homem,Adilson Inacio Mendes,Documentário,Lira Filmes Produções Ltda Me,Pixys Produções Artísticas Ltda - Me,Lira Filmes,SP,SP,6,223,3154.68,SP,1.0,1,2020,0,9,0,1,estreante,pequena,0.0,0.0,0.0,0.0,sem fomento,1.0,3154.68,212583750.0,197,0,933.0,0
2024,B2300374700000,"De Repente, Miss!",Hsu Chien Hsin,Ficção,Pé Na Estrada Filmes Ltda,Amálgama Entretenimento Ltda,Elo Company,RN,SP,211,15759,275135.35,RN,1.0,1,2020,4,104,0,0,estabelecida,grande,1.0,1.0,1.0,1.0,FSA e incentivo,1.0,275135.35,212583750.0,197,1,933.0,1
2024,B2300376600000,De Você Fiz Meu Samba,Isabel Mello Do Nascimento E Silva,Documentário,Conspiração Filmes Entretenimento 3º Milênio Ltda.,,Vereda Filmes,RJ,,1,75,750.0,RJ,1.0,0,2020,0,0,1,1,estreante,nova,1.0,0.0,1.0,0.0,só FSA,1.0,750.0,212583750.0,197,0,933.0,0
2024,B2400416000000,Dessa Arte Eu Sei Um Pouco,Cledison Da Conceicao Pereira,Documentário,Castelo De Madeira Filmes Ltda,,Borboletas Filmes & Pombagens,DF,,3,494,3838.0,DF,1.0,0,2020,0,1,0,1,estreante,nova,0.0,0.0,0.0,0.0,sem fomento,1.0,3838.0,212583750.0,197,0,933.0,0
2024,B2100449500000,Diálogos Com Ruth De Souza,Juliana Vicente De Carvalho Farias Santos,Documentário,Preta Portê Filmes E Produções Culturais Ltda,,Preta Portê Filmes,SP,,18,374,4716.66,SP,1.0,0,2020,0,1,0,1,estreante,nova,0.0,1.0,0.0,1.0,só incentivo,1.0,4716.66,212583750.0,197,0,933.0,0
2024,B2400052600000,Dois É Demais Em Orlando,Rodrigo Van Der Put Ramos Jube,Ficção,Meios De Produção E Comunicação Ltda,Telecine Programacao De Filmes Ltda,H2O Films,RJ,RJ,432,73119,1554085.96,RJ,1.0,1,2020,0,30,2,1,estreante,media,1.0,1.0,1.0,1.0,FSA e incentivo,1.0,1554085.96,212583750.0,197,1,933.0,1
2024,B2200374800000,Domingo À Noite,Andre Bushatsky,Ficção,Campanhas Comunicação Ltda.,,O2 Play,SP,,33,2031,38664.6,SP,1.0,0,2020,3,57,0,0,estabelecida,media,0.0,0.0,0.0,0.0,sem fomento,1.0,38664.6,212583750.0,197,0,933.0,1
2024,B2400089500000,"Dona Lurdes, O Filme",Cristiano Marques Dos Reis,Ficção,Globo Comunicacao E Participacoes S/A,,Globo Filmes,RJ,,86,37280,761517.14,RJ,1.0,0,2020,0,0,0,1,estreante,nova,0.0,0.0,0.0,0.0,sem fomento,1.0,761517.14,212583750.0,197,1,933.0,1
2024,B2000459900000,Dorival Caymmi – Um Homem De Afetos,Daniela Broitman,Documentário,Videoforum Filmes Produções Artísticas Ltda.,A Gente Producoes Artisticas Ltda,Descoloniza Filmes,SP,BA,28,7345,111279.95,SP,1.0,1,2020,2,16,0,0,iniciante,pequena,1.0,1.0,1.0,1.0,FSA e incentivo,1.0,111279.95,212583750.0,197,1,933.0,1
2024,B2400244500000,El Auge Del Humano 3,Eduardo Williams,Ficção,Estúdio Giz Produções Ltda. - Me,,Retrato Filmes,RJ,,8,100,1297.02,RJ,1.0,0,2020,0,1,2,1,estreante,nova,1.0,0.0,1.0,0.0,só FSA,1.0,1297.02,212583750.0,197,0,933.0,0
2024,B2300396300000,Empirion: Uma Aventura Com Einstein,Michael Mehlmann Namur,Ficção,Anagua Filmes Ltda,Lobomarca Cine Produções Ltda | Write Produções Artísticas Ltda,Anágua Filmes,SP,PR/SP,20,2080,47434.0,SP,1.0,1,2020,0,0,0,1,estreante,nova,5.0,1.0,1.0,1.0,FSA e incentivo,1.0,47434.0,212583750.0,197,0,933.0,1
2024,B2300330000000,Entrelinhas,Augustinho Pasko,Ficção,Gp7 Cinema Ltda,,Elo Company,PR,,26,2382,21359.87,PR,1.0,0,2020,1,104,2,0,iniciante,grande,1.0,0.0,1.0,0.0,só FSA,1.0,21359.87,212583750.0,197,0,933.0,1
2024,B2200449200000,Espumas Ao Vento,Taciano Valerio Alves Da Silva,Ficção,Autorias Producoes Cinematograficas Ltda.,,Cavideo Produções,PE,,1,118,2064.0,PE,1.0,0,2020,0,8,0,1,estreante,pequena,1.0,0.0,1.0,0.0,só FSA,1.0,2064.0,212583750.0,197,0,933.0,0
2024,B2400045400000,Estômago 2 - O Poderoso Chef,Marcos Joel Jorge,Ficção,Citizencrane - Producoes Cinematograficas Ltda - Me,Telecine Programacao De Filmes Ltda,Paris,SP,RJ,364,27382,509963.06,SP,1.0,1,2020,0,49,1,1,estreante,media,0.0,1.0,0.0,1.0,só incentivo,1.0,509963.06,212583750.0,197,1,933.0,1
2024,B2300296700000,Estranho Caminho,Gustavo Parente Lima,Ficção,Tardo Filmes Ltda Me,,Embaúba Filmes,CE,,22,1703,21283.8,CE,1.0,0,2020,0,24,2,1,estreante,media,0.0,0.0,0.0,0.0,sem fomento,1.0,21283.8,212583750.0,197,0,933.0,1
2024,B2300174400000,Fantasma,Martín Ignacio Duplaquet De La Jara,Ficção,Lente Viva Filmes Ltda - Epp,,Elo Company,SP,,18,1472,7056.58,SP,1.0,0,2020,0,104,0,1,estreante,grande,1.0,0.0,1.0,0.0,só FSA,1.0,7056.58,212583750.0,197,0,933.0,1
2024,B2200412200000,Fausto Fawcett Na Cabeça,Victor Lopes,Documentário,Tv Zero Cinema Ltda,Canal Brazil S/A,Arthouse / Filmes Do Estação,RJ,RJ,9,644,15259.14,RJ,1.0,1,2020,5,0,3,0,estabelecida,nova,1.0,0.0,1.0,0.0,só FSA,1.0,15259.14,212583750.0,197,0,933.0,0
2024,B2300156000000,Favela Do Papa,Marco Antonio Campos Pereira,Documentário,Urbano Produções & Eventos Ltda,,Cavideo Produções,RJ,,1,78,937.91,RJ,1.0,0,2020,0,8,0,1,estreante,pequena,0.0,0.0,0.0,0.0,sem fomento,1.0,937.91,212583750.0,197,0,933.0,0
2024,B2300278000000,Férias Trocadas,Bruno Villela Barreto Borges,Ficção,Paris Produções Cinematográficas Ltda,,Paris,SP,,634,122322,2297572.77,SP,1.0,0,2020,0,49,7,1,estreante,media,0.0,1.0,0.0,1.0,só incentivo,1.0,2297572.77,212583750.0,197,1,933.0,1
2024,B2400294500000,Fernanda Young - Foge-Me Ao Controle,Susana Mara Da Silva Lira,Documentário,Globo Comunicacao E Participacoes S/A,Marcella Rodrigues Tovar Da Silva,Synapse,RJ,,18,5545,91748.54,RJ,1.0,1,2020,0,4,0,1,estreante,nova,0.0,1.0,0.0,1.0,só incentivo,1.0,91748.54,212583750.0,197,1,933.0,1
2024,B1900460300000,Filho De Boi,Haroldo De Carvalho Abreu Borges,Ficção,Gmb Produtora De Cinema E Video Ltda,,Olhar Filmes,BA,,18,933,14370.82,BA,1.0,0,2020,0,0,0,1,estreante,nova,0.0,0.0,0.0,0.0,sem fomento,1.0,14370.82,212583750.0,197,0,933.0,0
2024,B2300051700000,Fogaréu,Flavia Silva Neves,Ficção,Bananeira Filmes Ltda.,Canal Brazil S/A,Arthouse,RJ,RJ,1,113,1230.0,RJ,1.0,1,2020,0,27,2,1,estreante,media,2.0,0.0,1.0,0.0,só FSA,1.0,1230.0,212583750.0,197,0,933.0,0
2024,B2300288600000,Foram Os Sussurros Que Me Mataram,Arthur Vicentini Tuoto,Ficção,Grafo Audiovisual Ltda,,Olhar Filmes,PR,,8,451,7505.28,PR,1.0,0,2020,0,0,0,1,estreante,nova,2.0,0.0,1.0,0.0,só FSA,1.0,7505.28,212583750.0,197,0,933.0,0
2024,B2300330400000,Gato Galactico E O Feitiço Do Tempo,Rodrigo Mariuzzo Zanforlin,Ficção,Dream Box Producoes Ltda,Ronaldo Souza Producoes Ltda,Synapse,SP,SC,238,24581,556683.59,SP,1.0,1,2020,0,4,0,1,estreante,nova,0.0,0.0,0.0,0.0,sem fomento,1.0,556683.59,212583750.0,197,1,933.0,1
2024,B2300537800000,Godless - Além Da Crença,Micael Langer,Documentário,Bsb Serviços Cinegroup Ltda,El Topo Produções Audiovisuais Ltda,Downtown,DF,SP,1,11,149.0,DF,1.0,1,2020,0,60,1,1,estreante,grande,1.0,0.0,1.0,0.0,só FSA,1.0,149.0,212583750.0,197,0,933.0,0
2024,B2400132900000,Grande Sertão,Miguel Arraes De Alencar Filho,Ficção,Paranoid Filmes Ltda,Globo Comunicação E Participações S/A,Paris,SP,RJ,342,39517,717303.53,SP,1.0,1,2020,0,49,2,1,estreante,media,0.0,1.0,0.0,1.0,só incentivo,1.0,717303.53,212583750.0,197,1,933.0,1
2024,B2400164900000,Greice,Leonardo Moura Mateus,Ficção,Glaz Entretenimento S.A.,,Vitrine Filmes,RJ,,20,1940,24270.79,RJ,1.0,0,2020,0,179,3,1,estreante,grande,2.0,0.0,1.0,0.0,só FSA,1.0,24270.79,212583750.0,197,0,933.0,1
2024,B2400038600000,Hamlet,Jose Teixeira De Brito,Documentário,Brito E Santos Producoes Ltda,Galo De Briga Produções Ltda - Epp,Anti Filmes,RS,RS,1,178,2032.0,RS,1.0,1,2020,0,0,0,1,estreante,nova,0.0,0.0,0.0,0.0,sem fomento,1.0,2032.0,212583750.0,197,0,933.0,0
2024,B2300126400000,Horizonte,Rafael Fescina Calomeni,Ficção,Filmes Do Interior Producoes Audiovisuais Ltda Me,,A2 Filmes,GO,,9,243,5242.69,GO,1.0,0,2020,1,4,1,0,iniciante,nova,0.0,0.0,0.0,0.0,sem fomento,1.0,5242.69,212583750.0,197,0,933.0,0
2024,B1800255500000,Ilha,"Glenda Nicacio, Ary Rosa Duarte",Ficção,Rosza Filmes Produções Ltda Me,,Elo Company,BA,,3,59,900.8,BA,1.0,0,2020,1,104,1,0,iniciante,grande,1.0,0.0,1.0,0.0,só FSA,1.0,900.8,212583750.0,197,0,933.0,0
2024,B2400257700000,Inexplicável,Fabricio Pires Bittar De Carvalho,Ficção,Clubtv Produções E Entretenimento Ltda,,Cinecolor Do Brasil / Clube Filmes,SP,,416,20102,389165.81,SP,1.0,0,2020,2,0,0,0,iniciante,nova,0.0,0.0,0.0,0.0,sem fomento,1.0,389165.81,212583750.0,197,1,933.0,1
2024,B2300201800000,Jango No Exílio,Pedro Isaias Lucas Ferreira,Documentário,Artéria Filmes Prestação De Serviço E Produção Audiovisual Ltda,,Synapse,RS,,7,874,12050.76,RS,1.0,0,2020,0,4,0,1,estreante,nova,1.0,0.0,1.0,0.0,só FSA,1.0,12050.76,212583750.0,197,0,933.0,0
2024,B2400312800000,Jardim Dos Girassois,Marcelo Antunes Braz,Ficção,Indiana Produções Cinematográficas Ltda,Telecine Programacao De Filmes Ltda,Downtown,RJ,RJ,22,748,12724.03,RJ,1.0,1,2020,3,60,0,0,estabelecida,grande,1.0,1.0,1.0,1.0,FSA e incentivo,1.0,12724.03,212583750.0,197,0,933.0,0
2024,B2300067300000,Jorge Da Capadócia,Alexandre Machafer Machado Ferreira,Ficção,Fundação Cesgranrio,,Paris,RJ,,397,40263,823253.95,RJ,1.0,0,2020,0,49,1,1,estreante,media,0.0,0.0,0.0,0.0,sem fomento,1.0,823253.95,212583750.0,197,1,933.0,1
2024,B1900477300000,José Aparecido De Oliveira - O Maior Mineiro Do Mundo,"Mario Lucio Brandao Filho, Gustavo Menezes Brandao",Documentário,Trade Produção E Comunicação Ltda,Canal Brazil S/A,Bretz Filmes / Treze De Maio Filmes,MG,RJ,4,51,925.0,MG,1.0,1,2020,0,0,0,1,estreante,nova,0.0,1.0,0.0,1.0,só incentivo,1.0,925.0,212583750.0,197,0,933.0,0
2024,B2400258400000,Juvenal E O Dragão,Natali Costa Moura Braga,Animação,Stairs Producoes Audiovisuais Ltda,,Stairs Filmes,PB,,156,2821,44797.77,PB,1.0,0,2020,0,0,0,1,estreante,nova,1.0,0.0,1.0,0.0,só FSA,1.0,44797.77,212583750.0,197,1,933.0,1
2024,B2300315200000,La Estratégia Del Mero,Edgar De Luque Jácome,Ficção,Nova Triniti Comunicação E Produção Artística Ltda Me,Bubbles Produções Artísiticas,Bretz Filmes,RJ,RJ,7,446,7720.43,RJ,1.0,1,2020,0,32,0,1,estreante,media,1.0,0.0,1.0,0.0,só FSA,1.0,7720.43,212583750.0,197,0,933.0,0
2024,B2300491600000,La Otra Forma,Diego Felipe Guzmán Ramírez,Animação,Estúdio Giz Produções Ltda. - Me,,Estúdio Giz,RJ,,3,80,2022.44,RJ,1.0,0,2020,0,0,2,1,estreante,nova,1.0,0.0,1.0,0.0,só FSA,1.0,2022.44,212583750.0,197,0,933.0,0
2024,B2400123800000,Letícia,Cristiano Da Silva Vieira,Ficção,Stúdio 10 Assessoria E Comunicação Ltda Me,,Diez Produções e Entretenimento Ltda,DF,,34,3625,58203.0,DF,1.0,0,2020,0,0,0,1,estreante,nova,0.0,1.0,0.0,1.0,só incentivo,1.0,58203.0,212583750.0,197,1,933.0,1
2024,B2300535000000,Levante,Marilia Bignardi Halla,Ficção,Arissas Multimidia Ltda,Canal Brazil S/A,Lira Filmes / Vitrine Filmes,RJ,RJ,25,2661,32978.98,RJ,1.0,1,2020,0,0,0,1,estreante,nova,2.0,1.0,1.0,1.0,FSA e incentivo,1.0,32978.98,212583750.0,197,0,933.0,1
2024,B2300408500000,Lilith,Bruno Barbosa Safadi,Ficção,Tb Produções Ltda,Globo Comunicação E Participações S/A,Pandora Filmes,RJ,RJ,9,423,5364.44,RJ,1.0,1,2020,0,81,1,1,estreante,grande,1.0,1.0,1.0,1.0,FSA e incentivo,1.0,5364.44,212583750.0,197,0,933.0,0
2024,B2200307000000,Lo Que Queda En El Camino,"Jakob Weidner, Danilo Nunes Do Carmo",Documentário,Olhar Atraves B. E. Ltda,Pixys Produções Artísticas Ltda - Me,Lira Filmes,SP,SP,8,217,3836.21,SP,1.0,1,2020,0,9,0,1,estreante,pequena,0.0,0.0,0.0,0.0,sem fomento,1.0,3836.21,212583750.0,197,0,933.0,0
2024,B2300537000000,Longe Do Paraíso,Orlando De Salles Senna,Ficção,Araçá Azul Produção Eventos E Turismo Ltda,,Borboletas Filmes & Pombagens,BA,,4,695,4539.06,BA,1.0,0,2020,0,1,1,1,estreante,nova,1.0,0.0,1.0,0.0,só FSA,1.0,4539.06,212583750.0,197,0,933.0,0
2024,B2400249400000,Luccas E Gi Em: Dinossauros,Leandro De Viterbo Surdi Neri,Ficção,Luccas Toon Studios Ltda,,H2O Films,RJ,,448,77525,1379677.88,RJ,1.0,0,2020,0,30,1,1,estreante,media,0.0,0.0,0.0,0.0,sem fomento,1.0,1379677.88,212583750.0,197,1,933.0,1
2024,B2300401000000,Lupicínio Rodrigues - Confissões De Um Sofredor,Ranulfo Alfredo Manevy De Pereira Mendes,Documentário,Realizart Produção Audiovisual Ltda,,O2 Play,SC,,14,2480,33800.98,SC,1.0,0,2020,0,57,0,1,estreante,media,1.0,0.0,1.0,0.0,só FSA,1.0,33800.98,212583750.0,197,0,933.0,1
2024,B2300123500000,Madame Durocher,"Diego Andrade Rivas Gutierrez, Andre Salles Oliveira Azevedo",Ficção,Nexus Cinema E Vídeo Ltda,,Elo Company,SP,,38,1060,17208.64,SP,1.0,0,2020,1,104,1,0,iniciante,grande,1.0,1.0,1.0,1.0,FSA e incentivo,1.0,17208.64,212583750.0,197,0,933.0,1
2024,B2300060700000,Mais Pesado É O Céu,Petrus Cariri Maia De Moura,Ficção,Iluminura Cinema E Multimidia Ltda,,Sereia Filmes,CE,,15,5278,74479.72,CE,1.0,0,2020,0,6,2,1,estreante,pequena,1.0,0.0,1.0,0.0,só FSA,1.0,74479.72,212583750.0,197,1,933.0,1
2024,B2400012200000,"Mallandro, O Errado Que Deu Certo",Marco Antonio Alves Do Nascimento De Carvalho,Ficção,Melodrama Produções Ltda.,Telecine Programacao De Filmes Ltda,Downtown,RJ,RJ,518,15874,272142.85,RJ,1.0,1,2020,0,60,1,1,estreante,grande,1.0,1.0,1.0,1.0,FSA e incentivo,1.0,272142.85,212583750.0,197,1,933.0,1
2024,B2400272100000,Malu,Pedro Carneiro Freire,Ficção,Telecine Programacao De Filmes Ltda,Canal Brazil S/A,Filmes Do Estação,RJ,RJ,16,6423,118496.07,RJ,1.0,1,2020,0,20,0,1,estreante,media,0.0,1.0,0.0,1.0,só incentivo,1.0,118496.07,212583750.0,197,1,933.0,1
2024,B2400413300000,Maputo Nakuzandza,Ariadine Leitao Zampaulo,Ficção,Ariadine Leitao Zampaulo,Olhar Atraves B. E. Ltda,Descoloniza Filmes,,SP,7,294,4081.48,,,1,2020,0,16,0,1,estreante,pequena,0.0,0.0,0.0,0.0,sem fomento,1.0,4081.48,212583750.0,197,0,933.0,0
2024,B2100371800000,Marias,Ludmila Curi Kestenberg,Documentário,Lumia Filmes E Producoes Ltda | Plano 9 Produções Audiovisuais Ltda,,Descoloniza Filmes,RJ/PE,,9,1061,17442.82,RJ,2.0,0,2020,0,16,0,1,estreante,pequena,1.0,0.0,1.0,0.0,só FSA,1.0,17442.82,212583750.0,197,0,933.0,1
2024,B2300377600000,Marraia,Diego Scarparo Barbieri,Ficção,Global Village Creative E Executive,,Global Village,ES,,2,143,2511.0,ES,1.0,0,2020,0,0,0,1,estreante,nova,1.0,0.0,1.0,0.0,só FSA,1.0,2511.0,212583750.0,197,0,933.0,0
2024,B2400036400000,Meu Amigo Lorenzo,Andre Luiz Da Silveira Oliveira,Documentário,Alo Cine Som Producoes Eireli,,Atman Filmes,DF,,6,762,14617.3,DF,1.0,0,2020,0,0,0,1,estreante,nova,1.0,0.0,1.0,0.0,só FSA,1.0,14617.3,212583750.0,197,0,933.0,0
2024,B2300514300000,Meu Casulo De Drywall,Caroline Okoshi Fioratti,Ficção,Aurora Filmes Ltda.,Haikai Filmes Ltda - Me,Gullane Entretenimento,SP,SP,10,899,4779.14,SP,1.0,1,2020,1,10,1,0,iniciante,pequena,2.0,0.0,1.0,0.0,só FSA,1.0,4779.14,212583750.0,197,0,933.0,0
2024,B2400077000000,Meu Sangue Ferve Por Você,Paulo Ricardo Machline,Ficção,Mar Filmes Ltda,Amaia Producoes Audiovisuais E Musicais Ltda,Vitrine Filmes,RJ,SP,315,21627,404087.92,RJ,1.0,1,2020,0,179,0,1,estreante,grande,2.0,1.0,1.0,1.0,FSA e incentivo,1.0,404087.92,212583750.0,197,1,933.0,1
2024,B2400430200000,Milagre Vivo,"Julia Sondermann, Gustavo Oliveira Leite",Documentário,Lumine Producoes Ltda,,Kolbe Arte Produções,RS,,104,7376,115817.33,RS,1.0,0,2020,0,0,0,1,estreante,nova,0.0,0.0,0.0,0.0,sem fomento,1.0,115817.33,212583750.0,197,1,933.0,1
2024,B2400144500000,Morando Com O Crush,Hsu Chien Hsin,Ficção,Paris Produções Cinematográficas Ltda,,Paris,SP,,257,19711,364773.86,SP,1.0,0,2020,4,49,7,0,estabelecida,media,1.0,1.0,1.0,1.0,FSA e incentivo,1.0,364773.86,212583750.0,197,1,933.0,1
2024,B2300099200000,Morcego Negro,"Cleisson Vidal Linhares, Chaim Litewski",Documentário,Terra Firme Produções Cinematográficas Ltda,Canal Brazil S/A,Terra Firme Produções,SP,RJ,6,662,9373.27,SP,1.0,1,2020,0,0,0,1,estreante,nova,1.0,1.0,1.0,1.0,FSA e incentivo,1.0,9373.27,212583750.0,197,0,933.0,0
2024,B2300444300000,"Morte, Vida E Sorte",Alexandre Alencar Martins,Ficção,Fabrica De Cinema Independente Ltda,,Vinny Filmes,RJ,,4,123,2577.31,RJ,1.0,0,2020,0,4,0,1,estreante,nova,0.0,0.0,0.0,0.0,sem fomento,1.0,2577.31,212583750.0,197,0,933.0,0
2024,B2400293500000,Motel Destino,Karim Ainouz,Ficção,Cinema Inflamavel Producoes Cinematograficas Ltda,Telecine Programacao De Filmes Ltda,Pandora Filmes,CE,RJ,173,51741,925221.36,CE,1.0,1,2020,1,81,0,0,iniciante,grande,2.0,1.0,1.0,1.0,FSA e incentivo,1.0,925221.36,212583750.0,197,1,933.0,1
2024,B2200203600000,Mugunzá,"Glenda Nicacio, Ary Rosa Duarte",Ficção,Rosza Filmes Produções Ltda Me,,Elo Company,BA,,2,61,954.03,BA,1.0,0,2020,1,104,1,0,iniciante,grande,0.0,0.0,0.0,0.0,sem fomento,1.0,954.03,212583750.0,197,0,933.0,0
2024,B2200454600000,Mundo Novo,Alvaro Jose Alvim Carneiro De Campos,Ficção,Kinotv Ltda.,Grupo Nós Do Morro,O2 Play,RJ,RJ,2,209,3474.75,RJ,1.0,1,2020,0,57,1,1,estreante,media,0.0,0.0,0.0,0.0,sem fomento,1.0,3474.75,212583750.0,197,0,933.0,0
2024,B2300166100000,Nada Será Como Antes - A Música Do Clube Da Esquina,Ana Rieper,Documentário,Paladina Producoes Artisticas Ltda. - Me,Canal Brazil S/A,Lira Filmes / Vitrine Filmes,RJ,RJ,32,20985,244422.73,RJ,1.0,1,2020,1,0,0,0,iniciante,nova,1.0,0.0,1.0,0.0,só FSA,1.0,244422.73,212583750.0,197,1,933.0,1
2024,B2300440200000,Nahuel E O Livro Magico,German Acuña,Animação,Red Studio Brasil Producao E Animacao Ltda,,Imovision,RJ,,15,389,7269.0,RJ,1.0,0,2020,0,73,0,1,estreante,grande,2.0,0.0,1.0,0.0,só FSA,1.0,7269.0,212583750.0,197,0,933.0,0
2024,B2300368300000,Não Vamos Sucumbir,Miguel Przewodowski,Documentário,3 Tabela Filmes E Produções Artísticas Ltda,Arpoador Filmes Ltda.,Cavideo Produções,RJ,RJ,2,730,11276.0,RJ,1.0,1,2020,0,8,2,1,estreante,pequena,0.0,0.0,0.0,0.0,sem fomento,1.0,11276.0,212583750.0,197,0,933.0,0
2024,B2400036200000,Nas Ondas De Dorival Caymmi,Luiz Otavio Chaves Faria,Documentário,Bossa Produções Ltda,Canal Brazil S/A,Bretz Filmes,RJ,RJ,11,475,7664.41,RJ,1.0,1,2020,0,32,0,1,estreante,media,0.0,0.0,0.0,0.0,sem fomento,1.0,7664.41,212583750.0,197,0,933.0,0
2024,B2300186300000,Ninguém Sai Vivo Daqui,Andre Tarik Jirges Dieb Jemma Ristum,Ficção,Sombumbo Filmes Ltda - Me,Canal Brazil S/A,Gullane Entretenimento,SP,RJ,22,1199,21437.43,SP,1.0,1,2020,0,10,0,1,estreante,pequena,0.0,1.0,0.0,1.0,só incentivo,1.0,21437.43,212583750.0,197,0,933.0,1
2024,B2300576500000,Nosso Lar 2 - Os Mensageiros,Wagner Luiz De Assis Coelho,Ficção,Cinética Filmes E Produções Ltda.,,Disney,RJ,,1137,1615208,31898603.23,RJ,1.0,0,2020,3,29,2,0,estabelecida,media,0.0,1.0,0.0,1.0,só incentivo,1.0,31898603.23,212583750.0,197,1,933.0,1
2024,B2200497100000,O Anel De Eva,Duflair Magri Barradas,Ficção,G. L. Magri Barradas,,Elo Company,MT,,12,739,8806.76,MT,1.0,0,2020,0,104,0,1,estreante,grande,1.0,0.0,1.0,0.0,só FSA,1.0,8806.76,212583750.0,197,0,933.0,0
2024,B2400470400000,O Auto Da Compadecida 2,"Miguel Arraes De Alencar Filho, Flavia Lacerda Goncalves",Ficção,Conspiração Filmes Entretenimento 3º Milênio Ltda.,Guel Produtora Ltda,H2O Films,RJ,RJ,1358,1353900,29276849.64,RJ,1.0,1,2020,0,30,1,1,estreante,media,0.0,1.0,0.0,1.0,só incentivo,1.0,29276849.64,212583750.0,197,1,933.0,1
2024,B2400187300000,O Clube Das Mulheres De Negócios,Ana Luiza Machado Da Silva Muylaert,Ficção,Glaz Entretenimento S.A.,Rsmts Empreendimentos E Participacoes Ltda,Vitrine Filmes,RJ,RJ,32,3190,55047.44,RJ,1.0,1,2020,0,179,3,1,estreante,grande,4.0,1.0,1.0,1.0,FSA e incentivo,1.0,55047.44,212583750.0,197,1,933.0,1
2024,B2300199800000,O Contato,Vicente Ferraz Goncalves,Documentário,Bang Bang Filmes Produções Eireli,,Pipa Produções,RJ,,12,406,7394.19,RJ,1.0,0,2020,0,26,0,1,estreante,media,1.0,2.0,1.0,1.0,FSA e incentivo,1.0,7394.19,212583750.0,197,0,933.0,0
2024,B2200369900000,O Dia Da Posse,Allan Ribeiro Da Silva,Documentário,Acalante Filmes Ltda | Allan Ribeiro Da Silva,,Embaúba Filmes,RJ/-,,11,292,1379.48,RJ,1.0,0,2020,0,24,0,1,estreante,media,0.0,0.0,0.0,0.0,sem fomento,1.0,1379.48,212583750.0,197,0,933.0,0
2024,B2300518500000,O Dia Que Te Conheci,Andre De Novais Oliveira,Ficção,Filmes De Plastico Producoes Audiovisuais Ltda,Malute Filmes Ltda,Malute Filmes,MG,MG,24,5741,90758.98,MG,1.0,1,2020,0,0,0,1,estreante,nova,0.0,0.0,0.0,0.0,sem fomento,1.0,90758.98,212583750.0,197,1,933.0,1
2024,B2400004900000,O Diabo Na Rua No Meio Do Redemunho,Beatriz Ferreira Lessa,Ficção,Dois + Três Produções Artísticas Ltda Me,Guel Produtora Ltda,Filmes Do Estação,RJ,RJ,7,4270,84730.93,RJ,1.0,1,2020,0,20,0,1,estreante,media,0.0,1.0,0.0,1.0,só incentivo,1.0,84730.93,212583750.0,197,1,933.0,1
2024,B2200125000000,O Dilema Da Pandemia,Thiago Dos Santos Moyses,Ficção,"Imagenacao Producoes Cinematograficas, Artisticas E Culturais Ltda",,I-Mage Films,DF,,1,128,885.0,DF,1.0,0,2020,0,0,0,1,estreante,nova,0.0,0.0,0.0,0.0,sem fomento,1.0,885.0,212583750.0,197,0,933.0,0
2024,B2400217600000,O Ep De Laura,Wiltonauar Francelino De Moura,Ficção,Larty Mark Ltda,Edilton Oliveira Brito - Me | Ficção Locações E Gravações De Videos Ltda | Fwm - Servicos Ltda | Wjr Projetos Audiovisuais Ltda,Larty Mark,BA,/BA/BA/BA,2,1259,20007.43,BA,1.0,1,2020,0,0,0,1,estreante,nova,0.0,0.0,0.0,0.0,sem fomento,1.0,20007.43,212583750.0,197,0,933.0,1
2024,B2400020300000,O Estranho,"Juruna Heitor Baptista Mallon, Flora Dias Nunes Da Silva",Ficção,Liracine Produções Audiovisuais Ltda - Epp,Preview Consultoria Em Publicidade Politica E Estatistica Ltda,Embaúba Filmes,SP,SP,10,618,4949.57,SP,1.0,1,2020,0,24,1,1,estreante,media,1.0,0.0,1.0,0.0,só FSA,1.0,4949.57,212583750.0,197,0,933.0,0
2024,B2400196000000,O Fenômeno Esports,Fabricio Pires Bittar De Carvalho,Documentário,Clubtv Produções E Entretenimento Ltda,,Vitrine Filmes,SP,,57,152,2657.3,SP,1.0,0,2020,2,179,0,0,iniciante,grande,1.0,0.0,1.0,0.0,só FSA,1.0,2657.3,212583750.0,197,0,933.0,0
2024,B2300071700000,O Mensageiro,Lucia Maria Murat Vasconcellos,Ficção,Taiga Filmes E Video Eireli,Canal Brazil S/A,Imovision,RJ,RJ,49,4589,85971.27,RJ,1.0,1,2020,1,73,1,0,iniciante,grande,0.0,1.0,0.0,1.0,só incentivo,1.0,85971.27,212583750.0,197,1,933.0,1
2024,B2400334100000,O Sonho De Clarice,"Fernando Mourao Gutierrez, Augusto Bicalho Roque",Animação,Fantom Filmes E Producoes Artisticas Ltda,,Elite Filmes,DF,,1,51,620.0,DF,1.0,0,2020,0,5,0,1,estreante,pequena,1.0,0.0,1.0,0.0,só FSA,1.0,620.0,212583750.0,197,0,933.0,0
2024,B2300130000000,O Ultimo Episódio,Maurilio Sebastiao Martins,Ficção,Filmes De Plastico Producoes Audiovisuais Ltda,Canal Brazil S/A,Embaúba Filmes,MG,RJ,1,280,683.2,MG,1.0,1,2020,0,24,0,1,estreante,media,2.0,0.0,1.0,0.0,só FSA,1.0,683.2,212583750.0,197,0,933.0,0
2024,B2300283600000,O Vazio De Domingo À Tarde,Gustavo Galvao Diniz Torreao Braz,Ficção,400 Filmes - Serviços De Produção Ltda Me,,Lança Filmes,DF,,14,910,8551.17,DF,1.0,0,2020,0,20,0,1,estreante,media,1.0,0.0,1.0,0.0,só FSA,1.0,8551.17,212583750.0,197,0,933.0,0
2024,B2400327900000,O Voo Do Anjo,Sebastiao Alberto De Araujo,Ficção,Sebastião Alberto De Araújo-Eireli,,Califórnia Filmes,GO,,19,391,8375.28,GO,1.0,0,2020,0,1,0,1,estreante,nova,0.0,0.0,0.0,0.0,sem fomento,1.0,8375.28,212583750.0,197,0,933.0,0
2024,B2400257600000,Operação Borboleta,Silvio Soares De Toledo,Ficção,Stairs Producoes Audiovisuais Ltda,,Stairs Filmes,PB,,21,787,16423.71,PB,1.0,0,2020,0,0,0,1,estreante,nova,0.0,0.0,0.0,0.0,sem fomento,1.0,16423.71,212583750.0,197,0,933.0,0
2024,B2400012600000,Os Farofeiros 2,Roberto Santucci Filho,Ficção,Camisa Listrada Ltda,Telecine Programacao De Filmes Ltda,Downtown,RJ,RJ,1072,1880324,36075044.22,RJ,1.0,1,2020,1,60,1,0,iniciante,grande,1.0,1.0,1.0,1.0,FSA e incentivo,1.0,36075044.22,212583750.0,197,1,933.0,1
2024,B2300442100000,"Othelo, O Grande",Lucas Henrique Rossi Dos Santos,Documentário,"Franco Producoes, Filmes, Eventos E Promocoes Ltda",Canal Brazil S/A,Livres Filmes,RJ,RJ,43,1879,27593.01,RJ,1.0,1,2020,0,24,0,1,estreante,media,2.0,1.0,1.0,1.0,FSA e incentivo,1.0,27593.01,212583750.0,197,0,933.0,1
2024,B2400359500000,Pasárgada,Ecleidira Maria Fonseca Paes,Ficção,Muiraquita Filmes E Producoes Artisticas Ltda,Prazda Filmes Produção Artísticas Ltda.,Muiraquitã Filmes,SP,,34,2405,42170.22,SP,1.0,1,2020,0,0,2,1,estreante,nova,0.0,1.0,0.0,1.0,só incentivo,1.0,42170.22,212583750.0,197,0,933.0,1
2024,B2400272700000,Passagrana,Ravel Cabral Jorge,Ficção,Intro Pictures Produções Cinematográficas Ltda,Tfcf Latin American Channels Do Brasil Ltda,Disney,SP,SP,328,31366,528039.78,SP,1.0,1,2020,0,29,0,1,estreante,media,0.0,1.0,0.0,1.0,só incentivo,1.0,528039.78,212583750.0,197,1,933.0,1
2024,B2100339300000,Paterno,Marcelo Costa Lordello,Ficção,Trincheira Filmes Ltda,Marcelo Costa Lordello,Arthouse,PE,,1,64,705.0,PE,1.0,1,2020,0,27,0,1,estreante,media,1.0,0.0,1.0,0.0,só FSA,1.0,705.0,212583750.0,197,0,933.0,0
2024,B2400212800000,Penal Cordillera,Felipe Carmona Urrutia,Ficção,Multiverso Filmes Produções Artísticas Ltda,,Retrato Filmes,SP,,14,1091,17399.81,SP,1.0,0,2020,0,1,2,1,estreante,nova,1.0,0.0,1.0,0.0,só FSA,1.0,17399.81,212583750.0,197,0,933.0,1
2024,B2400311300000,"Perfekta, Uma Aventura Da Escola De Gênios",Joao Daniel Sequeira Tikhomiroff,Ficção,Rt2A Produções Cinematográficas Ltda.,Rsmts Empreendimentos E Participacoes Ltda,Imagem,RJ,RJ,528,21488,407377.87,RJ,1.0,1,2020,0,93,0,1,estreante,grande,1.0,1.0,1.0,1.0,FSA e incentivo,1.0,407377.87,212583750.0,197,1,933.0,1
2024,B2200442900000,Placa-Mãe,Igor Santos Bastos,Animação,Flash Minas Tv Produtora E Marketing Eireli,,O2 Play,MG,,247,9224,117449.35,MG,1.0,0,2020,0,57,0,1,estreante,media,1.0,0.0,1.0,0.0,só FSA,1.0,117449.35,212583750.0,197,1,933.0,1
2024,B2300274500000,Porto De Origem,Bernard David Pierre Attal,Documentário,Santa Luzia Filmes E Produções Artísticas Ltda,,Santa Luzia Filmes,BA,,8,171,2721.06,BA,1.0,0,2020,0,1,1,1,estreante,nova,1.0,0.0,1.0,0.0,só FSA,1.0,2721.06,212583750.0,197,0,933.0,0
2024,B2200266500000,Porto Príncipe,Maria Emilia Oliveira De Azevedo,Ficção,Dois Plátanos Produções Cinematográficas Ltda,K9 Agenciamento E Produções Ltda,O2 Play,SC,RJ,4,351,7703.64,SC,1.0,1,2020,0,57,0,1,estreante,media,1.0,0.0,1.0,0.0,só FSA,1.0,7703.64,212583750.0,197,0,933.0,0
2024,B1700324800000,Possessões,Tiago Xavier Santiago,Ficção,Santiago Produções Artísticas Ltda,,Vinny Filmes,RJ,,8,211,3688.0,RJ,1.0,0,2020,0,4,0,1,estreante,nova,0.0,0.0,0.0,0.0,sem fomento,1.0,3688.0,212583750.0,197,0,933.0,0
2024,B2300024000000,Povo Da Floresta,Rafael Godoi Calil Da Costa,Documentário,Duo2.Tv Ltda,Globo Comunicação E Participações S/A,Olé Produções,SP,RJ,1,115,534.0,SP,1.0,1,2020,0,2,0,1,estreante,nova,1.0,1.0,1.0,1.0,FSA e incentivo,1.0,534.0,212583750.0,197,0,933.0,0
2024,B2400052500000,Pra Sempre,Andre Piacentini Correa,Ficção,Floresta Week Producoes Ltda,,A2 Filmes,SP,,1,1184,22301.0,SP,1.0,0,2020,0,4,0,1,estreante,nova,0.0,0.0,0.0,0.0,sem fomento,1.0,22301.0,212583750.0,197,0,933.0,1
2024,B2100301200000,Praia Da Saudade,Sinai Mello E Silva Sganzerla,Documentário,Mercurio Producoes Ltda,,Mercúrio Produções,SP,,4,694,9743.69,SP,1.0,0,2020,1,3,0,0,iniciante,nova,2.0,0.0,1.0,0.0,só FSA,1.0,9743.69,212583750.0,197,0,933.0,0
2024,B2400038900000,Praia Formosa,Julia Cipriano De Simone,Ficção,Mirada Filmes Ltda,Anavilhana Filmes Ltda - Me,Olhar Filmes,RJ,MG,5,128,1690.93,RJ,1.0,1,2020,0,0,0,1,estreante,nova,1.0,0.0,1.0,0.0,só FSA,1.0,1690.93,212583750.0,197,0,933.0,0
2024,B2300140800000,Presença,Erly Milton Vieira Junior,Documentário,Ladart Produções E Consultoria Ltda,,Livres Filmes,ES,,11,112,1800.86,ES,1.0,0,2020,0,24,0,1,estreante,media,1.0,0.0,1.0,0.0,só FSA,1.0,1800.86,212583750.0,197,0,933.0,0
2024,B2300375400000,Princesa Adormecida,Claudio Rodrigues Boeckel,Ficção,Panoramica Comunicacao Ltda.,,Vitrine Filmes,RJ,,538,36134,673218.09,RJ,1.0,0,2020,1,179,1,0,iniciante,grande,1.0,1.0,1.0,1.0,FSA e incentivo,1.0,673218.09,212583750.0,197,1,933.0,1
2024,B2300550300000,Príncipe Lu E A Lenda Do Dragão,Leandro De Viterbo Surdi Neri,Ficção,Luccas Toon Studios Ltda,,H2O Films,RJ,,513,207382,3915588.43,RJ,1.0,0,2020,0,30,1,1,estreante,media,0.0,0.0,0.0,0.0,sem fomento,1.0,3915588.43,212583750.0,197,1,933.0,1
2024,B2300137400000,Quando Eu Me Encontrar,"Michelline Helena Do Nascimento Costa Lima, Amanda Freitas Pontes",Ficção,Marrevolto Producoes Ltda - Me,,Embaúba Filmes,CE,,8,649,6187.0,CE,1.0,0,2020,0,24,1,1,estreante,media,1.0,0.0,1.0,0.0,só FSA,1.0,6187.0,212583750.0,197,0,933.0,0
2024,B2300460400000,Raoni - Uma Amizade Improvavel,Jean Pierre Dutilleux,Documentário,Indiana Produções Cinematográficas Ltda,Canal Brazil S/A,Indiana Produções,RJ,RJ,1,5,60.0,RJ,1.0,1,2020,0,0,0,1,estreante,nova,0.0,1.0,0.0,1.0,só incentivo,1.0,60.0,212583750.0,197,0,933.0,0
2024,B2400180000000,Razões Africanas,Jefferson Mello De Almeida Pereira,Documentário,Jeff & Sports Marketing E Comunicação,,Treme Produções,SP,,3,56,1056.0,SP,1.0,0,2020,0,0,0,1,estreante,nova,0.0,2.0,0.0,1.0,só incentivo,1.0,1056.0,212583750.0,197,0,933.0,0
2024,B2300026000000,Receba!,"Rodrigo De Luna Vieira, Pedro Erbano Perazzo",Ficção,Ideograma Produções Culturais Ltda Me,Buhfu Produções Artísticas Ltda Me,Olhar Filmes,BA,BA,9,1506,14758.55,BA,1.0,1,2020,0,0,0,1,estreante,nova,1.0,0.0,1.0,0.0,só FSA,1.0,14758.55,212583750.0,197,0,933.0,1
2024,B2300382200000,Retrato De Um Certo Oriente,Marcelo Ferreira De Oliveira Gomes,Ficção,Matizar Produções Artísticas Ltda,Canal Brazil S/A,O2 Play,RJ,RJ,32,4564,86090.98,RJ,1.0,1,2020,1,57,0,0,iniciante,media,1.0,1.0,1.0,1.0,FSA e incentivo,1.0,86090.98,212583750.0,197,1,933.0,1
2024,B2400223300000,Revoada,Jose Umberto Dias,Ficção,Vpc Cinema Video Produções Artísticas E Distribuidora De Filmes Ltda,,Abará Filmes,BA,,19,570,8575.5,BA,1.0,0,2020,0,0,0,1,estreante,nova,0.0,0.0,0.0,0.0,sem fomento,1.0,8575.5,212583750.0,197,0,933.0,0
2024,B2100417300000,Rosa Tirana,Rogério Do Livramento Silva,Ficção,Rogério Do Livramento Silva,,Umbuzeiro Filmes,BA,,2,1036,1720.72,BA,1.0,0,2020,0,0,0,1,estreante,nova,0.0,0.0,0.0,0.0,sem fomento,1.0,1720.72,212583750.0,197,0,933.0,1
2024,B2300573000000,Saideira,"Pedro Micheli Arantes, Julio Junqueira Taubkin",Ficção,Glaz Entretenimento S.A.,Massa Real Produções Cinematográficas Ltda - Me,Elo Company,RJ,SP,288,9091,181982.24,RJ,1.0,1,2020,1,104,3,0,iniciante,grande,1.0,1.0,1.0,1.0,FSA e incentivo,1.0,181982.24,212583750.0,197,1,933.0,1
2024,B2300536800000,Sala Escura,Paulo De Moraes Fontenelle,Ficção,Malemolência Produções Ltda,Fr Target Filmes Ltda | Quimonos Producoes Artisticas E Cinematograficas Ltda,H2O Films,CE,RJ/RJ,42,2680,52580.89,CE,1.0,1,2020,1,30,0,0,iniciante,media,1.0,1.0,1.0,1.0,FSA e incentivo,1.0,52580.89,212583750.0,197,0,933.0,1
2024,B2300469100000,Salamandra,Alexandre Oliveira De Carvalho,Ficção,N Filmes Produtora E Finalizadora De Cinema Ltda,Telecine Programacao De Filmes Ltda,Pandora Filmes,PE,RJ,5,417,5547.28,PE,1.0,1,2020,0,81,0,1,estreante,grande,2.0,0.0,1.0,0.0,só FSA,1.0,5547.28,212583750.0,197,0,933.0,0
2024,B2400214900000,Salão De Baile,"Vitor Gurgel De Medeiros, Bruno Reis Lima",Documentário,Couro De Rato Edição E Produção Ltda,Bruno Reis Lima | Ritornelo Criações Ltda,Retrato Filmes,RJ,- /RJ,13,672,9278.52,RJ,1.0,1,2020,0,1,0,1,estreante,nova,0.0,0.0,0.0,0.0,sem fomento,1.0,9278.52,212583750.0,197,0,933.0,0
2024,B2300490400000,Santino,"Makely Oliveira Soares Gomes, Claudio Gontijo Guimaraes",Documentário,Cinco Em Ponto Ltda Me,,Livres Filmes,MG,,6,236,3381.65,MG,1.0,0,2020,0,24,0,1,estreante,media,1.0,1.0,1.0,1.0,FSA e incentivo,1.0,3381.65,212583750.0,197,0,933.0,0
2024,B2400093600000,"Sara, Lia E Léia, Licença Para Enlouquecer",Hsu Chien Hsin,Ficção,Yva Artes Cenicas Ltda,,Pipa Produções,SP,,45,1042,19390.16,SP,1.0,0,2020,4,26,0,0,estabelecida,media,0.0,0.0,0.0,0.0,sem fomento,1.0,19390.16,212583750.0,197,0,933.0,1
2024,B2400040600000,Saudade Fez Morada Aqui Dentro,Haroldo De Carvalho Abreu Borges,Ficção,Gmb Produtora De Cinema E Video Ltda,,Cajuína Audiovisual,BA,,27,3808,26835.37,BA,1.0,0,2020,0,0,0,1,estreante,nova,0.0,0.0,0.0,0.0,sem fomento,1.0,26835.37,212583750.0,197,1,933.0,1
2024,B2300551000000,Saudosa Maloca,Pedro Soffer Serrano,Ficção,Pink Flamingo Produções Ltda - Me,,Elo Company,SP,,76,18773,351280.92,SP,1.0,0,2020,0,104,0,1,estreante,grande,1.0,1.0,1.0,1.0,FSA e incentivo,1.0,351280.92,212583750.0,197,1,933.0,1
2024,B2400348600000,Segredos,Emiliano Valmir Ruschel,Ficção,Ruschel Studios Cinematograficos Ltda,,A2 Filmes,RS,,21,1218,24839.88,RS,1.0,0,2020,0,4,0,1,estreante,nova,0.0,1.0,0.0,1.0,só incentivo,1.0,24839.88,212583750.0,197,0,933.0,1
2024,B2400126700000,Sem Coração,"Nara Barreto Campello Normande, Bruno Ferreira Bezerra",Ficção,Cinemascopio Producoes Cinematograficas E Artisticas,Vitrine Filmes Ltda,Vitrine Filmes,PE,SP,24,3954,41932.24,PE,1.0,1,2020,0,179,1,1,estreante,grande,2.0,0.0,1.0,0.0,só FSA,1.0,41932.24,212583750.0,197,1,933.0,1
2024,B1800561900000,Servidão,"Renato Fortes Barbieri, Antonio Borges Neto",Documentário,Gaya Producoes Cinematograficas Ltda,,O2 Play,DF,,7,1312,17065.71,DF,1.0,0,2020,0,57,0,1,estreante,media,1.0,0.0,1.0,0.0,só FSA,1.0,17065.71,212583750.0,197,0,933.0,1
2024,B2400081500000,Silvio,Marcelo Antunes Braz,Ficção,Write Produções Artísticas Ltda,Pa Produtores Associados Ltda,Imagem,SP,SP,723,99039,1406107.9,SP,1.0,1,2020,3,93,1,0,estabelecida,grande,2.0,1.0,1.0,1.0,FSA e incentivo,1.0,1406107.9,212583750.0,197,1,933.0,1
2024,B2400241900000,Sociedade De Ferro,Eduardo Rajabally,Documentário,Prodigo Films Ltda,Globo Comunicação E Participações S/A,Pródigo Filmes,SP,RJ,2,110,2043.65,SP,1.0,1,2020,0,0,0,1,estreante,nova,2.0,1.0,1.0,1.0,FSA e incentivo,1.0,2043.65,212583750.0,197,0,933.0,0
2024,B2000160000000,Sol Alegria,"Otavio Teixeira De Carvalho Neto, Mariah Palmeira Teixeira De Carvalho",Ficção,Canal De Vendas Jp Vídeo Ltda,Producoes E Servicos Cinematograficos Ltda,Descoloniza Filmes,PB,PB,1,126,835.0,PB,1.0,1,2020,0,16,0,1,estreante,pequena,1.0,0.0,1.0,0.0,só FSA,1.0,835.0,212583750.0,197,0,933.0,0
2024,B2000004600000,Soldados Da Borracha - Os Heróis Esquecidos,Wolney Mattos Oliveira,Documentário,M Margarita Hernandez Pascual,Corte Seco Filmes Ltda,Tucumán,CE,CE,2,101,1048.0,CE,1.0,1,2020,0,14,0,1,estreante,pequena,1.0,1.0,1.0,1.0,FSA e incentivo,1.0,1048.0,212583750.0,197,0,933.0,0
2024,B2300170000000,Teca E Tuti: Uma Noite Na Biblioteca,"Tiago Marcondes Alves De Lima, Eduardo Ribeiro Bassi, Diego Musarra Doimo, Analucia De Godoi",Animação,Rocambole Produções Audiovisuais Ltda.,,Lpb Content / Vitrine Filmes,SP,,62,6537,67707.07,SP,1.0,0,2020,0,0,0,1,estreante,nova,0.0,1.0,0.0,1.0,só incentivo,1.0,67707.07,212583750.0,197,1,933.0,1
2024,B2300212800000,Telas,Leandro Godinho Nery Gomes,Documentário,Claraluz Producoes Audiovisuais Ltda,,O2 Play,SP,,4,26,521.0,SP,1.0,0,2020,0,57,2,1,estreante,media,1.0,0.0,1.0,0.0,só FSA,1.0,521.0,212583750.0,197,0,933.0,0
2024,B2300259100000,Termodielétrico,Ana Costa Ribeiro,Documentário,Gaivota Produções Artísticas Ltda.,,Embaúba Filmes,RJ,,4,130,1122.23,RJ,1.0,0,2020,0,24,0,1,estreante,media,0.0,0.0,0.0,0.0,sem fomento,1.0,1122.23,212583750.0,197,0,933.0,0
2024,B2400278200000,Terra De Ciganos,Naji Sidki,Documentário,Verissimo Producoes Ltda - Me,Katia Conceicao De Carvalho Coelho ***********,Pandora Filmes,DF,,17,353,5563.49,DF,1.0,1,2020,0,81,0,1,estreante,grande,1.0,0.0,1.0,0.0,só FSA,1.0,5563.49,212583750.0,197,0,933.0,0
2024,B2400057900000,Tô De Graça - O Filme,Cesar Eduardo Rodrigues De Souza,Ficção,Conspiração Filmes Entretenimento 3º Milênio Ltda.,Telecine Programacao De Filmes Ltda,Paris,RJ,RJ,461,194814,3426972.91,RJ,1.0,1,2020,1,49,1,0,iniciante,media,0.0,1.0,0.0,1.0,só incentivo,1.0,3426972.91,212583750.0,197,1,933.0,1
2024,B2300007600000,Toda Noite Estarei Lá,"Tatiana Werneck Franklin Souza, Suellen Vasconcelos Sacramento",Documentário,Lúmen Produções Audiovisuais Ltda. - Me,,Descoloniza Filmes,ES,,7,331,2909.6,ES,1.0,0,2020,0,16,0,1,estreante,pequena,1.0,0.0,1.0,0.0,só FSA,1.0,2909.6,212583750.0,197,0,933.0,0
2024,B2400145900000,Transe,"Carolina De Mello Jabor, Anne Gabriella Teresa Holcomb Pinheiro Guimaraes Amorim",Ficção,Conspiração Filmes S/A,,Arthouse / Vereda Filmes,RJ,,15,884,14249.93,RJ,1.0,0,2020,0,0,0,1,estreante,nova,0.0,0.0,0.0,0.0,sem fomento,1.0,14249.93,212583750.0,197,0,933.0,0
2024,B2300139700000,Tudo O Que Você Podia Ser,Jose Ricardo De Almeida Alves Junior,Documentário,Entre Filmes Producoes Ltda - Me,Quarta-Feira Filmes Ltda,Vitrine Filmes,MG,SP,21,1779,20494.35,MG,1.0,1,2020,0,179,0,1,estreante,grande,2.0,0.0,1.0,0.0,só FSA,1.0,20494.35,212583750.0,197,0,933.0,1
2024,B2400374200000,Tudo Por Um Pop Star 2,Marco Antonio Alves Do Nascimento De Carvalho,Ficção,Panoramica Comunicacao Ltda.,Tfcf Latin American Channels Do Brasil Ltda,Disney,RJ,SP,591,154179,2751617.74,RJ,1.0,1,2020,0,29,1,1,estreante,media,0.0,1.0,0.0,1.0,só incentivo,1.0,2751617.74,212583750.0,197,1,933.0,1
2024,B2400008800000,Turma Da Mônica Jovem - Reflexos Do Medo,Mauricio Artacho D Almeida Eca,Ficção,Bronze Filmes Produtora Ltda,,Imagem,SP,,826,202363,3710229.39,SP,1.0,0,2020,2,93,3,0,iniciante,grande,1.0,1.0,1.0,1.0,FSA e incentivo,1.0,3710229.39,212583750.0,197,1,933.0,1
2024,B2300243500000,Um Tiro No Escuro,Paulo Jose Ferreira Alves,Documentário,Conspiração Filmes S/A | Glitter Produções Artísticas Ltda,,Vereda Filmes,RJ/RJ,,1,83,830.0,RJ,1.0,0,2020,0,0,0,1,estreante,nova,0.0,0.0,0.0,0.0,sem fomento,1.0,830.0,212583750.0,197,0,933.0,0
2024,B1900272800000,Uma Baía,Murilo Navarro De Salles,Documentário,Cinema Brasil Digital - Escritório De Planej. Empr. Aud. Ltda,Cinema Brasil Digital - Escritório De Planej. Empr. Aud. Ltda,Cinema Brasil Digital,RJ,RJ,9,161,2279.34,RJ,1.0,1,2020,0,0,0,1,estreante,nova,1.0,0.0,1.0,0.0,só FSA,1.0,2279.34,212583750.0,197,0,933.0,0
2024,B2400083700000,Uma Família Feliz,Jose Eduardo Belmonte Dos Santos,Ficção,Barry Company Produções Audiovisuais Ltda,Anjo Producoes Cinematograficas Ltda,Pandora Filmes,SP,RS,128,39702,836734.29,SP,1.0,1,2020,4,81,0,0,estabelecida,grande,0.0,1.0,0.0,1.0,só incentivo,1.0,836734.29,212583750.0,197,1,933.0,1
2024,B2300363900000,Utopia Tropical,Joao Gabriel Nazareth Amorim,Documentário,Amorim Filmes Produções Cinematográficas Eireli,,O2 Play,DF,,5,516,7908.26,DF,1.0,0,2020,0,57,0,1,estreante,media,1.0,0.0,1.0,0.0,só FSA,1.0,7908.26,212583750.0,197,0,933.0,0
2024,B2300097900000,Verissimo,Angelo Arenasio Defanti Barbosa,Documentário,Polana Filmes Ltda. | Sobretudo Produção Audiovisual E Artística Ltda.,Canal Brazil S/A,Boulevard Filmes,SP/RJ,RJ,24,2593,42928.91,SP,2.0,1,2020,1,19,0,0,iniciante,pequena,0.0,0.0,0.0,0.0,sem fomento,1.0,42928.91,212583750.0,197,0,933.0,1
2024,B2300276400000,Vermelho Monet,Halder Catunda Gomes,Ficção,Atc Entretenimentos Ltda.,Globo Comunicação E Participações S/A,Pandora Filmes,CE,RJ,33,2712,45263.04,CE,1.0,1,2020,1,81,0,0,iniciante,grande,2.0,0.0,1.0,0.0,só FSA,1.0,45263.04,212583750.0,197,0,933.0,1
2024,B2400009100000,Vidente Por Acidente,Rodrigo Van Der Put Ramos Jube,Ficção,Conspiração Filmes Entretenimento 3º Milênio Ltda.,,Disney,RJ,,280,13945,268024.95,RJ,1.0,0,2020,0,29,1,1,estreante,media,0.0,1.0,0.0,1.0,só incentivo,1.0,268024.95,212583750.0,197,1,933.0,1
2024,B1900434900000,Vidro Fumê,Pedro Miguel Varela Prazeres,Ficção,Blanche Filmes Ltda,,Vinny Filmes,MG,,6,71,1421.18,MG,1.0,0,2020,0,4,0,1,estreante,nova,0.0,0.0,0.0,0.0,sem fomento,1.0,1421.18,212583750.0,197,0,933.0,0
2024,B2200346400000,Votos,Angela Patricia Reiniger De Assis Faria,Documentário,No Ar Comunicação Ltda,Globo Comunicação E Participações S/A,O2 Play,RJ,RJ,2,253,5591.49,RJ,1.0,1,2020,0,57,0,1,estreante,media,0.0,1.0,0.0,1.0,só incentivo,1.0,5591.49,212583750.0,197,0,933.0,0
2024,B2200284900000,Vovó Ninja,Bruno Villela Barreto Borges,Ficção,Galeria Distribuidora Audiovisual Ltda,Atenea Producao E Distribuicao Audiovisual Ltda,Galeria Distribuidora,SP,SP,462,50610,875378.29,SP,1.0,1,2020,0,3,0,1,estreante,nova,0.0,0.0,0.0,0.0,sem fomento,1.0,875378.29,212583750.0,197,1,933.0,1
2024,B2300011000000,Zé,Rafael Conde De Resende,Ficção,Rodamundo Filmes Ltda,,Embaúba Filmes,MG,,9,917,11957.11,MG,1.0,0,2020,0,24,0,1,estreante,media,2.0,0.0,1.0,0.0,só FSA,1.0,11957.11,212583750.0,197,0,933.0,0
