accuracy,f1,precision,recall,roc_auc,average_precision,n_atributos,id,fold,tempo_ajuste_s,tempo_predicao_s
0.8166023166023166,0.5662100456621004,0.6966292134831461,0.47692307692307695,0.8431304520222046,0.5952667563023596,78,1,0,0.033112898999888785,0.15609539899992342
0.8166023166023166,0.5739910313901345,0.6956521739130435,0.48854961832061067,0.8336982464445628,0.5896504686715452,73,1,1,0.03005304399994202,0.13185166099992784
0.8127413127413128,0.5488372093023256,0.7023809523809523,0.45038167938931295,0.8283823500404364,0.6141843607985209,76,1,2,0.028095348000078957,0.12710990999994465
0.7992277992277992,0.5398230088495575,0.6421052631578947,0.46564885496183206,0.8052843363512634,0.5595148504853258,77,1,3,0.028979767000009815,0.1421726270000363
0.7876447876447876,0.48598130841121495,0.6265060240963856,0.3969465648854962,0.8253348324358443,0.5646549421626923,77,1,4,0.03786868600013804,0.15805035800008227
0.7625482625482626,0.6261398176291794,0.5175879396984925,0.7923076923076923,0.8356859635210151,0.5518771640878659,78,2,0,0.031159134000063204,0.14266548999989936
0.7625482625482626,0.6144200626959248,0.5212765957446809,0.7480916030534351,0.8225437402607649,0.5599323074250293,73,2,1,0.029670658999975785,0.11636950199999774
0.7316602316602316,0.5696594427244582,0.4791666666666667,0.7022900763358778,0.7945637808943331,0.5356687973587481,76,2,2,0.03066450200003601,0.11902880299999197
0.6911196911196911,0.5294117647058824,0.430622009569378,0.6870229007633588,0.7619385762471153,0.4952999171430142,77,2,3,0.03583384500007014,0.11410005399989132
0.7548262548262549,0.5993690851735016,0.510752688172043,0.7251908396946565,0.8211925754975641,0.5379873439436211,77,2,4,0.032566054999961125,0.10695669799997631
0.7683397683397684,0.6319018404907976,0.5255102040816326,0.7923076923076923,0.8313639968279144,0.580982630890194,78,3,0,0.03826290799997878,0.14847977099998388
0.7432432432432432,0.6006006006006006,0.49504950495049505,0.7633587786259542,0.8244965185316686,0.5904068413213928,73,3,1,0.038186605000191776,0.15106817800005956
0.7644787644787645,0.6234567901234568,0.5233160621761658,0.7709923664122137,0.8249501942915755,0.5945419499760983,76,3,2,0.03853239299996858,0.1445138080000561
0.7413127413127413,0.5914634146341463,0.49238578680203043,0.7404580152671756,0.7972463853876955,0.5252293345020176,77,3,3,0.03978986300012366,0.1391722569999274
0.7625482625482626,0.6144200626959248,0.5212765957446809,0.7480916030534351,0.8146044144623942,0.550045835308971,77,3,4,0.03710158099988803,0.14558060499985004
0.7972972972972973,0.4827586206896552,0.6712328767123288,0.3769230769230769,0.7540245836637588,0.5139901484139904,2,4,0,0.05010590599999887,0.10285820600006446
0.7741312741312741,0.4657534246575342,0.5795454545454546,0.3893129770992366,0.7502021815886541,0.48463884710207816,2,4,1,0.07055300799993347,0.09986874900005205
0.7818532818532818,0.46445497630331756,0.6125,0.37404580152671757,0.7613369627394126,0.5335693795244952,2,4,2,0.045254514999896855,0.09223384500000975
0.7702702702702703,0.46153846153846156,0.5666666666666667,0.3893129770992366,0.7304771485492239,0.49946434526979794,2,4,3,0.04767081599993617,0.09429369999998016
0.7702702702702703,0.44651162790697674,0.5714285714285714,0.366412213740458,0.7578850819575123,0.47598739772240184,2,4,4,0.050175632999980735,0.09461855299991839
0.6853281853281853,0.5247813411078717,0.4225352112676056,0.6923076923076923,0.7480967486122125,0.4925617470969212,2,5,0,0.04373224799996933,0.09321379500011062
0.6795366795366795,0.5117647058823529,0.41626794258373206,0.6641221374045801,0.7350928062804505,0.4433098957674978,2,5,1,0.046017737999818564,0.10458401300002151
0.6833976833976834,0.5260115606936416,0.4232558139534884,0.6946564885496184,0.7329526401956723,0.46866349203547264,2,5,2,0.06091303100015466,0.09752331000004233
0.6544401544401545,0.5013927576601671,0.39473684210526316,0.6870229007633588,0.7068761465175454,0.44930567089557616,2,5,3,0.04968778299985388,0.09421222700007092
0.6525096525096525,0.5161290322580645,0.3983402489626556,0.732824427480916,0.7353492317099631,0.44022686960748314,2,5,4,0.0494400410000253,0.0912253569999848
0.7239382239382239,0.5119453924914675,0.4601226993865031,0.5769230769230769,0.7629262490087232,0.5351742430462261,2,6,0,0.04766063400006715,0.09129575900010423
0.749034749034749,0.5578231292517006,0.5030674846625767,0.6259541984732825,0.768250586819733,0.5275857190272055,2,6,1,0.05739987700007987,0.09726559199998519
0.752895752895753,0.5733333333333334,0.5088757396449705,0.6564885496183206,0.7656567449750478,0.5382502820376558,2,6,2,0.04760737700007667,0.0944085549999727
0.7162162162162162,0.5016949152542373,0.45121951219512196,0.5648854961832062,0.7337021914511705,0.4746113348570322,2,6,3,0.046592848000045706,0.09429620199989586
0.7335907335907336,0.543046357615894,0.47953216374269003,0.6259541984732825,0.7801842318085882,0.5253641573144194,2,6,4,0.049476431000130106,0.09684241499985546
0.8166023166023166,0.5814977973568282,0.6804123711340206,0.5076923076923077,0.809238699444885,0.592931633382648,10,7,0,0.5437719300000481,0.1066110019999087
0.8204633204633205,0.6042553191489362,0.6826923076923077,0.5419847328244275,0.8145748269128351,0.6111766832826214,10,7,1,0.5638052879999123,0.11060464999991382
0.8243243243243243,0.5991189427312775,0.7083333333333334,0.5190839694656488,0.8239836676726433,0.6117016872189525,10,7,2,0.63577562699993,0.1166349520001404
0.8281853281853282,0.6244725738396625,0.6981132075471698,0.5648854961832062,0.8058958123754858,0.6080587471092056,10,7,3,0.5501766849999967,0.10440479199996844
0.8108108108108109,0.5739130434782609,0.6666666666666666,0.5038167938931297,0.8121387853324655,0.6051154219406983,10,7,4,0.5362675070000478,0.11732430999995813
0.747104247104247,0.6066066066066066,0.4975369458128079,0.7769230769230769,0.8123017446471055,0.5765137515387905,10,8,0,0.587831764999919,0.10958666600004108
0.7625482625482626,0.6191950464396285,0.5208333333333334,0.7633587786259542,0.8138745882399353,0.5994416811823979,10,8,1,0.5226528529999541,0.12540937299991128
0.7722007722007722,0.6118421052631579,0.5375722543352601,0.7099236641221374,0.8086474544844863,0.5698266244404366,10,8,2,0.5565202560001126,0.10482726399982312
0.7374517374517374,0.5828220858895705,0.48717948717948717,0.7251908396946565,0.7893366471388839,0.5713840906666461,10,8,3,0.5470479670000259,0.10093667899991488
0.8088803088803089,0.6732673267326733,0.5930232558139535,0.7786259541984732,0.8339250843245162,0.615446020129504,10,8,4,0.5401396150000437,0.1020520850001958
0.7683397683397684,0.6078431372549019,0.5284090909090909,0.7153846153846154,0.7949742268041238,0.5334049204444258,10,9,0,0.6235784709999734,0.10555106300012085
0.750965250965251,0.5878594249201278,0.5054945054945055,0.7022900763358778,0.8091011302443932,0.568893591450426,10,9,1,0.5317142360001981,0.11299720600004548
0.7702702702702703,0.6098360655737705,0.5344827586206896,0.7099236641221374,0.821054500266288,0.5869950640892679,10,9,2,0.563738333000174,0.10936642499996196
0.777992277992278,0.6229508196721312,0.5459770114942529,0.7251908396946565,0.8033019705308007,0.5826949213097817,10,9,3,0.5581134000001384,0.11048100899984092
0.7818532818532818,0.6295081967213115,0.5517241379310345,0.732824427480916,0.8140718385703296,0.5915293667175251,10,9,4,0.5427845159999833,0.10930662500004473
0.8397683397683398,0.6497890295358649,0.719626168224299,0.5923076923076923,0.8565523394131641,0.635671652241196,78,10,0,0.040798437000148624,0.11101940599996851
0.832046332046332,0.6533864541832669,0.6833333333333333,0.6259541984732825,0.8499023610864549,0.6385138379703517,73,10,1,0.028903880999905596,0.11343171199996505
0.8436293436293436,0.6582278481012658,0.7358490566037735,0.5954198473282443,0.8134998126121861,0.6237047307107351,76,10,2,0.029240979999940464,0.11226565399988431
0.8223938223938224,0.6134453781512605,0.6822429906542056,0.5572519083969466,0.8130559993687989,0.6362226493138415,77,10,3,0.029025190000083967,0.11294047299998056
0.8262548262548263,0.6218487394957983,0.6915887850467289,0.5648854961832062,0.8307986665877666,0.6249356666649359,77,10,4,0.029621491999932914,0.1344365940001353
0.7972972972972973,0.6579804560260586,0.5706214689265536,0.7769230769230769,0.8599127676447265,0.6406472638491476,78,11,0,0.03214244400010102,0.11261771900012718
0.7972972972972973,0.662379421221865,0.5722222222222222,0.7862595419847328,0.8389155176834922,0.6251684071542061,73,11,1,0.030973577000168007,0.10931510599993999
0.8011583011583011,0.6578073089700996,0.5823529411764706,0.7557251908396947,0.8364005759709647,0.6303505038719397,76,11,2,0.031339046000084636,0.10524025799986703
0.7876447876447876,0.6206896551724138,0.5660377358490566,0.6870229007633588,0.8180267076947354,0.6363868187251707,77,11,3,0.030343968000124732,0.11013345099991056
0.7972972972972973,0.6511627906976745,0.5764705882352941,0.7480916030534351,0.8258476832948696,0.6145377768369524,77,11,4,0.03160283499983052,0.12370101099986641
0.7895752895752896,0.6449511400651465,0.559322033898305,0.7615384615384615,0.8443893735130849,0.5911525881824286,78,12,0,0.03662933999999041,0.1477423890000864
0.7702702702702703,0.6338461538461538,0.5309278350515464,0.7862595419847328,0.8425054736966684,0.602181289288326,73,12,1,0.036357693000127256,0.14585802000010517
0.7702702702702703,0.6269592476489029,0.5319148936170213,0.7633587786259542,0.8085981419018876,0.606103523092501,76,12,2,0.03532881000000998,0.1194252630000392
0.7799227799227799,0.625,0.5491329479768786,0.7251908396946565,0.807375189853443,0.5691608815931076,77,12,3,0.036560215999998036,0.12928076899993357
0.7857142857142857,0.645367412140575,0.554945054945055,0.7709923664122137,0.8299998027496696,0.6303341081569476,77,12,4,0.036009405999948285,0.1209911139999349
0.833976833976834,0.6386554621848739,0.7037037037037037,0.5846153846153846,0.8491970658207771,0.6446894085341887,61,13,0,0.04749565699989944,0.3351281310001468
0.8513513513513513,0.6932270916334662,0.725,0.6641221374045801,0.8488076217527665,0.6488934119896983,56,13,1,0.11400363600000674,0.3883835579999868
0.8359073359073359,0.6351931330472103,0.7254901960784313,0.5648854961832062,0.8059451249580843,0.6111382518607601,59,13,2,0.12136534499995832,0.3434714320001149
0.8301158301158301,0.6302521008403361,0.7009345794392523,0.5725190839694656,0.8176716571000258,0.639297985271288,60,13,3,0.08233388300004663,0.3248986479998166
0.8359073359073359,0.6502057613168725,0.7053571428571429,0.6030534351145038,0.8282344122926406,0.6357279424710951,60,13,4,0.10799015699990377,0.24697471200011023
0.7915057915057915,0.6493506493506493,0.5617977528089888,0.7692307692307693,0.8572759714512292,0.6451309954335208,61,14,0,0.11721630500005631,0.22903341699998236
0.7972972972972973,0.6645367412140575,0.5714285714285714,0.7938931297709924,0.8362033256405705,0.6276968938337979,56,14,1,0.11493178499995338,0.6796367699998882
0.7876447876447876,0.6496815286624203,0.5573770491803278,0.7786259541984732,0.8392409807286426,0.6445130068583906,59,14,2,0.09017797900014557,0.3325648510001429
0.7895752895752896,0.6279863481228669,0.5679012345679012,0.7022900763358778,0.8148312523423475,0.6353721219203199,60,14,3,0.1077873429999272,0.2320449040000767
0.7857142857142857,0.645367412140575,0.554945054945055,0.7709923664122137,0.8249995068741739,0.6092481153365346,60,14,4,0.10732119499994042,0.34727764600006594
0.7857142857142857,0.645367412140575,0.5519125683060109,0.7769230769230769,0.8451328310864394,0.6196547924651312,61,15,0,0.24083986699997695,0.3429834450000726
0.7818532818532818,0.6479750778816199,0.5473684210526316,0.7938931297709924,0.8361145629918929,0.5922182251964472,56,15,1,0.2283477660000699,0.5081372839999858
0.7567567567567568,0.6086956521739131,0.5130890052356021,0.7480916030534351,0.8078288656133499,0.6123843492517128,59,15,2,0.19007736199978353,0.35560096600011093
0.7799227799227799,0.6274509803921569,0.5485714285714286,0.732824427480916,0.8055999368798943,0.5666556309666692,60,15,3,0.17476414099996873,0.2308036809999976
0.7837837837837838,0.6521739130434783,0.5497382198952879,0.8015267175572519,0.8318243683058169,0.6184329752040407,60,15,4,0.12076669099997162,0.5913266009999916
0.8243243243243243,0.6160337552742616,0.6822429906542056,0.5615384615384615,0.8305015860428231,0.646169481653925,10,16,0,0.5535688439999831,0.1567686609998873
0.8243243243243243,0.6160337552742616,0.6886792452830188,0.5572519083969466,0.8308282541373256,0.6244847603162427,10,16,1,0.5719647860000805,0.1540359839998473
0.833976833976834,0.6160714285714286,0.7419354838709677,0.5267175572519084,0.8305323786417342,0.6392714990338451,10,16,2,0.627941021999959,0.13545504499984418
0.8011583011583011,0.5795918367346938,0.6228070175438597,0.5419847328244275,0.7944750182456556,0.5729077712943118,10,16,3,0.5607144999999036,0.1272455670000454
0.8223938223938224,0.6166666666666667,0.6788990825688074,0.5648854961832062,0.8126417736749709,0.6325050243934148,10,16,4,0.5540371429999595,0.1371602939998411
0.8166023166023166,0.6801346801346801,0.6047904191616766,0.7769230769230769,0.8458465503568596,0.6505542668996341,10,17,0,0.5914108849999593,0.13542203300016808
0.7992277992277992,0.6556291390728477,0.5789473684210527,0.7557251908396947,0.8288458883168629,0.6123890167838122,10,17,1,0.5669732059998296,0.1378803169998264
0.7876447876447876,0.6357615894039735,0.5614035087719298,0.732824427480916,0.8349113359764878,0.6341653914336739,10,17,2,0.5948570099999415,0.1606737609999982
0.7586872586872587,0.6130030959752322,0.515625,0.7557251908396947,0.79916957610904,0.5748610192270903,10,17,3,0.5552067839998927,0.11761140699991302
0.8185328185328186,0.6758620689655173,0.6163522012578616,0.7480916030534351,0.8312720673807129,0.6206083248268774,10,17,4,0.5718727779999426,0.13298943900008453
0.7857142857142857,0.6287625418060201,0.5562130177514792,0.7230769230769231,0.8151962727993656,0.5704491538283596,10,18,0,0.594199830999969,0.13570863600011762
0.7586872586872587,0.5954692556634305,0.5168539325842697,0.7022900763358778,0.8201471487464741,0.572107089877398,10,18,1,0.5332908210000369,0.14227663199994822
0.7992277992277992,0.6338028169014085,0.5882352941176471,0.6870229007633588,0.811044045998777,0.5802673297712698,10,18,2,0.577893093000057,0.1428410050000366
0.7664092664092664,0.5980066445182725,0.5294117647058824,0.6870229007633588,0.7788133420123479,0.5479470040035537,10,18,3,0.5586501160000807,0.13944276500001251
0.7895752895752896,0.6378737541528239,0.5647058823529412,0.732824427480916,0.8119119474525118,0.6025804651536663,10,18,4,0.5719934869998724,0.14233498499993402
0.8301158301158301,0.6422764227642277,0.6810344827586207,0.6076923076923076,0.8531026962727993,0.644379588423779,78,19,0,0.0306730110000899,0.10910894099993129
0.8513513513513513,0.6882591093117408,0.7327586206896551,0.648854961832061,0.843876363492909,0.6510489225392228,73,19,1,0.030479591000130313,0.1123783220000405
0.8262548262548263,0.6218487394957983,0.6915887850467289,0.5648854961832062,0.8233130165493028,0.649731254225387,76,19,2,0.030063681000001452,0.12477823099993657
0.8281853281853282,0.6307053941908713,0.6909090909090909,0.5801526717557252,0.8188058464997929,0.6328249084447157,77,19,3,0.029009715000029246,0.1081246399999145
0.8262548262548263,0.6153846153846154,0.6990291262135923,0.549618320610687,0.8217547389391877,0.6136333240138792,77,19,4,0.027868077999983143,0.12866227199992863
0.7567567567567568,0.6204819277108434,0.5099009900990099,0.7923076923076923,0.8459655035685965,0.6158403937689353,78,20,0,0.037858337999978176,0.10517214900005456
0.7818532818532818,0.64576802507837,0.5478723404255319,0.7862595419847328,0.8290332761307375,0.6008880749585538,73,20,1,0.030385407000039777,0.1089943360000234
0.7606177606177607,0.6172839506172839,0.5181347150259067,0.7633587786259542,0.8282541373256801,0.6266186063171769,76,20,2,0.029794433000006393,0.1147941010001432
0.7644787644787645,0.6089743589743589,0.5248618784530387,0.7251908396946565,0.8162415922046671,0.6110013591030655,77,20,3,0.030101609999974244,0.10078290799992828
0.7664092664092664,0.6182965299684543,0.5268817204301075,0.7480916030534351,0.8086967670670847,0.5664257225110302,77,20,4,0.030182600999978604,0.11592213599988099
0.7142857142857143,0.5911602209944752,0.46120689655172414,0.823076923076923,0.8066019032513878,0.5333707203927786,78,21,0,0.03742451599987362,0.1251787169999261
0.7027027027027027,0.5698324022346368,0.44933920704845814,0.7786259541984732,0.80332169556384,0.5582414682157116,73,21,1,0.04219678999993448,0.14754477599990423
0.7104247104247104,0.5714285714285714,0.45662100456621,0.7633587786259542,0.8026707694735389,0.5683016736951134,76,21,2,0.040972844999942026,0.15175130100010392
0.7355212355212355,0.5934718100890207,0.4854368932038835,0.7633587786259542,0.8051363986034678,0.5486052818293414,77,21,3,0.038348321000057695,0.1446520709998822
0.7432432432432432,0.6029850746268657,0.4950980392156863,0.7709923664122137,0.8096337061364578,0.5847236917120909,77,21,4,0.04139087900011873,0.1299790220000432
0.8262548262548263,0.6153846153846154,0.6923076923076923,0.5538461538461539,0.8293021411578112,0.6148693873356571,41,22,0,0.04674355400015884,0.7077558519999911
0.8416988416988417,0.646551724137931,0.7425742574257426,0.5725190839694656,0.842485748663629,0.6495949436700252,39,22,1,0.12108289000002515,0.231038787999978
0.8378378378378378,0.631578947368421,0.7422680412371134,0.549618320610687,0.822474702645127,0.6589088297794066,41,22,2,0.11558728499994686,0.29311075500004335
0.8127413127413128,0.5650224215246636,0.6847826086956522,0.48091603053435117,0.7988145255143301,0.6012791587811982,41,22,3,0.12048780100008116,0.4976959099999476
0.832046332046332,0.6098654708520179,0.7391304347826086,0.5190839694656488,0.8247036313785826,0.6189009624367718,41,22,4,0.12020541199990475,0.24116142999992007
0.7567567567567568,0.6134969325153374,0.5102040816326531,0.7692307692307693,0.8356264869151467,0.5981501177897035,41,23,0,0.10630306400003064,0.43624968899985106
0.7567567567567568,0.6158536585365854,0.5126903553299492,0.7709923664122137,0.8107678955362251,0.5920827103115475,39,23,1,0.12030647300002784,0.6934919819998413
0.7625482625482626,0.61198738170347,0.521505376344086,0.7404580152671756,0.814614276978914,0.6006399801447613,41,23,2,0.11415645600004609,0.5092341470001429
0.7702702702702703,0.6123778501628665,0.5340909090909091,0.7175572519083969,0.8160147543247134,0.5793746902114297,41,23,3,0.05322558400007438,0.565924349999932
0.7355212355212355,0.581039755351682,0.4846938775510204,0.7251908396946565,0.795914945657534,0.5529450732104411,41,23,4,0.12056649900000593,0.4059312350000255
0.749034749034749,0.6153846153846154,0.5,0.8,0.8137390959555908,0.544498001293096,41,24,0,0.19801949499992588,0.43791551599997547
0.7374517374517374,0.5853658536585366,0.4873096446700508,0.732824427480916,0.8037556462907075,0.5626431097581389,39,24,1,0.2022853020000639,0.36722515299993574
0.7413127413127413,0.5759493670886076,0.4918918918918919,0.6946564885496184,0.8066355011144644,0.5897911408301121,41,24,2,0.18700248100003591,0.256310977999874
0.7644787644787645,0.6038961038961039,0.5254237288135594,0.7099236641221374,0.8033710081464386,0.5739341791503773,41,24,3,0.2257857110000714,0.3974733779998587
0.7644787644787645,0.6234567901234568,0.5233160621761658,0.7709923664122137,0.8212418880801625,0.5915159464045066,41,24,4,0.22396972600017762,0.5128789000000324
0.8262548262548263,0.625,0.6818181818181818,0.5769230769230769,0.8314432989690721,0.6270125357441534,10,25,0,0.5582011300000431,0.13337904399986655
0.8243243243243243,0.6127659574468085,0.6923076923076923,0.549618320610687,0.8308972917529637,0.62377530121514,10,25,1,0.5958295379998617,0.1530668909999804
0.8378378378378378,0.625,0.7526881720430108,0.5343511450381679,0.8303745783774188,0.6361423353560465,10,25,2,0.5398022230001516,0.13269951699999183
0.8166023166023166,0.6058091286307054,0.6636363636363637,0.5572519083969466,0.7968617472434266,0.5923384810619633,10,25,3,0.5937849130000359,0.13018741200016848
0.8166023166023166,0.5957446808510638,0.6730769230769231,0.5343511450381679,0.812050022683788,0.6167150972551808,10,25,4,0.5764856220000638,0.1347771460000331
0.806949806949807,0.6598639455782312,0.5914634146341463,0.7461538461538462,0.845222045995242,0.632395158121779,10,26,0,0.5567968849998124,0.12272412499987695
0.7895752895752896,0.632996632996633,0.5662650602409639,0.7175572519083969,0.8153539657178925,0.6141272585038192,10,26,1,0.5610260089999883,0.1343943469998976
0.7915057915057915,0.6375838926174496,0.5688622754491018,0.7251908396946565,0.8220407519182593,0.6284320371719723,10,26,2,0.5604998150001848,0.11678463499993086
0.7567567567567568,0.6012658227848101,0.5135135135135135,0.7251908396946565,0.8030948576838866,0.5734308396503696,10,26,3,0.5464301290001004,0.11532659900012732
0.8223938223938224,0.676056338028169,0.6274509803921569,0.732824427480916,0.8374854527881335,0.6351091959203129,10,26,4,0.5927617229999669,0.11686656699998821
0.7799227799227799,0.6298701298701299,0.5449438202247191,0.7461538461538462,0.8156621728786676,0.5591034462654608,10,27,0,0.5705224030000409,0.13985065700012456
0.7664092664092664,0.6006600660066007,0.5290697674418605,0.6946564885496184,0.8226916780085607,0.5661893389555178,10,27,1,0.5633931610000218,0.13855575299999145
0.7992277992277992,0.6388888888888888,0.5859872611464968,0.7022900763358778,0.8108862457344614,0.586325872585191,10,27,2,0.5715664849999484,0.1468424130000585
0.7606177606177607,0.5947712418300654,0.52,0.6946564885496184,0.7818016845178215,0.5657397315778826,10,27,3,0.5865450439998767,0.14489901399997507
0.7934362934362934,0.6445182724252492,0.5705882352941176,0.7404580152671756,0.8141408761859676,0.595340700306835,10,27,4,0.5500640150000891,0.1391321829999015
0.8397683397683398,0.6527196652719666,0.7155963302752294,0.6,0.8513977002379065,0.6537460047375703,78,28,0,0.03905073999999331,0.12417812800003958
0.8146718146718147,0.6065573770491803,0.6548672566371682,0.5648854961832062,0.82790894924749,0.6108173717999266,73,28,1,0.053746756000009555,0.12031384600004458
0.8397683397683398,0.6210045662100456,0.7727272727272727,0.5190839694656488,0.8415586721107757,0.6622215094927896,76,28,2,0.03792307300000175,0.13234871800000292
0.8262548262548263,0.625,0.6880733944954128,0.5725190839694656,0.8149298775075449,0.5979196579208891,77,28,3,0.039370315000041955,0.12335658599999988
0.8223938223938224,0.6068376068376068,0.6893203883495146,0.5419847328244275,0.8410458212517506,0.6352532238275591,77,28,4,0.03737381299993103,0.12138513200011403
0.7837837837837838,0.6521739130434783,0.546875,0.8076923076923077,0.8683881839809675,0.6577430925909694,78,29,0,0.042681486999981644,0.11110394599995743
0.7683397683397684,0.625,0.5291005291005291,0.7633587786259542,0.822681815492041,0.5882948392324251,73,29,1,0.04007547599985628,0.12190605000000687
0.7876447876447876,0.6496815286624203,0.5573770491803278,0.7786259541984732,0.8408978835039549,0.6253675695150849,76,29,2,0.03976222799997231,0.14432026199983738
0.7567567567567568,0.6111111111111112,0.5129533678756477,0.7557251908396947,0.8157287413456418,0.5682511040762442,77,29,3,0.040005205999932514,0.11381028899995727
0.806949806949807,0.6688741721854304,0.5906432748538012,0.7709923664122137,0.8387774424522161,0.6099817691946545,77,29,4,0.04451128300001983,0.1140153989999817
0.750965250965251,0.6172106824925816,0.5024154589371981,0.8,0.8133128469468676,0.526981389593293,78,30,0,0.04648341699999037,0.13008709900009308
0.7297297297297297,0.5906432748538012,0.4786729857819905,0.7709923664122137,0.8020297058997575,0.5473636197604121,73,30,1,0.04589988300017467,0.13278583499982233
0.7644787644787645,0.6303030303030303,0.5226130653266332,0.7938931297709924,0.8215574886087934,0.5998525763009004,76,30,2,0.04416704200002641,0.12971863100005976
0.7606177606177607,0.610062893081761,0.5187165775401069,0.7404580152671756,0.8020395684162771,0.5571898418792008,77,30,3,0.043880197999897064,0.15135293499997715
0.7548262548262549,0.6163141993957704,0.51,0.7786259541984732,0.8313805550624297,0.6118613657100108,77,30,4,0.07595616399999017,0.12279774600006022
0.832046332046332,0.6390041493775933,0.6936936936936937,0.5923076923076923,0.8389968279143537,0.6388127551598719,14,31,0,0.06017324499998722,0.141578551000066
0.8166023166023166,0.6122448979591837,0.6578947368421053,0.5725190839694656,0.832238593999645,0.6186813194405322,22,31,1,0.06202265599995371,0.5539103610001348
0.8146718146718147,0.5596330275229358,0.7011494252873564,0.46564885496183206,0.8314890427441466,0.6400601087077231,22,31,2,0.11394031500003621,0.3234019989999979
0.8243243243243243,0.6224066390041494,0.6818181818181818,0.5725190839694656,0.8114089591100065,0.6098359806726743,22,31,3,0.10797006200004944,0.22936960900005943
0.806949806949807,0.5726495726495726,0.6504854368932039,0.5114503816793893,0.8183324457068466,0.6149593281409552,22,31,4,0.10356119800007946,0.4480575190000309
0.7818532818532818,0.6479750778816199,0.5445026178010471,0.8,0.8599524187153054,0.6366672104758286,14,32,0,0.10550534100002551,0.12722209399998974
0.7606177606177607,0.6149068322981367,0.518324607329843,0.7557251908396947,0.8223760774799298,0.5915935623548764,22,32,1,0.06669403999990209,0.42266066900015176
0.7934362934362934,0.6445182724252492,0.5705882352941176,0.7404580152671756,0.8377517407341657,0.6091641763844919,22,32,2,0.11681605900002978,0.6734544399998867
0.7606177606177607,0.6125,0.5185185185185185,0.7480916030534351,0.8161922796220684,0.5768532611571284,22,32,3,0.12467758299999332,0.3119842390001395
0.7915057915057915,0.6582278481012658,0.5621621621621622,0.7938931297709924,0.8233919166814605,0.5963021868299911,22,32,4,0.11592980899990835,0.2890116180001314
0.7683397683397684,0.6296296296296297,0.5257731958762887,0.7846153846153846,0.8257038065027755,0.5570668630988791,14,33,0,0.13061152800014497,0.16823482800009515
0.7567567567567568,0.6204819277108434,0.5124378109452736,0.7862595419847328,0.8215574886087934,0.5578235693957538,22,33,1,0.22013042000003225,0.19239937199995438
0.7876447876447876,0.6451612903225806,0.5586592178770949,0.7633587786259542,0.8172377063731581,0.5789968483884932,22,33,2,0.20393004900006417,0.515373081000007
0.752895752895753,0.6073619631901841,0.5076923076923077,0.7557251908396947,0.8032132078821231,0.5818267583580874,22,33,3,0.1717669869999554,0.3297535690001041
0.7548262548262549,0.6163141993957704,0.51,0.7786259541984732,0.8199794859656391,0.5871049222025744,22,33,4,0.23348835299998427,0.2438524149999921
0.8378378378378378,0.6557377049180327,0.7017543859649122,0.6153846153846154,0.8378568596352102,0.6335958075718482,10,34,0,0.6115700739999284,0.12367439299987382
0.8204633204633205,0.6204081632653061,0.6666666666666666,0.5801526717557252,0.8288261632838235,0.6175801219442603,10,34,1,0.5375971299999946,0.1256518650000089
0.8301158301158301,0.6106194690265486,0.7263157894736842,0.5267175572519084,0.8363907134544452,0.6410812801450476,10,34,2,0.5426499539998986,0.13482205299987982
0.805019305019305,0.5809128630705395,0.6363636363636364,0.5343511450381679,0.7980255241927531,0.5939362557111729,10,34,3,0.5478588219998528,0.12934041700009402
0.8166023166023166,0.6058091286307054,0.6636363636363637,0.5572519083969466,0.818835434049352,0.6379827023800705,10,34,4,0.5541636959999323,0.14476604200012844
0.7972972972972973,0.6601941747572816,0.5698324022346368,0.7846153846153846,0.8418913560666138,0.616664144059126,10,35,0,0.60110289499994,0.11780332199987242
0.7818532818532818,0.6195286195286195,0.5542168674698795,0.7022900763358778,0.8207882123202556,0.5979657471301505,10,35,1,0.5682399269999223,0.1308471259999351
0.7915057915057915,0.64,0.5680473372781065,0.732824427480916,0.8353452867033552,0.6239522010923044,10,35,2,0.5680022060000738,0.12682001200005288
0.747104247104247,0.5893416927899686,0.5,0.7175572519083969,0.7908751997159595,0.5553124710800641,10,35,3,0.6089707690000523,0.1295410279999487
0.8185328185328186,0.6690140845070423,0.6209150326797386,0.7251908396946565,0.8260942462078623,0.6069393252987199,10,35,4,0.5841808729999229,0.11704163499985043
0.777992277992278,0.6325878594249201,0.5409836065573771,0.7615384615384615,0.8217585249801743,0.5692689461078626,10,36,0,0.5770516180000413,0.12637336399984633
0.749034749034749,0.5859872611464968,0.5027322404371585,0.7022900763358778,0.8165966427993767,0.561907425285011,10,36,1,0.5700857940000787,0.1630640979999498
0.7953667953667953,0.636986301369863,0.577639751552795,0.7099236641221374,0.8194567725900941,0.5950536596302537,10,36,2,0.5919829329998265,0.14252875900001527
0.777992277992278,0.6153846153846154,0.5476190476190477,0.7022900763358778,0.7769098763240428,0.5547937698215979,10,36,3,0.5696836209999674,0.13494628400007969
0.7876447876447876,0.6428571428571429,0.559322033898305,0.7557251908396947,0.8223958025129692,0.6205734531824922,10,36,4,0.5621704960001352,0.14085193700020682
0.8166023166023166,0.5454545454545454,0.7215189873417721,0.43846153846153846,0.8389670896114194,0.6069848297561724,18,37,0,0.02951897299999473,0.11673356899996179
0.8127413127413128,0.5570776255707762,0.6931818181818182,0.46564885496183206,0.8229974160206718,0.582943034366905,18,37,1,0.02598361999980625,0.12282574999994722
0.8166023166023166,0.5454545454545454,0.7307692307692307,0.4351145038167939,0.8137759630747381,0.6022910989270513,18,37,2,0.024074663999954282,0.10639523800000461
0.7972972972972973,0.5374449339207048,0.6354166666666666,0.46564885496183206,0.7961615085705269,0.5402337285590091,18,37,3,0.025606588000073316,0.12937331899979654
0.7895752895752896,0.47342995169082125,0.6447368421052632,0.37404580152671757,0.8346746355800145,0.5568533726100412,18,37,4,0.02561802200011698,0.15544336300013128
0.7625482625482626,0.6144200626959248,0.5185185185185185,0.7538461538461538,0.8250198255352895,0.5524201134737565,18,38,0,0.026480334000098082,0.09862896100003127
0.7606177606177607,0.6050955414012739,0.5191256830601093,0.7251908396946565,0.8152553405526954,0.5578380066664296,18,38,1,0.028535090999866952,0.09607166599994343
0.7432432432432432,0.580441640378549,0.4946236559139785,0.7022900763358778,0.7875712566818549,0.5257756700864844,18,38,2,0.026588699999820165,0.0967038290000346
0.696911196911197,0.525679758308157,0.435,0.6641221374045801,0.7577272816931968,0.4824462531040888,18,38,3,0.02681359099983638,0.10024118399996951
0.7606177606177607,0.5947712418300654,0.52,0.6946564885496184,0.8126220486419315,0.5210656311673743,18,38,4,0.02637584700005391,0.10709343700000318
0.7837837837837838,0.65,0.5473684210526316,0.8,0.836776367961935,0.5969226145806861,18,39,0,0.031046910999975807,0.12366926300001069
0.7644787644787645,0.6139240506329114,0.5243243243243243,0.7404580152671756,0.8227705781407184,0.5736138607250735,18,39,1,0.03278883699999824,0.12248782899996513
0.7586872586872587,0.6105919003115264,0.5157894736842106,0.7480916030534351,0.8210939503323669,0.6045693955137756,18,39,2,0.029781694999883257,0.12344325199978812
0.747104247104247,0.5841269841269842,0.5,0.7022900763358778,0.7941396926839852,0.5338281121280796,18,39,3,0.029959111999914967,0.11561739400008264
0.7625482625482626,0.5858585858585859,0.5240963855421686,0.6641221374045801,0.8121289228159457,0.537191686113076,18,39,4,0.030654490999950212,0.115597138999874
0.805019305019305,0.5073170731707317,0.6933333333333334,0.4,0.7631344171292624,0.5357858280462618,2,40,0,0.02903196800002661,0.0926235940000879
0.777992277992278,0.46511627906976744,0.5952380952380952,0.3816793893129771,0.7554391778606229,0.5007453554822286,2,40,1,0.028219743999898128,0.09143257599998833
0.7857142857142857,0.47393364928909953,0.625,0.3816793893129771,0.7535357121723179,0.5356554454887118,2,40,2,0.02686927099989589,0.09084051600007115
0.7664092664092664,0.45739910313901344,0.5543478260869565,0.3893129770992366,0.7275874312089474,0.49697056631910363,2,40,3,0.027459633000034955,0.09205171899998277
0.7722007722007722,0.4485981308411215,0.5783132530120482,0.366412213740458,0.7607945243308283,0.48118761587739767,2,40,4,0.02748289700002715,0.10838811899998291
0.6718146718146718,0.5170454545454546,0.4099099099099099,0.7,0.7493754956383822,0.4969109132547968,2,41,0,0.03953461499986588,0.10544149699990157
0.6776061776061776,0.5102639296187683,0.4142857142857143,0.6641221374045801,0.7381797739511213,0.4441839552662836,2,41,1,0.036109377000002496,0.08995910199996615
0.6872586872586872,0.5290697674418605,0.4272300469483568,0.6946564885496184,0.7371639347495907,0.47383297902522725,2,41,2,0.028285401000175625,0.09096168099995339
0.6525096525096525,0.4972067039106145,0.3920704845814978,0.6793893129770993,0.7077440479712804,0.44981636354829957,2,41,3,0.028658445000019128,0.10468057799994313
0.6621621621621622,0.5205479452054794,0.405982905982906,0.7251908396946565,0.731581750399432,0.43892407609421435,2,41,4,0.037305588999970496,0.09037294500012649
0.7239382239382239,0.5185185185185185,0.46107784431137727,0.5923076923076923,0.7670400475812849,0.5456839580464504,2,42,0,0.031090294000023277,0.09439211700009764
0.7586872586872587,0.584717607973422,0.5176470588235295,0.6717557251908397,0.7688127502613568,0.5355664137831256,2,42,1,0.031768928000019514,0.09897421300001952
0.747104247104247,0.5618729096989966,0.5,0.6412213740458015,0.7586346332130106,0.5320178273877813,2,42,2,0.03257916999996269,0.09831399099994087
0.7297297297297297,0.5205479452054794,0.4720496894409938,0.5801526717557252,0.7417006923486597,0.48708762303906483,2,42,3,0.03350451100004648,0.09606308999991597
0.7316602316602316,0.5472312703583062,0.4772727272727273,0.6412213740458015,0.7764463380476163,0.5256734252073336,2,42,4,0.034063666000065496,0.09313287600002695
0.8185328185328186,0.584070796460177,0.6875,0.5076923076923077,0.8141950832672482,0.5824440405291358,10,43,0,0.1518664309999167,0.1048259390001931
0.8146718146718147,0.5862068965517241,0.6732673267326733,0.5190839694656488,0.787255656153224,0.5873400482302549,10,43,1,0.1792783569999301,0.10844449199998962
0.8204633204633205,0.5753424657534246,0.7159090909090909,0.48091603053435117,0.8121585103655048,0.6016093329564413,10,43,2,0.14685586899986447,0.10303874200008067
0.8204633204633205,0.6042553191489362,0.6826923076923077,0.5419847328244275,0.7930844034163758,0.5855006665413163,10,43,3,0.1423140899998998,0.1042887039998277
0.806949806949807,0.5495495495495496,0.6703296703296703,0.46564885496183206,0.8096139811034183,0.5647914687533886,10,43,4,0.15414945099996658,0.1091672180000387
0.750965250965251,0.5904761904761905,0.5027027027027027,0.7153846153846154,0.8001189532117368,0.5709023478582802,10,44,0,0.15111232399999608,0.13416473100005533
0.7722007722007722,0.6168831168831169,0.536723163841808,0.7251908396946565,0.8058760873424462,0.5973382306728192,10,44,1,0.16032116799988216,0.10126856399983808
0.7992277992277992,0.6388888888888888,0.5859872611464968,0.7022900763358778,0.8194074600074955,0.6070906231198087,10,44,2,0.14854068600016035,0.09883120099993903
0.7413127413127413,0.5620915032679739,0.49142857142857144,0.6564885496183206,0.7773438270509104,0.5619481385563697,10,44,3,0.14772174500012625,0.097954929000025
0.7857142857142857,0.6360655737704918,0.5574712643678161,0.7404580152671756,0.8242992682012742,0.595316093449458,10,44,4,0.16853550699988773,0.10275017000003572
0.752895752895753,0.6097560975609756,0.5050505050505051,0.7692307692307693,0.802101506740682,0.5366848865174405,10,45,0,0.1491683470001135,0.10372792099997241
0.750965250965251,0.5878594249201278,0.5054945054945055,0.7022900763358778,0.7730832199143933,0.5374855428252596,10,45,1,0.14794357599998875,0.14049042700003156
0.7876447876447876,0.6099290780141844,0.5695364238410596,0.6564885496183206,0.8166459553819754,0.5775485400912003,10,45,2,0.14626989199996387,0.10209591699981502
0.7625482625482626,0.5913621262458472,0.5235294117647059,0.6793893129770993,0.7902735862082569,0.5620733916804179,10,45,3,0.16020474699985243,0.11191901699999107
0.7837837837837838,0.6216216216216216,0.5575757575757576,0.7022900763358778,0.80471231039312,0.5634022451923194,10,45,4,0.15689679699994485,0.11011880700016263
0.833976833976834,0.6587301587301587,0.680327868852459,0.6384615384615384,0.849088025376685,0.643459066134847,18,46,0,0.026451748999988922,0.10317016300018622
0.8416988416988417,0.6693548387096774,0.7094017094017094,0.6335877862595419,0.838678817287019,0.6349876093930715,18,46,1,0.02640587000018968,0.1021971999998641
0.8455598455598455,0.6428571428571429,0.7741935483870968,0.549618320610687,0.8338954967749571,0.6710286259244325,18,46,2,0.025808854999922914,0.10855352400017182
0.8571428571428571,0.6942148760330579,0.7567567567567568,0.6412213740458015,0.8241118803873997,0.6595668043680853,18,46,3,0.02730866000001697,0.10856409200005146
0.8262548262548263,0.628099173553719,0.6846846846846847,0.5801526717557252,0.8299110401009921,0.6312450980459526,18,46,4,0.02533755099989321,0.09853082500012533
0.8166023166023166,0.6801346801346801,0.6047904191616766,0.7769230769230769,0.8781522601110231,0.6619494445279831,18,47,0,0.02987964099997953,0.11435036200009563
0.8108108108108109,0.6733333333333333,0.5976331360946746,0.7709923664122137,0.8465984180523503,0.6163808662025301,18,47,1,0.02728641199996673,0.09878685500007123
0.7953667953667953,0.636986301369863,0.577639751552795,0.7099236641221374,0.8397242440381089,0.674542498125233,18,47,2,0.026478899000039746,0.09629795699993338
0.7837837837837838,0.643312101910828,0.5519125683060109,0.7709923664122137,0.8407696707891985,0.6656805405300572,18,47,3,0.0272697650000282,0.10198699900001884
0.7741312741312741,0.6138613861386139,0.5406976744186046,0.7099236641221374,0.8348620233938893,0.6250059741803589,18,47,4,0.028145251000069038,0.11485535599990726
0.7818532818532818,0.6343042071197411,0.547486033519553,0.7538461538461538,0.8349028548770816,0.5763234851406996,18,48,0,0.03186923999987812,0.12321018900001945
0.7683397683397684,0.6319018404907976,0.5282051282051282,0.7862595419847328,0.8279286742805295,0.6019706038472566,18,48,1,0.0319199599998683,0.10979013399992255
0.7876447876447876,0.6333333333333333,0.5621301775147929,0.7251908396946565,0.8251967572045684,0.6210467623045279,18,48,2,0.03043244299988146,0.10685048599998481
0.7799227799227799,0.6415094339622641,0.5454545454545454,0.7786259541984732,0.8197427855691659,0.5962101315283853,18,48,3,0.040734827000051155,0.10101667100002487
0.7722007722007722,0.6193548387096774,0.5363128491620112,0.732824427480916,0.8132236621496342,0.5849170179490879,18,48,4,0.02844440800004122,0.10181186599993453
0.8436293436293436,0.6746987951807228,0.7058823529411765,0.6461538461538462,0.8652359238699444,0.6573242868669573,12,49,0,0.02865318399994976,0.13902709299986782
0.8359073359073359,0.6640316205533597,0.6885245901639344,0.6412213740458015,0.8360849754423338,0.6390780945493747,12,49,1,0.029327549000072395,0.13949827900000855
0.8455598455598455,0.6460176991150443,0.7684210526315789,0.5572519083969466,0.8347436731956526,0.6767409642197804,12,49,2,0.028614133000019137,0.13542769699984092
0.8532818532818532,0.6885245901639344,0.7433628318584071,0.6412213740458015,0.8272678856737086,0.6387007146531904,12,49,3,0.029203929999994216,0.14219702499985942
0.8262548262548263,0.6311475409836066,0.6814159292035398,0.5877862595419847,0.8427027240270627,0.6448385710757961,12,49,4,0.028596016999927087,0.141470254999831
0.8108108108108109,0.6754966887417219,0.5930232558139535,0.7846153846153846,0.8786478984932594,0.6539309508362762,12,50,0,0.03042537600003925,0.12882465899997442
0.7953667953667953,0.6558441558441559,0.5706214689265536,0.7709923664122137,0.8577036116535495,0.6420559211705243,12,50,1,0.031436849000101574,0.12852146000000175
0.805019305019305,0.6576271186440678,0.5914634146341463,0.7404580152671756,0.8443990768684538,0.6866096897156087,12,50,2,0.03404862600018532,0.1410049579999395
0.7876447876447876,0.6540880503144654,0.5561497326203209,0.7938931297709924,0.8436100755468766,0.6604996612728264,12,50,3,0.0328610110000227,0.1402575090000937
0.7722007722007722,0.6168831168831169,0.536723163841808,0.7251908396946565,0.8398721817859046,0.6186175136559446,12,50,4,0.032592227000122875,0.14527687500003594
0.7760617760617761,0.6329113924050633,0.5376344086021505,0.7692307692307693,0.8444389373513085,0.5878163330180926,12,51,0,0.06032512799993128,0.14787718100001257
0.750965250965251,0.6102719033232629,0.505,0.7709923664122137,0.8267155847486044,0.6129790209098327,12,51,1,0.03673016900006587,0.14898795899989636
0.7915057915057915,0.6275862068965518,0.5723270440251572,0.6946564885496184,0.8286585005029884,0.6303782548388782,12,51,2,0.04504797599997801,0.15703979199997775
0.7895752895752896,0.6517571884984026,0.5604395604395604,0.7786259541984732,0.8288853383829418,0.6099741825364562,12,51,3,0.038486734999878536,0.14981935599985263
0.7722007722007722,0.6193548387096774,0.5363128491620112,0.732824427480916,0.8245556936307867,0.5844221561063887,12,51,4,0.03679168999997273,0.1452965989999484
0.8455598455598455,0.6694214876033058,0.7232142857142857,0.6230769230769231,0.8250892149088025,0.6340537406183663,10,52,0,0.1429843170001277,0.1421446100000594
0.8455598455598455,0.6747967479674797,0.7217391304347827,0.6335877862595419,0.8166558178984951,0.6349030229035633,10,52,1,0.15095041800009312,0.14015923600004498
0.8494208494208494,0.6694915254237288,0.7523809523809524,0.6030534351145038,0.8429492869400557,0.6864238800691818,10,52,2,0.17704274199991232,0.16144222599996283
0.8494208494208494,0.688,0.7226890756302521,0.6564885496183206,0.8270706353433143,0.6443549797539545,10,52,3,0.15674169500016433,0.15354931699994268
0.8262548262548263,0.6370967741935484,0.6752136752136753,0.6030534351145038,0.835384736769434,0.6397062135198226,10,52,4,0.14921252800013463,0.14049238600000535
0.7895752895752896,0.6378737541528239,0.5614035087719298,0.7384615384615385,0.847541633624108,0.6428969200237175,10,53,0,0.1478500770001574,0.1263424059998215
0.806949806949807,0.6575342465753424,0.5962732919254659,0.732824427480916,0.8335700337298064,0.649872922238883,10,53,1,0.14717586500000834,0.11513092900008814
0.8243243243243243,0.6807017543859649,0.6298701298701299,0.7404580152671756,0.8383139041757894,0.6609699325335656,10,53,2,0.1497549569999137,0.12231238999993366
0.7876447876447876,0.6474358974358975,0.5580110497237569,0.7709923664122137,0.8270410477937551,0.5990607639132124,10,53,3,0.1465517550000186,0.12037635399997271
0.8108108108108109,0.6620689655172414,0.6037735849056604,0.732824427480916,0.8325936445943547,0.6371766461854893,10,53,4,0.149440069000093,0.1146207609999692
0.7760617760617761,0.6233766233766234,0.5393258426966292,0.7384615384615385,0.8129659000793021,0.5696756807540534,10,54,0,0.15487311800006864,0.15562606999992568
0.7625482625482626,0.61198738170347,0.521505376344086,0.7404580152671756,0.796605321813914,0.5808385368556916,10,54,1,0.15462921700009247,0.13580672299985963
0.805019305019305,0.6456140350877193,0.5974025974025974,0.7022900763358778,0.8348521608773694,0.6473779477906697,10,54,2,0.1691194780000842,0.17564913699993667
0.7683397683397684,0.6226415094339622,0.5294117647058824,0.7557251908396947,0.8015858926563703,0.5673864180437843,10,54,3,0.1577562410000155,0.1479596589999801
0.777992277992278,0.627831715210356,0.5449438202247191,0.7404580152671756,0.8357989624632621,0.6191955938214093,10,54,4,0.17618973800017557,0.14229295500012995
0.832046332046332,0.6390041493775933,0.6936936936936937,0.5923076923076923,0.8430709754163362,0.6062392598768997,18,55,0,0.025590821999912805,0.10972856500006856
0.8436293436293436,0.6582278481012658,0.7358490566037735,0.5954198473282443,0.8562143716590727,0.6682933042585447,18,55,1,0.02587236999988818,0.11021706399992581
0.8494208494208494,0.6666666666666666,0.7572815533980582,0.5954198473282443,0.8357989624632621,0.6629707118315623,18,55,2,0.026005937999798334,0.11429505000000972
0.8223938223938224,0.5964912280701754,0.7010309278350515,0.5190839694656488,0.8348620233938893,0.6405867452187857,18,55,3,0.027749264000021867,0.10618768200015438
0.8455598455598455,0.6638655462184874,0.7383177570093458,0.6030534351145038,0.8676943408880209,0.6651397454381531,18,55,4,0.026187446999983877,0.10730507499988562
0.7972972972972973,0.6464646464646465,0.5748502994011976,0.7384615384615385,0.864204996034893,0.6181659766169406,18,56,0,0.02997187899995879,0.09977862100004131
0.7837837837837838,0.6291390728476821,0.5555555555555556,0.7251908396946565,0.8542813184212084,0.6432859794221081,18,56,1,0.02830231799998728,0.09893531900002017
0.8088803088803089,0.6597938144329897,0.6,0.732824427480916,0.8411247213839084,0.6764313269163413,18,56,2,0.028648805000102584,0.09955003300001408
0.7953667953667953,0.6513157894736842,0.5722543352601156,0.7557251908396947,0.829881452551433,0.6296201267184709,18,56,3,0.028494401999978436,0.10469921899994006
0.7992277992277992,0.6510067114093959,0.5808383233532934,0.7404580152671756,0.8407400832396394,0.636756672073822,18,56,4,0.028415071000154057,0.09691382900018652
0.777992277992278,0.6325878594249201,0.5409836065573771,0.7615384615384615,0.8296193497224424,0.5598330934824507,18,57,0,0.029505200999892622,0.1033786319999308
0.7683397683397684,0.6296296296296297,0.5284974093264249,0.7786259541984732,0.8479397202990315,0.6339871465635193,18,57,1,0.029349813000180802,0.10644514299997354
0.7915057915057915,0.6447368421052632,0.5664739884393064,0.7480916030534351,0.8312720673807128,0.6339655077645239,18,57,2,0.03320045499981461,0.11011547299995073
0.7972972972972973,0.6579804560260586,0.5738636363636364,0.7709923664122137,0.82790894924749,0.5994299093807759,18,57,3,0.03031958599990503,0.10697434400003658
0.7915057915057915,0.6447368421052632,0.5664739884393064,0.7480916030534351,0.8563721719233881,0.6351322293612794,18,57,4,0.0339919989999089,0.10869205699987106
0.8301158301158301,0.6422764227642277,0.6810344827586207,0.6076923076923076,0.8464611419508327,0.6179409850514517,9,58,0,0.03200432299991007,0.11712558099998205
0.8436293436293436,0.6666666666666666,0.7232142857142857,0.6183206106870229,0.8584334378760085,0.6684000113372268,9,58,1,0.03675480699985201,0.11029054899995572
0.8494208494208494,0.6722689075630253,0.7476635514018691,0.6106870229007634,0.8383139041757895,0.6559861547879666,9,58,2,0.030468095000060202,0.11062344199990548
0.8301158301158301,0.6206896551724138,0.7128712871287128,0.549618320610687,0.8440933388563425,0.6243193619888152,9,58,3,0.029616950999979963,0.12048856199999136
0.8416988416988417,0.6666666666666666,0.7130434782608696,0.6259541984732825,0.8634238712349843,0.6454838891821737,8,58,4,0.028561185999933514,0.10625318100005643
0.7953667953667953,0.6535947712418301,0.5681818181818182,0.7692307692307693,0.8619349722442505,0.6068262220334575,9,59,0,0.030900991999942562,0.10857263699995201
0.7760617760617761,0.6282051282051282,0.5414364640883977,0.7480916030534351,0.8475452196382429,0.6399845309366105,9,59,1,0.03240030699998897,0.11211522100006732
0.7934362934362934,0.6348122866894198,0.5740740740740741,0.7099236641221374,0.8222577272816932,0.6182318232869037,9,59,2,0.030599854999991294,0.11121959199999765
0.7876447876447876,0.6474358974358975,0.5580110497237569,0.7709923664122137,0.8293291516263289,0.6201634092936763,9,59,3,0.031385290000116584,0.11236461200019221
0.8011583011583011,0.6644951140065146,0.5795454545454546,0.7786259541984732,0.8555535830522516,0.6504725320340364,8,59,4,0.030720081000026767,0.10977914899990537
0.777992277992278,0.6349206349206349,0.5405405405405406,0.7692307692307693,0.8396808088818397,0.5927296496969341,9,60,0,0.03560269300010077,0.10769810000010693
0.7818532818532818,0.6389776357827476,0.5494505494505495,0.7633587786259542,0.8492810225457127,0.6643183347311327,9,60,1,0.03491928500011454,0.11003969099988353
0.805019305019305,0.6576271186440678,0.5914634146341463,0.7404580152671756,0.8269917352111563,0.6199010900795674,9,60,2,0.034208713999987594,0.1122112709999783
0.7837837837837838,0.6387096774193548,0.553072625698324,0.7557251908396947,0.8389253802000117,0.6163026639797726,9,60,3,0.03514457599999332,0.11253320800005895
0.7934362934362934,0.6421404682274248,0.5714285714285714,0.732824427480916,0.8572400733771229,0.6278397621508759,8,60,4,0.033604298999989624,0.10460762999991857
0.8552123552123552,0.6835443037974683,0.7570093457943925,0.6230769230769231,0.8314730372720064,0.6387223562969213,10,61,0,0.14675700699990557,0.14843394700005774
0.8436293436293436,0.6693877551020408,0.7192982456140351,0.6259541984732825,0.8312917924137524,0.6600300404486323,10,61,1,0.16709191099994314,0.11146038500010036
0.8513513513513513,0.6577777777777778,0.7872340425531915,0.5648854961832062,0.8386886798035386,0.6776568057015591,10,61,2,0.1439343459999236,0.13298278199999913
0.8397683397683398,0.6584362139917695,0.7142857142857143,0.6106870229007634,0.8317947807562579,0.6322493246677594,10,61,3,0.14557376200014005,0.13403387700009262
0.8359073359073359,0.6502057613168725,0.7053571428571429,0.6030534351145038,0.8378602284158826,0.649919289815807,10,61,4,0.15825591200018607,0.12142902900018271
0.7857142857142857,0.6262626262626263,0.5568862275449101,0.7153846153846154,0.8420697858842189,0.6425879952377344,10,62,0,0.1494997020001847,0.10865707200014185
0.803088803088803,0.6530612244897959,0.588957055214724,0.732824427480916,0.8262520464721776,0.6536089580757489,10,62,1,0.14660575499988227,0.1101938300000711
0.8243243243243243,0.6714801444043321,0.636986301369863,0.7099236641221374,0.8356510247154664,0.6620191657315676,10,62,2,0.15755928499993388,0.10845721499981664
0.8088803088803089,0.6666666666666666,0.5963855421686747,0.7557251908396947,0.8500700238672899,0.6251450950300015,10,62,3,0.14809165999986362,0.11278536800000438
0.8088803088803089,0.6550522648083623,0.6025641025641025,0.7175572519083969,0.8339941219401542,0.6372301872559982,10,62,4,0.14866491099996892,0.12191873100005068
0.7934362934362934,0.6491803278688525,0.5657142857142857,0.7615384615384615,0.8232057890563044,0.5884039304698735,10,63,0,0.17188144099986857,0.12238105000005817
0.7760617760617761,0.6305732484076433,0.5409836065573771,0.7557251908396947,0.8249206067420164,0.6264544061403932,10,63,1,0.1550617250002233,0.12208924199990179
0.8223938223938224,0.676056338028169,0.6274509803921569,0.732824427480916,0.8432747499852062,0.6532232150858499,10,63,2,0.1552088650000769,0.11800732300002892
0.7953667953667953,0.6535947712418301,0.5714285714285714,0.7633587786259542,0.8152750655857348,0.5793294898497702,10,63,3,0.15443763799999033,0.1268073880000884
0.777992277992278,0.6254071661237784,0.5454545454545454,0.732824427480916,0.8361441505414521,0.6185769569055412,10,63,4,0.15253629700009697,0.12634140299996943
0.8301158301158301,0.6333333333333333,0.6909090909090909,0.5846153846153846,0.847789452815226,0.6558171186577035,18,64,0,0.028962489999912577,0.10108696399993278
0.833976833976834,0.6532258064516129,0.6923076923076923,0.6183206106870229,0.84245616111407,0.6356783417338409,18,64,1,0.028096875999835902,0.10365099499995267
0.833976833976834,0.6160714285714286,0.7419354838709677,0.5267175572519084,0.8305619661912934,0.6525704206956917,18,64,2,0.02837245399996391,0.10390137300009883
0.8223938223938224,0.6229508196721312,0.672566371681416,0.5801526717557252,0.8150383651892618,0.6147609863123079,18,64,3,0.029390644999921278,0.13128997100011475
0.8281853281853282,0.6337448559670782,0.6875,0.5877862595419847,0.842554786279267,0.622279698152889,18,64,4,0.028789623000193387,0.11632959799999298
0.7934362934362934,0.6491803278688525,0.5657142857142857,0.7615384615384615,0.8552339413164156,0.6524349957510276,18,65,0,0.030189408000069307,0.0990158419999716
0.806949806949807,0.6666666666666666,0.591715976331361,0.7633587786259542,0.8502080990985659,0.619141887410743,18,65,1,0.029562704999989364,0.09980387599989626
0.7972972972972973,0.6488294314381271,0.5773809523809523,0.7404580152671756,0.8431465372704499,0.6411482040830505,18,65,2,0.02987210900005266,0.09876074699991477
0.7953667953667953,0.6466666666666666,0.5739644970414202,0.7404580152671756,0.8265281969347299,0.6044828254830865,18,65,3,0.03044579400011571,0.10094945500009089
0.8146718146718147,0.6712328767123288,0.6086956521739131,0.7480916030534351,0.8350888612738426,0.6113237270267622,18,65,4,0.029772623000098974,0.0981496680001328
0.7664092664092664,0.6182965299684543,0.5240641711229946,0.7538461538461538,0.8211439333862014,0.5514057584340984,18,66,0,0.0334173449998616,0.1564427959999648
0.7586872586872587,0.6200607902735562,0.5151515151515151,0.7786259541984732,0.8245458311142672,0.5772906918053214,18,66,1,0.033478600999842456,0.10843872100008412
0.7857142857142857,0.6360655737704918,0.5574712643678161,0.7404580152671756,0.81821409550861,0.6105661355698156,18,66,2,0.03583481199984817,0.11319326400007412
0.7683397683397684,0.6341463414634146,0.5279187817258884,0.7938931297709924,0.8116456595064796,0.5972153571526927,18,66,3,0.03163762300005146,0.10550999599990973
0.7741312741312741,0.6261980830670927,0.5384615384615384,0.7480916030534351,0.838609779671381,0.6130534748719026,18,66,4,0.03290165199996409,0.11745741400000043
0.8494208494208494,0.680327868852459,0.7280701754385965,0.6384615384615384,0.8457771609833464,0.6501064096104607,8,67,0,0.03379431799999111,0.13262001099997178
0.832046332046332,0.6561264822134387,0.680327868852459,0.6335877862595419,0.8350592737242835,0.6119715525244006,10,67,1,0.04452691899996353,0.13501954499997737
0.832046332046332,0.6098654708520179,0.7391304347826086,0.5190839694656488,0.8404343452275282,0.6642926062515668,10,67,2,0.03372114500007228,0.1321932690000267
0.8301158301158301,0.6333333333333333,0.6972477064220184,0.5801526717557252,0.8177604197487031,0.6393865194377284,10,67,3,0.033862069999941014,0.1344466339999144
0.8281853281853282,0.6307053941908713,0.6909090909090909,0.5801526717557252,0.8342209598201078,0.6147949949376307,10,67,4,0.0326386829999592,0.12860052599990013
0.7837837837837838,0.6363636363636364,0.550561797752809,0.7538461538461538,0.8522601110229977,0.6429668088918846,8,68,0,0.039380840000148964,0.10396103099992615
0.7895752895752896,0.6472491909385113,0.5617977528089888,0.7633587786259542,0.8376925656350476,0.6037059657117217,10,68,1,0.03358359100002417,0.11744984999995722
0.7876447876447876,0.6283783783783784,0.5636363636363636,0.7099236641221374,0.8351480363729609,0.6390085448598426,10,68,2,0.03309063899996545,0.12005105699995511
0.7818532818532818,0.6319218241042345,0.5511363636363636,0.7404580152671756,0.8054322740990592,0.5861267654319502,10,68,3,0.03433602200016139,0.12133364300007088
0.8204633204633205,0.6713780918727915,0.625,0.7251908396946565,0.8421701481349981,0.6083888235642709,10,68,4,0.03527340599998752,0.11788154500004566
0.7876447876447876,0.6405228758169934,0.5568181818181818,0.7538461538461538,0.8318794607454401,0.5837512893931687,8,69,0,0.037619066999923234,0.11813238499985346
0.7702702702702703,0.6338461538461538,0.5309278350515464,0.7862595419847328,0.8244669309821094,0.5777482093805183,10,69,1,0.037275976000046285,0.13313784199999645
0.7818532818532818,0.6195286195286195,0.5542168674698795,0.7022900763358778,0.8204035741759867,0.6031328311858714,10,69,2,0.03813754600014363,0.13373358200010443
0.7818532818532818,0.6366559485530546,0.55,0.7557251908396947,0.8149693275736236,0.6151866587549789,10,69,3,0.03825380300008874,0.1318391539998629
0.805019305019305,0.6731391585760518,0.5842696629213483,0.7938931297709924,0.8291614888454939,0.5848046623663311,10,69,4,0.042545581000013044,0.13155050899990783
0.8416988416988417,0.6583333333333333,0.7181818181818181,0.6076923076923076,0.8335051546391753,0.6158967493145657,10,70,0,0.15306125999995857,0.12350297100010721
0.8474903474903475,0.6827309236947792,0.7203389830508474,0.648854961832061,0.822445115095568,0.6354994761441498,10,70,1,0.14531651900006182,0.12756401299998288
0.833976833976834,0.6324786324786325,0.7184466019417476,0.5648854961832062,0.8470323687792177,0.6871138334255791,10,70,2,0.14833408300000883,0.13096252600007574
0.8281853281853282,0.6482213438735178,0.6721311475409836,0.6259541984732825,0.8169418308775667,0.6054155062476925,10,70,3,0.153065025999922,0.12070500799995898
0.8223938223938224,0.6260162601626016,0.6695652173913044,0.5877862595419847,0.8291417638124545,0.6185258354754745,10,70,4,0.14913511800000379,0.12213899399989714
0.7818532818532818,0.6220735785953178,0.5502958579881657,0.7153846153846154,0.8363402061855671,0.6317390650354179,10,71,0,0.15078448600002048,0.11834522999993169
0.8011583011583011,0.6600660066006601,0.5813953488372093,0.7633587786259542,0.8375446278872518,0.6272108704917226,10,71,1,0.18571755500011022,0.11981939700012845
0.8185328185328186,0.6736111111111112,0.6178343949044586,0.7404580152671756,0.8482257332781031,0.65931568668104,10,71,2,0.16098145299997668,0.1365106239998113
0.7664092664092664,0.6206896551724138,0.526595744680851,0.7557251908396947,0.8203739866264277,0.583072372018289,10,71,3,0.15899613400006274,0.11731949599993641
0.7857142857142857,0.6407766990291263,0.5561797752808989,0.7557251908396947,0.8295165394402036,0.5985775551824081,10,71,4,0.14857178199986265,0.11653985599991756
0.7741312741312741,0.6285714285714286,0.5351351351351351,0.7615384615384615,0.8205491673275178,0.5763747978990438,10,72,0,0.15398549400015327,0.17495401700011826
0.7277992277992278,0.5765765765765766,0.4752475247524752,0.732824427480916,0.8100084817642069,0.5819243923699636,10,72,1,0.17043233000003966,0.140786430000162
0.806949806949807,0.6621621621621622,0.593939393939394,0.7480916030534351,0.8416375722429335,0.6451080633430543,10,72,2,0.1541785299998537,0.1469923300001028
0.750965250965251,0.6006191950464397,0.5052083333333334,0.7404580152671756,0.7958459080418959,0.5500436137262903,10,72,3,0.15393918899985692,0.12835249700015083
0.7915057915057915,0.6447368421052632,0.5664739884393064,0.7480916030534351,0.8231157662189085,0.5864298731808048,10,72,4,0.15262462300006518,0.17863573799991173
0.8146718146718147,0.5596330275229358,0.6931818181818182,0.46923076923076923,0.8452418715305313,0.5964922867759065,86,73,0,0.028778403999922375,0.13434803099994497
0.8088803088803089,0.5520361990950227,0.6777777777777778,0.46564885496183206,0.8294869518906444,0.5807478493889222,81,73,1,0.028133372999946005,0.13057349699988663
0.8127413127413128,0.5446009389671361,0.7073170731707317,0.44274809160305345,0.822681815492041,0.6125253992556554,84,73,2,0.03146354699993026,0.1326174580001407
0.8088803088803089,0.5676855895196506,0.6632653061224489,0.4961832061068702,0.8099295816320491,0.5688134176760591,85,73,3,0.027338153999835413,0.12363427700006469
0.7837837837837838,0.4716981132075472,0.6172839506172839,0.3816793893129771,0.8212024380140838,0.5563081784861255,85,73,4,0.027978258000075584,0.13265130699983274
0.752895752895753,0.6097560975609756,0.5050505050505051,0.7692307692307693,0.8253469468675655,0.5522428127013784,86,74,0,0.04748893200007842,0.1589751989999968
0.7567567567567568,0.6086956521739131,0.5130890052356021,0.7480916030534351,0.8175434443852694,0.553534768648087,81,74,1,0.028596225999990565,0.1038748769999529
0.7355212355212355,0.5705329153605015,0.48404255319148937,0.6946564885496184,0.7969505098921041,0.5430343573311927,84,74,2,0.02869004900003347,0.1518202720001227
0.694980694980695,0.5352941176470588,0.4354066985645933,0.6946564885496184,0.7600646981083695,0.5010837512927443,85,74,3,0.03686089899997569,0.12226856699999189
0.749034749034749,0.5911949685534591,0.5026737967914439,0.7175572519083969,0.8179182200130185,0.5356631543524519,85,74,4,0.040273412000033204,0.12899095100010527
0.752895752895753,0.6097560975609756,0.5050505050505051,0.7692307692307693,0.8309179222839016,0.5814419486008295,86,75,0,0.03632771100001264,0.13271262900002512
0.7374517374517374,0.6,0.4880382775119617,0.7786259541984732,0.8220604769512989,0.5857484423040396,81,75,1,0.03658421299996917,0.15215636599987192
0.752895752895753,0.6144578313253012,0.5074626865671642,0.7786259541984732,0.8220604769512989,0.5902648094645063,84,75,2,0.03762388299992381,0.13662142700013646
0.7374517374517374,0.5828220858895705,0.48717948717948717,0.7251908396946565,0.8009645541156282,0.5367729193181636,85,75,3,0.038995104000150604,0.14655539800014594
0.7664092664092664,0.6158730158730159,0.5271739130434783,0.7404580152671756,0.8133025622817919,0.5466910046911547,85,75,4,0.044127277999905345,0.14744608199998765
0.8011583011583011,0.4824120603015075,0.6956521739130435,0.36923076923076925,0.7573651863600317,0.5216456753207984,2,76,0,0.052896647000125085,0.10184188099992753
0.777992277992278,0.46511627906976744,0.5952380952380952,0.3816793893129771,0.7536146123044756,0.48829962518035525,2,76,1,0.0470554710000215,0.09781485500002418
0.7837837837837838,0.4666666666666667,0.620253164556962,0.37404580152671757,0.7608832869795057,0.532815592500686,2,76,2,0.05446899599996868,0.10923414900003081
0.7702702702702703,0.46153846153846156,0.5666666666666667,0.3893129770992366,0.72230112235438,0.49487983620534204,2,76,3,0.0581252479998966,0.09761169599983077
0.7741312741312741,0.4507042253521127,0.5853658536585366,0.366412213740458,0.7560605164013651,0.47846455498744955,2,76,4,0.051041267000073276,0.09809363299996221
0.6853281853281853,0.5247813411078717,0.4225352112676056,0.6923076923076923,0.7483941316415543,0.4952625154059269,2,77,0,0.05618172799995591,0.12407046900011665
0.6756756756756757,0.5087719298245614,0.41232227488151657,0.6641221374045801,0.7317198256307078,0.44106579767676185,2,77,1,0.06952323499990598,0.10580245100004504
0.6853281853281853,0.527536231884058,0.4252336448598131,0.6946564885496184,0.7335739787364144,0.4713053544445915,2,77,2,0.054850747000045885,0.12131674700003714
0.6544401544401545,0.5013927576601671,0.39473684210526316,0.6870229007633588,0.7068465589679862,0.44674984552764146,2,77,3,0.05584613500013802,0.10404707199995755
0.6505791505791506,0.514745308310992,0.39669421487603307,0.732824427480916,0.7359508452176657,0.44206678143432954,2,77,4,0.053683510999917416,0.09479675299985502
0.7316602316602316,0.5223367697594502,0.4720496894409938,0.5846153846153846,0.7649088025376686,0.546120856649061,2,78,0,0.05574702599983539,0.09816853099982836
0.752895752895753,0.564625850340136,0.50920245398773,0.6335877862595419,0.768625362447482,0.5307844870821218,2,78,1,0.05683054499991158,0.10753600999987611
0.7548262548262549,0.5752508361204013,0.5119047619047619,0.6564885496183206,0.7649959563682269,0.5397429519705548,2,78,2,0.05320948999997199,0.11012340599995696
0.7142857142857143,0.4965986394557823,0.44785276073619634,0.5572519083969466,0.7335345286703355,0.47823860902528365,2,78,3,0.0656554929998947,0.13074733700000252
0.7258687258687259,0.5359477124183006,0.4685714285714286,0.6259541984732825,0.7767816636092866,0.524653916623469,2,78,4,0.060784830999864425,0.10273594800014507
0.8532818532818532,0.6779661016949152,0.7547169811320755,0.6153846153846154,0.8363005551149881,0.6448179819942224,10,79,0,0.6253895869999724,0.11005285199985337
0.8204633204633205,0.6042553191489362,0.6826923076923077,0.5419847328244275,0.8119513975185908,0.6071947252576617,10,79,1,0.5791254820001086,0.11021501699997316
0.8262548262548263,0.5909090909090909,0.7303370786516854,0.4961832061068702,0.8117344221551571,0.6208217603721966,10,79,2,0.6253267029999279,0.12333215099988593
0.8166023166023166,0.5991561181434599,0.6698113207547169,0.5419847328244275,0.8010040041817071,0.5932697302010352,10,79,3,0.6809020140001394,0.11041023400002814
0.8185328185328186,0.5877192982456141,0.6907216494845361,0.5114503816793893,0.8105410576562715,0.584971774388393,10,79,4,0.6048951029999898,0.10758449600007225
0.7702702702702703,0.6246056782334385,0.5294117647058824,0.7615384615384615,0.8254361617763679,0.6136559674150002,10,80,0,0.6542144300001382,0.09890525500009062
0.7625482625482626,0.6191950464396285,0.5208333333333334,0.7633587786259542,0.8125924610923724,0.6040705079129239,10,80,1,0.5790054249998775,0.10214636600017002
0.7972972972972973,0.6391752577319587,0.58125,0.7099236641221374,0.817277156439237,0.5887578490728682,10,80,2,0.6011303029999908,0.10502868399998988
0.7335907335907336,0.5766871165644172,0.48205128205128206,0.7175572519083969,0.782758348620234,0.5569882787529961,10,80,3,0.6177243939998789,0.10379300899990085
0.7972972972972973,0.6601941747572816,0.5730337078651685,0.7786259541984732,0.8271199479259128,0.5902605800120602,10,80,4,0.6321634939999967,0.10843970600012653
0.8011583011583011,0.643598615916955,0.5849056603773585,0.7153846153846154,0.8306998413957176,0.590461358964683,10,81,0,0.6600584650000201,0.10832291799988525
0.749034749034749,0.5859872611464968,0.5027322404371585,0.7022900763358778,0.8078387281298697,0.5728718923463745,10,81,1,0.5972158540000692,0.12023568900008286
0.7876447876447876,0.6232876712328768,0.5652173913043478,0.6946564885496184,0.8112708838787305,0.5821395380366672,10,81,2,0.6118237770001542,0.11718864099998427
0.7548262548262549,0.5916398713826366,0.5111111111111111,0.7022900763358778,0.7956387951949819,0.5737051215030631,10,81,3,0.7162777190001179,0.11409110999989025
0.7857142857142857,0.6287625418060201,0.5595238095238095,0.7175572519083969,0.8136576128765016,0.5879178579739892,10,81,4,0.6370043719998648,0.11068822800007183
0.832046332046332,0.6329113924050633,0.7009345794392523,0.5769230769230769,0.8539353687549563,0.6353495064411885,86,82,0,0.042912410000099044,0.12015979900002094
0.833976833976834,0.6587301587301587,0.6859504132231405,0.6335877862595419,0.8505138371106772,0.6345091754171487,81,82,1,0.030744858000161912,0.14337970799988398
0.8455598455598455,0.6581196581196581,0.7475728155339806,0.5877862595419847,0.8230072785371916,0.6419593164592474,84,82,2,0.035802386999876035,0.11906062200000633
0.8262548262548263,0.628099173553719,0.6846846846846847,0.5801526717557252,0.80989999408249,0.6254521408594278,85,82,3,0.035440672000049744,0.12157282200018926
0.8281853281853282,0.6337448559670782,0.6875,0.5877862595419847,0.8279483993135689,0.6252499098340494,85,82,4,0.034005841000180226,0.12040760400009276
0.8011583011583011,0.6644951140065146,0.576271186440678,0.7846153846153846,0.8569488501189533,0.6403064478030396,86,83,0,0.03192524599990065,0.10910010799989323
0.8011583011583011,0.6666666666666666,0.5786516853932584,0.7862595419847328,0.8399510819180621,0.6169350757320796,81,83,1,0.0497006699999929,0.13517428800014386
0.7895752895752896,0.6426229508196721,0.5632183908045977,0.7480916030534351,0.8371501272264631,0.632429953560081,84,83,2,0.0314437749998433,0.1083521110001584
0.7915057915057915,0.6301369863013698,0.5714285714285714,0.7022900763358778,0.8228396157563563,0.632044388202577,85,83,3,0.030797349000067697,0.10401782600001752
0.7895752895752896,0.6378737541528239,0.5647058823529412,0.732824427480916,0.827317198256307,0.6164586611100296,85,83,4,0.03153283000006013,0.10746202799987259
0.7915057915057915,0.6447368421052632,0.5632183908045977,0.7538461538461538,0.849236716891356,0.6151936860644531,86,84,0,0.037200953000137815,0.12960658300016803
0.7393822393822393,0.599406528189911,0.49029126213592233,0.7709923664122137,0.8275637611692999,0.5730108991864852,81,84,1,0.044202426000083506,0.13804990800008454
0.747104247104247,0.601823708206687,0.5,0.7557251908396947,0.8169023808114879,0.612401071294932,84,84,2,0.04230645200004801,0.1254757649999192
0.7818532818532818,0.6295081967213115,0.5517241379310345,0.732824427480916,0.8049391482730733,0.5802805833606417,85,84,3,0.037359629999855315,0.12133112099991195
0.7837837837837838,0.6521739130434783,0.5497382198952879,0.8015267175572519,0.8256898830305541,0.6063287974175539,85,84,4,0.04041691000020364,0.12414262099991902
0.832046332046332,0.6390041493775933,0.6936936936936937,0.5923076923076923,0.8514571768437748,0.6265384825673641,63,85,0,0.0601323930000035,0.7227661619999708
0.8359073359073359,0.669260700389105,0.6825396825396826,0.6564885496183206,0.8488372093023256,0.6272950298428126,58,85,1,0.11871435100010785,0.5347609169998577
0.8378378378378378,0.6379310344827587,0.7326732673267327,0.5648854961832062,0.8077006528985935,0.6355262074039374,61,85,2,0.0680525719999423,0.4248395750000782
0.8243243243243243,0.6255144032921811,0.6785714285714286,0.5801526717557252,0.8065861885318659,0.617356261147129,62,85,3,0.07253800300009061,0.48338367600013044
0.8301158301158301,0.639344262295082,0.6902654867256637,0.5954198473282443,0.8214292758940371,0.6227927404430571,62,85,4,0.11646782000002531,0.3246947430000091
0.8011583011583011,0.6644951140065146,0.576271186440678,0.7846153846153846,0.8575634417129263,0.6408658209552534,63,86,0,0.12155254300000706,0.40235838199987484
0.7915057915057915,0.6560509554140127,0.5628415300546448,0.7862595419847328,0.8394480935755566,0.607562400769683,58,86,1,0.12036585999999261,0.2763512700000774
0.7760617760617761,0.6305732484076433,0.5409836065573771,0.7557251908396947,0.826281634021737,0.6200736180418178,61,86,2,0.10740985100005673,0.3697759589999805
0.7837837837837838,0.6241610738255033,0.5568862275449101,0.7099236641221374,0.8216857013235497,0.6356598380072748,62,86,3,0.12242552499992598,0.3167869260000771
0.7722007722007722,0.6242038216560509,0.5355191256830601,0.7480916030534351,0.8220308894017396,0.6104340228802859,62,86,4,0.1116718220000621,0.2642706320000343
0.7876447876447876,0.6428571428571429,0.5561797752808989,0.7615384615384615,0.8452914353687548,0.6234009683219698,63,87,0,0.18848501799993755,0.6413391800001591
0.750965250965251,0.6055045871559633,0.5051020408163265,0.7557251908396947,0.8315186302937057,0.5838338867863978,58,87,1,0.17315938399997322,0.7098668270000417
0.7393822393822393,0.5896656534954408,0.4898989898989899,0.7404580152671756,0.8066355011144644,0.6171990138965673,61,87,2,0.2257190590000846,0.33657124399996974
0.7722007722007722,0.6040268456375839,0.5389221556886228,0.6870229007633588,0.7953330571828708,0.5581815875796052,62,87,3,0.14904540099996666,0.3179108770000312
0.7818532818532818,0.6435331230283912,0.5483870967741935,0.7786259541984732,0.8230565911197902,0.6008839253991717,62,87,4,0.19086024000012003,0.3957941149999442
0.8223938223938224,0.6260162601626016,0.6637931034482759,0.5923076923076923,0.8269230769230769,0.6065780182168871,10,88,0,0.6700999339998361,0.14850975299987113
0.8301158301158301,0.6451612903225806,0.6837606837606838,0.6106870229007634,0.8352565240546778,0.6432962274994785,10,88,1,0.6237004350000461,0.17295626800000719
0.8359073359073359,0.6222222222222222,0.7446808510638298,0.5343511450381679,0.8295658520228021,0.6433512952428335,10,88,2,0.5888051980000455,0.1403190139999424
0.8301158301158301,0.6363636363636364,0.6936936936936937,0.5877862595419847,0.810560782689311,0.596413840615515,10,88,3,0.6149827879999066,0.14601522900011332
0.8185328185328186,0.6050420168067226,0.6728971962616822,0.549618320610687,0.8184705209381227,0.63411945039023,10,88,4,0.6440108280000914,0.16578605800009427
0.8146718146718147,0.6842105263157895,0.5977011494252874,0.8,0.8538065027755749,0.6489379020021284,10,89,0,0.6456192489999921,0.128695450999885
0.7895752895752896,0.6402640264026402,0.563953488372093,0.7404580152671756,0.8260054835591849,0.6080343724639976,10,89,1,0.6208047940001507,0.14868026499993903
0.803088803088803,0.6458333333333334,0.5923566878980892,0.7099236641221374,0.8307197664556087,0.6315619851623799,10,89,2,0.6330192590000934,0.15365778699992916
0.7760617760617761,0.6258064516129033,0.5418994413407822,0.7404580152671756,0.803361145629919,0.5678145055507118,10,89,3,0.6635918280001079,0.12865162599996438
0.8108108108108109,0.6597222222222222,0.6050955414012739,0.7251908396946565,0.8279681243466083,0.6421203878773413,10,89,4,0.6274683589999768,0.13499467700012246
0.7857142857142857,0.6336633663366337,0.5549132947976878,0.7384615384615385,0.8187648691514671,0.5678782970184139,10,90,0,0.6357663930000399,0.15059483299978638
0.7644787644787645,0.6114649681528662,0.5245901639344263,0.732824427480916,0.8061423752884785,0.5477550072461637,10,90,1,0.5809104040001785,0.1725413579999895
0.7934362934362934,0.624561403508772,0.577922077922078,0.6793893129770993,0.817208118823599,0.5989455604176243,10,90,2,0.6164294150000842,0.14694405299997015
0.7625482625482626,0.6045016077170418,0.5222222222222223,0.7175572519083969,0.7998402272323806,0.5561543050232909,10,90,3,0.641384171000027,0.1575466320000487
0.7876447876447876,0.6333333333333333,0.5621301775147929,0.7251908396946565,0.8196244353709291,0.5998246616095394,10,90,4,0.6194299440001032,0.17632804400000168
0.8281853281853282,0.6307053941908713,0.6846846846846847,0.5846153846153846,0.8600317208564632,0.6560620599395542,86,91,0,0.03186016999984531,0.13387495899996793
0.8262548262548263,0.64,0.6722689075630253,0.6106870229007634,0.8331656705524981,0.6257994221628815,81,91,1,0.02914925300001414,0.11721418000001904
0.8185328185328186,0.6083333333333333,0.6697247706422018,0.5572519083969466,0.7988342505473697,0.6162845670964658,84,91,2,0.02807437999990725,0.11470656200003759
0.8243243243243243,0.6224066390041494,0.6818181818181818,0.5725190839694656,0.8088151172653214,0.5980027521617141,85,91,3,0.027086292000149115,0.11555326100005914
0.8262548262548263,0.6186440677966102,0.6952380952380952,0.5572519083969466,0.8121979604315838,0.5900918757558561,85,91,4,0.027891431999933047,0.11339661600004547
0.7837837837837838,0.656441717791411,0.5459183673469388,0.823076923076923,0.84601506740682,0.6099047921850119,86,92,0,0.03059574500002782,0.10520359099996313
0.7548262548262549,0.6163141993957704,0.51,0.7786259541984732,0.8203246740438289,0.5950611066146727,81,92,1,0.02979079500005355,0.11407717299994147
0.7374517374517374,0.5853658536585366,0.4873096446700508,0.732824427480916,0.8029173323865317,0.5555573010356474,84,92,2,0.03364406900004724,0.11171257799992418
0.7432432432432432,0.5882352941176471,0.4947916666666667,0.7251908396946565,0.8186579087519972,0.6077165106120626,85,92,3,0.03226756200001546,0.11320442100009132
0.750965250965251,0.60790273556231,0.5050505050505051,0.7633587786259542,0.8009152415330296,0.5537547001799031,85,92,4,0.042554159000019354,0.11261771199997384
0.7335907335907336,0.6057142857142858,0.4818181818181818,0.8153846153846154,0.832722045995242,0.5792954031573444,86,93,0,0.03536593600006199,0.11575010900014604
0.7277992277992278,0.6072423398328691,0.4780701754385965,0.8320610687022901,0.8103832573919562,0.5675076124596654,81,93,1,0.03605195999989519,0.12185254199994233
0.696911196911197,0.5501432664756447,0.44036697247706424,0.732824427480916,0.7768112511588456,0.5585906638858932,84,93,2,0.03931874200020502,0.14912273499999174
0.7181467181467182,0.5680473372781065,0.463768115942029,0.732824427480916,0.7940213424857485,0.5194694479862604,85,93,3,0.036760318999995434,0.11324383300006957
0.7413127413127413,0.6035502958579881,0.4927536231884058,0.7786259541984732,0.8059451249580843,0.5794031839818943,85,93,4,0.036177693999889016,0.12694809300000998
0.8223938223938224,0.603448275862069,0.6862745098039216,0.5384615384615384,0.8386102299762094,0.6069010587982904,42,94,0,0.05066701300006571,0.2892877629999475
0.832046332046332,0.6266094420600858,0.7156862745098039,0.5572519083969466,0.820709312188098,0.6183885107122763,40,94,1,0.11753832600015812,0.4011557599999378
0.8281853281853282,0.5972850678733032,0.7333333333333333,0.5038167938931297,0.7997416020671835,0.6303604971178157,42,94,2,0.12315226900000198,0.710155388000203
0.7953667953667953,0.5470085470085471,0.6213592233009708,0.48854961832061067,0.7899579856796259,0.5580648795854748,41,94,3,0.06356004200006282,0.36474968199991054
0.8146718146718147,0.5789473684210527,0.6804123711340206,0.5038167938931297,0.7946919936090894,0.5675446394130668,41,94,4,0.11934371300003477,0.5086066700000629
0.7741312741312741,0.64,0.5333333333333333,0.8,0.8416831879460746,0.5878414949770777,42,95,0,0.11174605399992288,0.4738122660000954
0.7451737451737451,0.6071428571428571,0.4975609756097561,0.7786259541984732,0.8063297631023532,0.5663321662125689,40,95,1,0.12351972500005104,0.23003506999998535
0.750965250965251,0.5981308411214953,0.5052631578947369,0.732824427480916,0.8050476359547903,0.570918207700323,42,95,2,0.06824393500005499,0.3443099409998922
0.7355212355212355,0.581039755351682,0.4846938775510204,0.7251908396946565,0.8173166065053159,0.591814119655029,41,95,3,0.10198749500000304,0.31891742400011935
0.7297297297297297,0.5906432748538012,0.4786729857819905,0.7709923664122137,0.7879657573426435,0.5399976891847698,41,95,4,0.1282782190000944,0.32331916499992985
0.7644787644787645,0.6390532544378699,0.5192307692307693,0.8307692307692308,0.8314730372720064,0.5766261037437537,42,96,0,0.21869735300015236,0.36598412100011046
0.7316602316602316,0.592375366568915,0.48095238095238096,0.7709923664122137,0.803982484170661,0.5624142539390561,40,96,1,0.16382951299988235,0.4270842780001658
0.7142857142857143,0.5515151515151515,0.457286432160804,0.6946564885496184,0.7817425094187032,0.5854797283956454,42,96,2,0.17471557300018503,0.39110580800002026
0.7297297297297297,0.5705521472392638,0.47692307692307695,0.7099236641221374,0.7813282837248752,0.5231590843292513,41,96,3,0.1442439679999552,0.32709152799998265
0.7451737451737451,0.6,0.49748743718592964,0.7557251908396947,0.7974732232676491,0.5621876702020769,41,96,4,0.21661772900006326,0.1538348720000613
0.8243243243243243,0.6224066390041494,0.6756756756756757,0.5769230769230769,0.8328905630452021,0.6331867582746786,10,97,0,0.6154767880000236,0.1374825289999535
0.8185328185328186,0.6147540983606558,0.6637168141592921,0.5725190839694656,0.8266859971990453,0.6086034016453755,10,97,1,0.5827912359998209,0.13290115199993124
0.8166023166023166,0.5662100456621004,0.7045454545454546,0.4732824427480916,0.8390831804643273,0.6606149342013353,10,97,2,0.5905190200001016,0.13776304199996048
0.8301158301158301,0.6239316239316239,0.7087378640776699,0.5572519083969466,0.8064283882675504,0.5765508887699851,10,97,3,0.6275698209999518,0.13296622200005004
0.8204633204633205,0.6075949367088608,0.6792452830188679,0.549618320610687,0.8174349567035525,0.625059471238548,10,97,4,0.6935236479998821,0.13797528000009152
0.8108108108108109,0.668918918918919,0.5963855421686747,0.7615384615384615,0.8503072957969865,0.6419618421106107,10,98,0,0.6148146090001774,0.12846947299999556
0.7857142857142857,0.6287625418060201,0.5595238095238095,0.7175572519083969,0.8115470343412824,0.5892015546380557,10,98,1,0.5881033820000994,0.12119856499998605
0.803088803088803,0.6357142857142857,0.5973154362416108,0.6793893129770993,0.8311241296329172,0.6282406817912315,10,98,2,0.57884088600008,0.12013771300007647
0.7741312741312741,0.6163934426229508,0.5402298850574713,0.7175572519083969,0.8009842791486674,0.5613055808282957,10,98,3,0.5955807309999273,0.11890270899993993
0.8204633204633205,0.6825938566552902,0.6172839506172839,0.7633587786259542,0.842554786279267,0.6483671778586366,10,98,4,0.6078186180000102,0.12003859700007524
0.7760617760617761,0.6282051282051282,0.5384615384615384,0.7538461538461538,0.8189631245043616,0.5783604588320378,10,99,0,0.6601820700000189,0.1549153060000208
0.7548262548262549,0.5968253968253968,0.5108695652173914,0.7175572519083969,0.8063100380693138,0.5412029205513939,10,99,1,0.6250388429998566,0.15048255800002153
0.8011583011583011,0.643598615916955,0.5886075949367089,0.7099236641221374,0.8199498984160798,0.6004634983884446,10,99,2,0.6201692350000485,0.207908137000004
0.7702702702702703,0.6046511627906976,0.5352941176470588,0.6946564885496184,0.8062410004536757,0.5702428350063973,10,99,3,0.6359268029998475,0.16881835499998488
0.7895752895752896,0.632996632996633,0.5662650602409639,0.7175572519083969,0.8151567153874983,0.5987374518661456,10,99,4,0.613192693999963,0.15199145499991573
0.833976833976834,0.6416666666666667,0.7,0.5923076923076923,0.856701030927835,0.652817801826902,86,100,0,0.03874128000006749,0.11615685700007816
0.8146718146718147,0.6190476190476191,0.6446280991735537,0.5954198473282443,0.8202950864942699,0.598291941557582,81,100,1,0.036087474999931146,0.11310441999989962
0.833976833976834,0.6194690265486725,0.7368421052631579,0.5343511450381679,0.846914018580981,0.6686171004258644,84,100,2,0.03802728200003003,0.11451178399988748
0.8378378378378378,0.6410256410256411,0.7281553398058253,0.5725190839694656,0.8229283784050339,0.6082195821216112,85,100,3,0.03856967799993072,0.11914014100011627
0.8146718146718147,0.5966386554621849,0.6635514018691588,0.5419847328244275,0.8431563997869698,0.6310732207950245,85,100,4,0.03758594800001447,0.11666536300003827
0.7818532818532818,0.6479750778816199,0.5445026178010471,0.8,0.8620043616177637,0.6543358140794975,86,101,0,0.03978907100008655,0.10798940199993012
0.7664092664092664,0.6230529595015576,0.5263157894736842,0.7633587786259542,0.8185296960372408,0.576024761976609,81,101,1,0.039733515999841984,0.11118225999985043
0.7837837837837838,0.6455696202531646,0.5513513513513514,0.7786259541984732,0.8310550920172791,0.6121357501139024,84,101,2,0.043959874999927706,0.1084728640000776
0.750965250965251,0.6055045871559633,0.5051020408163265,0.7557251908396947,0.8220506144347791,0.5820681090912412,85,101,3,0.042036994999989474,0.11500687000011567
0.803088803088803,0.6730769230769231,0.580110497237569,0.8015267175572519,0.841795372507249,0.6112673630769754,85,101,4,0.04429820099994686,0.11641450000001896
0.7567567567567568,0.6272189349112426,0.5096153846153846,0.8153846153846154,0.8274881046788263,0.5510377850947356,86,102,0,0.05044706200010296,0.13429696399998647
0.7316602316602316,0.5971014492753624,0.48130841121495327,0.7862595419847328,0.8110341834822573,0.5372619360557286,81,102,1,0.05525879900005748,0.13467665600001055
0.7567567567567568,0.6204819277108434,0.5124378109452736,0.7862595419847328,0.8204528867585853,0.5798955865199479,84,102,2,0.0507349049998993,0.12628143100005218
0.7355212355212355,0.5861027190332326,0.485,0.7404580152671756,0.8057873246937688,0.5787260253392097,85,102,3,0.049388790000193694,0.1288695400000961
0.7567567567567568,0.625,0.5121951219512195,0.8015267175572519,0.8406315955579226,0.6209650066720482,85,102,4,0.05285594599990873,0.13262696300012067
0.8359073359073359,0.6473029045643154,0.7027027027027027,0.6,0.8444785884218874,0.6435239571321831,16,103,0,0.05750470300017696,0.3409243979999701
0.803088803088803,0.5819672131147541,0.6283185840707964,0.5419847328244275,0.8253249699193246,0.5990885971480064,24,103,1,0.12044624300006035,0.43468747399992935
0.8166023166023166,0.5622119815668203,0.7093023255813954,0.46564885496183206,0.8337278339941219,0.6339223582250436,24,103,2,0.1065869770000063,0.40116861699993933
0.8204633204633205,0.6075949367088608,0.6792452830188679,0.549618320610687,0.8215969386748723,0.6016292061281503,24,103,3,0.10461279400010426,0.7243783680000888
0.8146718146718147,0.6,0.6605504587155964,0.549618320610687,0.8237765548257293,0.602397140784932,24,103,4,0.11948114400001941,0.37877433300013763
0.7741312741312741,0.64,0.5333333333333333,0.8,0.8577022204599525,0.6461868632506236,16,104,0,0.07976504100020065,0.5267499560000033
0.7567567567567568,0.6111111111111112,0.5129533678756477,0.7557251908396947,0.8232538414501844,0.5889123483454796,24,104,1,0.11806220500011477,0.5150040470000476
0.7818532818532818,0.6295081967213115,0.5517241379310345,0.732824427480916,0.8331656705524982,0.6133881519190674,24,104,2,0.1228503599998021,0.38774945699992713
0.750965250965251,0.60790273556231,0.5050505050505051,0.7633587786259542,0.8063396256188728,0.5696904917301768,24,104,3,0.1254365060001419,0.5320580820000487
0.7934362934362934,0.6603174603174603,0.5652173913043478,0.7938931297709924,0.8274552734875832,0.599678717517306,24,104,4,0.11124895099987953,0.22486956300008387
0.7664092664092664,0.6230529595015576,0.5235602094240838,0.7692307692307693,0.826952815226011,0.559720740377342,16,105,0,0.1598568450001494,0.3313506699998925
0.7335907335907336,0.5964912280701754,0.4834123222748815,0.7786259541984732,0.8099591691816084,0.5449012935906363,24,105,1,0.1465045069999178,0.34020308200001637
0.777992277992278,0.6394984326018809,0.5425531914893617,0.7786259541984732,0.8209065625184921,0.5936137536058637,24,105,2,0.18480694000004405,0.5065870729999915
0.7567567567567568,0.6111111111111112,0.5129533678756477,0.7557251908396947,0.8031836203325641,0.5501827901285201,24,105,3,0.1798767450000014,0.41824124100003246
0.7702702702702703,0.636085626911315,0.5306122448979592,0.7938931297709924,0.8270213227607156,0.584082845363995,24,105,4,0.16888009600006626,0.5762266560000171
0.8301158301158301,0.6451612903225806,0.6779661016949152,0.6153846153846154,0.8382434575733544,0.6515235607122445,10,106,0,0.6704671280001548,0.14427712499991685
0.832046332046332,0.6561264822134387,0.680327868852459,0.6335877862595419,0.8214785884766357,0.62324293104836,10,106,1,0.6224838159998853,0.13475599000003058
0.8204633204633205,0.5903083700440529,0.6979166666666666,0.5114503816793893,0.8208177998698147,0.6411282233451965,10,106,2,0.6218922959999418,0.13537359899987678
0.8223938223938224,0.6134453781512605,0.6822429906542056,0.5572519083969466,0.8008363414008719,0.5826439734330057,10,106,3,0.626497511000025,0.15424442299990915
0.8204633204633205,0.6042553191489362,0.6826923076923077,0.5419847328244275,0.8273862358719452,0.649837782119118,10,106,4,0.662997477999852,0.1337285479999082
0.7876447876447876,0.6428571428571429,0.5561797752808989,0.7615384615384615,0.8405729579698651,0.6433497996166013,10,107,0,0.6293178839998745,0.12006357300015225
0.7683397683397684,0.6078431372549019,0.5314285714285715,0.7099236641221374,0.8098802690494507,0.5916163844494189,10,107,1,0.5843389130000105,0.1279280269998253
0.8011583011583011,0.643598615916955,0.5886075949367089,0.7099236641221374,0.8284513876560743,0.606982829429596,10,107,2,0.6300256899999113,0.13099340699977802
0.7567567567567568,0.60625,0.5132275132275133,0.7404580152671756,0.8034400457620766,0.5604264570853138,10,107,3,0.6103831689999879,0.1170767529999921
0.805019305019305,0.6529209621993127,0.59375,0.7251908396946565,0.8237568297926899,0.6341333819811625,10,107,4,0.6495920680001745,0.12521153300008336
0.777992277992278,0.6349206349206349,0.5405405405405406,0.7692307692307693,0.8301744647105472,0.6026075854501548,10,108,0,0.6468342810001104,0.14090377599995918
0.7548262548262549,0.6043613707165109,0.5105263157894737,0.7404580152671756,0.8084995167366906,0.5521553135171314,10,108,1,0.6093862529999114,0.1703751039999588
0.8011583011583011,0.6411149825783972,0.5897435897435898,0.7022900763358778,0.8077302404481528,0.5909935847143714,10,108,2,0.6316616849999264,0.1429916360000334
0.7644787644787645,0.5986842105263158,0.5260115606936416,0.6946564885496184,0.8021086060319151,0.5541825399354101,10,108,3,0.6300080440000784,0.13826426600007835
0.7915057915057915,0.6351351351351351,0.5696969696969697,0.7175572519083969,0.8183620332564056,0.6001823531232034,10,108,4,0.6498059920002106,0.1493741780000164
0.805019305019305,0.5073170731707317,0.6933333333333334,0.4,0.8326030927835051,0.5927884030710118,25,109,0,0.027261407999958465,0.12490224299995134
0.8108108108108109,0.5462962962962963,0.6941176470588235,0.45038167938931295,0.8155314910152474,0.5765614738843593,25,109,1,0.02555559200004609,0.12329991199999313
0.8088803088803089,0.5217391304347826,0.7105263157894737,0.4122137404580153,0.8102649071937196,0.5945395184766389,25,109,2,0.024515616999906342,0.11788473199999316
0.8011583011583011,0.5422222222222223,0.648936170212766,0.46564885496183206,0.7949385565220821,0.5410952403820817,25,109,3,0.02444420500000888,0.1104986259999805
0.7876447876447876,0.47115384615384615,0.6363636363636364,0.37404580152671757,0.825729333096633,0.5432690655447923,25,109,4,0.033462341000131346,0.10932494299981954
0.7683397683397684,0.620253164556962,0.5268817204301075,0.7538461538461538,0.8257930214115782,0.5561069389055535,25,110,0,0.02686261500002729,0.10211817799995515
0.7625482625482626,0.6095238095238096,0.5217391304347826,0.732824427480916,0.8160246168412332,0.5551758104493814,25,110,1,0.026706339999918782,0.10274701600019398
0.7393822393822393,0.5686900958466453,0.489010989010989,0.6793893129770993,0.7836163875574491,0.5265454729193366,25,110,2,0.026394981000066764,0.10676400199986347
0.696911196911197,0.525679758308157,0.435,0.6641221374045801,0.7591869341381147,0.4859096644933765,25,110,3,0.02749889599999733,0.10014325099996313
0.7625482625482626,0.6070287539936102,0.521978021978022,0.7251908396946565,0.814643864528473,0.5139472739690424,25,110,4,0.04565102700007628,0.11306635099981577
0.7799227799227799,0.6415094339622641,0.5425531914893617,0.7846153846153846,0.8343873909595559,0.5949510822938223,25,111,0,0.03437477999978,0.11784070700014126
0.747104247104247,0.5893416927899686,0.5,0.7175572519083969,0.8164881551176598,0.5703170036531943,25,111,1,0.02873083500003304,0.1216892459999599
0.752895752895753,0.6,0.5079365079365079,0.732824427480916,0.8178097323313017,0.5961455377033253,25,111,2,0.030211601000019073,0.12454459600007795
0.7625482625482626,0.61198738170347,0.521505376344086,0.7404580152671756,0.8015760301398505,0.5476020380307062,25,111,3,0.029975508999996237,0.12239249999993262
0.7606177606177607,0.5838926174496645,0.5209580838323353,0.6641221374045801,0.8044854725131665,0.5374417017512115,25,111,4,0.0348189999999704,0.15353979799988338
0.8088803088803089,0.5074626865671642,0.7183098591549296,0.3923076923076923,0.769597541633624,0.5434182073988916,2,112,0,0.02852884300000369,0.09311647899994568
0.7760617760617761,0.46296296296296297,0.5882352941176471,0.3816793893129771,0.7497682308617867,0.49055612715969177,2,112,1,0.028060045999836802,0.09431976299993039
0.7857142857142857,0.47393364928909953,0.625,0.3816793893129771,0.7528453360159378,0.5308451217738772,2,112,2,0.030194978000054107,0.09585608500015041
0.7683397683397684,0.4594594594594595,0.5604395604395604,0.3893129770992366,0.7319861135767401,0.49525167338977716,2,112,3,0.0306076800000028,0.10662688300021728
0.7741312741312741,0.4507042253521127,0.5853658536585366,0.366412213740458,0.7617610509497604,0.48243853556256355,2,112,4,0.02873200299995915,0.10535991599999761
0.6776061776061776,0.5187319884726225,0.4147465437788018,0.6923076923076923,0.7495043616177637,0.4996422808099128,2,113,0,0.028844886000115366,0.09465263900005993
0.6756756756756757,0.5058823529411764,0.41148325358851673,0.6564885496183206,0.7383079866658777,0.4436918472787109,2,113,1,0.031191346000014164,0.09123580499999662
0.6853281853281853,0.5247813411078717,0.42452830188679247,0.6870229007633588,0.734284079925834,0.47082290831114015,2,113,2,0.029456684000024325,0.09200149799994506
0.6525096525096525,0.4972067039106145,0.3920704845814978,0.6793893129770993,0.7072016095626961,0.44735669620092605,2,113,3,0.029115926000031322,0.09112335700001495
0.6602316602316602,0.5217391304347826,0.4050632911392405,0.732824427480916,0.7331597530425864,0.4393827799123758,2,113,4,0.02988773900005981,0.09284336199993959
0.7355212355212355,0.5292096219931272,0.4782608695652174,0.5923076923076923,0.7780630452022205,0.558158137028345,2,114,0,0.030788912999923923,0.08941487499987488
0.7606177606177607,0.581081081081081,0.5212121212121212,0.6564885496183206,0.7704992405862281,0.5409887341967197,2,114,1,0.03228713399994376,0.09891683299997567
0.752895752895753,0.5704697986577181,0.5089820359281437,0.648854961832061,0.7602520859222439,0.5346296510834871,2,114,2,0.032993855000086114,0.09851317499988
0.7258687258687259,0.5170068027210885,0.4662576687116564,0.5801526717557252,0.7500641063573782,0.5014739266714697,2,114,3,0.03455375200019262,0.10018420599999445
0.7316602316602316,0.5501618122977346,0.47752808988764045,0.648854961832061,0.7792472927392153,0.5213404625343933,2,114,4,0.03443126399997709,0.12136040000018511
0.8185328185328186,0.5877192982456141,0.6836734693877551,0.5153846153846153,0.8169508326724821,0.6071950935087463,10,115,0,0.19874069799993777,0.10670324100010475
0.8185328185328186,0.5982905982905983,0.6796116504854369,0.5343511450381679,0.787709331913131,0.5933295577969565,10,115,1,0.23233268700005283,0.11436477100005504
0.8185328185328186,0.5688073394495413,0.7126436781609196,0.4732824427480916,0.8139830759216522,0.6069613136260683,10,115,2,0.19728690499982804,0.105589504000136
0.8204633204633205,0.6042553191489362,0.6826923076923077,0.5419847328244275,0.7930844034163758,0.5855006665413163,10,115,3,0.19384805400000005,0.115363890000026
0.806949806949807,0.5495495495495496,0.6703296703296703,0.46564885496183206,0.8096139811034183,0.5647914687533886,10,115,4,0.19776504600008593,0.10713140299981205
0.7606177606177607,0.6,0.5166666666666667,0.7153846153846154,0.8004956383822364,0.5885109591742439,10,116,0,0.193615101999967,0.09949997100011387
0.7606177606177607,0.6075949367088608,0.518918918918919,0.732824427480916,0.804988460855672,0.5900652441139085,10,116,1,0.20723569299980227,0.09691632799990657
0.7992277992277992,0.6438356164383562,0.5838509316770186,0.7175572519083969,0.826104108724382,0.6158034547182981,10,116,2,0.18603827200013257,0.09740074000001187
0.7413127413127413,0.5620915032679739,0.49142857142857144,0.6564885496183206,0.7773438270509104,0.5619481385563697,10,116,3,0.19015958400018462,0.10042444600003364
0.7857142857142857,0.6384364820846905,0.5568181818181818,0.7480916030534351,0.8231848038345465,0.5954105341382832,10,116,4,0.20430721699995047,0.1050138230000357
0.7741312741312741,0.6213592233009708,0.5363128491620112,0.7384615384615385,0.8102696272799365,0.5599941771127213,10,117,0,0.2026901210001597,0.1134285099999488
0.7142857142857143,0.5621301775147929,0.45893719806763283,0.7251908396946565,0.7733988204430242,0.5441724384497684,10,117,1,0.2173256069997933,0.11357696899995062
0.7915057915057915,0.6170212765957447,0.5761589403973509,0.6641221374045801,0.8171588062410005,0.5730250467065159,10,117,2,0.2626688339998964,0.11140319900005125
0.7625482625482626,0.5913621262458472,0.5235294117647059,0.6793893129770993,0.7880939700573998,0.5612491287221684,10,117,3,0.2079989410001417,0.10655326799997056
0.7837837837837838,0.6216216216216216,0.5575757575757576,0.7022900763358778,0.8064481133005899,0.5655568939008508,10,117,4,0.2064752840001347,0.13456348199997592
0.8436293436293436,0.6639004149377593,0.7207207207207207,0.6153846153846154,0.8431007137192705,0.6493884220626924,25,118,0,0.039753087000008236,0.11954655599993202
0.8455598455598455,0.68,0.7142857142857143,0.648854961832061,0.8403455825788508,0.6602278371477148,25,118,1,0.02662970600022163,0.11286533399993459
0.8397683397683398,0.6343612334801763,0.75,0.549618320610687,0.8284711126891137,0.6670365813076667,25,118,2,0.0284388279999348,0.1322725279999304
0.833976833976834,0.6416666666666667,0.7064220183486238,0.5877862595419847,0.8197625106022053,0.6120570506617466,25,118,3,0.02681294099988918,0.11646042000006673
0.8359073359073359,0.6613545816733067,0.6916666666666667,0.6335877862595419,0.8438073258772709,0.6481212051294383,25,118,4,0.02623700899994219,0.11809622800001307
0.8166023166023166,0.6735395189003437,0.6086956521739131,0.7538461538461538,0.8620340999206978,0.6364160842095867,25,119,0,0.0357031730000017,0.1307918279999285
0.806949806949807,0.673202614379085,0.5885714285714285,0.7862595419847328,0.8609582421050554,0.6553517481001572,25,119,1,0.03117368199991688,0.10557710200009751
0.7992277992277992,0.6462585034013606,0.5828220858895705,0.7251908396946565,0.8311833047320355,0.6564700648642846,25,119,2,0.045031008000023576,0.12067391300001873
0.7857142857142857,0.6407766990291263,0.5561797752808989,0.7557251908396947,0.8278004615657731,0.6473611670115746,25,119,3,0.028223629000194705,0.26611544999991565
0.8166023166023166,0.6801346801346801,0.608433734939759,0.7709923664122137,0.8460954297098449,0.6340790446957347,25,119,4,0.03267175199994199,0.11601895600006173
0.7702702702702703,0.6148867313915858,0.5307262569832403,0.7307692307692307,0.8326923076923076,0.5839627465465297,25,120,0,0.032346420000067155,0.1381386670000211
0.7683397683397684,0.6226415094339622,0.5294117647058824,0.7557251908396947,0.8142888139337633,0.5821329652963678,25,120,1,0.032828245000018796,0.11570646900008796
0.7934362934362934,0.6372881355932203,0.573170731707317,0.7175572519083969,0.8291220387794149,0.6286498887305285,25,120,2,0.029627470999912475,0.10887031300012495
0.7548262548262549,0.6163141993957704,0.51,0.7786259541984732,0.8160640669073121,0.5949314721985537,25,120,3,0.03056162999996559,0.11499606999996104
0.7741312741312741,0.6261980830670927,0.5384615384615384,0.7480916030534351,0.8316468430084621,0.6189582397675282,25,120,4,0.03877941499990811,0.11310177599989402
0.8436293436293436,0.6610878661087866,0.7247706422018348,0.6076923076923076,0.8405134813639968,0.6561313581212537,14,121,0,0.029900260999966122,0.18002301100000295
0.833976833976834,0.6475409836065574,0.6991150442477876,0.6030534351145038,0.8307888040712469,0.6403316924500977,14,121,1,0.02990721800006213,0.18513635699991937
0.8378378378378378,0.631578947368421,0.7422680412371134,0.549618320610687,0.8412627966151844,0.6751837267145038,14,121,2,0.035907785000063086,0.1926846270000624
0.8378378378378378,0.6440677966101694,0.7238095238095238,0.5801526717557252,0.8228987908554747,0.6170609603710007,14,121,3,0.030721074999974007,0.17878066500020395
0.8378378378378378,0.6557377049180327,0.7079646017699115,0.6106870229007634,0.8484525711580566,0.6507036092350269,14,121,4,0.03044247799994082,0.17140902999994978
0.8108108108108109,0.6711409395973155,0.5952380952380952,0.7692307692307693,0.868080888183981,0.6674275690743011,14,122,0,0.03162465099990186,0.14595544799999516
0.803088803088803,0.6644736842105263,0.5838150289017341,0.7709923664122137,0.8508886127384263,0.6503499421779296,14,122,1,0.03208350799991422,0.17487317300015093
0.7895752895752896,0.632996632996633,0.5662650602409639,0.7175572519083969,0.8356411621989467,0.6556342020237761,14,122,2,0.03825200699998277,0.14942176600015955
0.7741312741312741,0.6285714285714286,0.5380434782608695,0.7557251908396947,0.8272284356076297,0.6424440601620626,14,122,3,0.03244877700012694,0.15535414200007835
0.8127413127413128,0.6777408637873754,0.6,0.7786259541984732,0.8534725920665917,0.6547262156636472,14,122,4,0.033308667000028436,0.15190663399994264
0.7837837837837838,0.6339869281045751,0.5511363636363636,0.7461538461538462,0.8185567010309277,0.5652357029622747,14,123,0,0.039620124000066426,0.18647461099999418
0.7586872586872587,0.6153846153846154,0.5154639175257731,0.7633587786259542,0.818381758289445,0.6112386389763188,14,123,1,0.03896110999994562,0.1841602409999723
0.7876447876447876,0.6232876712328768,0.5652173913043478,0.6946564885496184,0.8288557508333826,0.628639472821878,14,123,2,0.04095076699991296,0.18804589399996985
0.7644787644787645,0.6280487804878049,0.5228426395939086,0.7862595419847328,0.827839911631852,0.6014595702448751,14,123,3,0.043482648999997764,0.19049577700002374
0.7972972972972973,0.668769716088328,0.5698924731182796,0.8091603053435115,0.8410458212517506,0.6312653428642072,14,123,4,0.04272732799995538,0.18626914499986924
0.8281853281853282,0.6244725738396625,0.6915887850467289,0.5692307692307692,0.8411478984932593,0.6363195266780624,10,124,0,0.19672381600003064,0.1383658419999847
0.8359073359073359,0.6530612244897959,0.7017543859649122,0.6106870229007634,0.8230270035702311,0.6683877162835644,10,124,1,0.19462858099996083,0.1428508700000748
0.8359073359073359,0.6351931330472103,0.7254901960784313,0.5648854961832062,0.84314653727045,0.6681400661639706,10,124,2,0.1936442219998753,0.14555811700006416
0.8474903474903475,0.6877470355731226,0.7131147540983607,0.6641221374045801,0.8272678856737085,0.644526866300219,10,124,3,0.20389601200008656,0.13830889800010482
0.8262548262548263,0.6370967741935484,0.6752136752136753,0.6030534351145038,0.8340138469731936,0.6389770083074888,10,124,4,0.19433299899992562,0.13674355700004526
0.8223938223938224,0.676056338028169,0.6233766233766234,0.7384615384615385,0.8416931007137194,0.6448509727567675,10,125,0,0.19680209699981788,0.12391907500000343
0.803088803088803,0.6530612244897959,0.588957055214724,0.732824427480916,0.839891906818944,0.6388387060749728,10,125,1,0.20014070499996706,0.12635752899996078
0.8243243243243243,0.6761565836298933,0.6333333333333333,0.7251908396946565,0.8487484466536481,0.6385564431479562,10,125,2,0.1947839090000798,0.127003281000043
0.7876447876447876,0.6474358974358975,0.5580110497237569,0.7709923664122137,0.8275144485867014,0.6004693426118675,10,125,3,0.19757207099996776,0.12537862499993935
0.805019305019305,0.6552901023890785,0.5925925925925926,0.732824427480916,0.8314101426119889,0.6343796819607902,10,125,4,0.199771058999886,0.1534153630000219
0.7837837837837838,0.6291390728476821,0.5523255813953488,0.7307692307692307,0.8292327517842981,0.6095709939476204,10,126,0,0.20798905300011938,0.14584010800012948
0.7548262548262549,0.6092307692307692,0.5103092783505154,0.7557251908396947,0.8028088447048148,0.559733304814529,10,126,1,0.20226374200001374,0.14905302299985124
0.8166023166023166,0.6666666666666666,0.6168831168831169,0.7251908396946565,0.8387478549026569,0.64281457192977,10,126,2,0.20208046499988086,0.15651797300006365
0.7683397683397684,0.6226415094339622,0.5294117647058824,0.7557251908396947,0.8019014931850011,0.5683980651308552,10,126,3,0.2074599779998607,0.14789514100016277
0.7799227799227799,0.6274509803921569,0.5485714285714286,0.732824427480916,0.8347042231295738,0.6198697208642143,10,126,4,0.20269490999999107,0.14610230500011312
0.8397683397683398,0.6437768240343348,0.7281553398058253,0.5769230769230769,0.8422283901665345,0.6217388568424134,25,127,0,0.026234050000084608,0.10988530899999205
0.8436293436293436,0.6639004149377593,0.7272727272727273,0.6106870229007634,0.8357003372980649,0.6336960239039332,25,127,1,0.027090952999969886,0.11356946199998674
0.8397683397683398,0.6406926406926406,0.74,0.5648854961832062,0.8236582046274927,0.6566863877805358,25,127,2,0.02957164700001158,0.10963516399988293
0.8359073359073359,0.6255506607929515,0.7395833333333334,0.5419847328244275,0.8206304120559401,0.6262148956868705,25,127,3,0.025624354999990828,0.11629208299996208
0.8474903474903475,0.6666666666666666,0.7452830188679245,0.6030534351145038,0.8438369134268299,0.662697889518805,25,127,4,0.03726442000015595,0.1270962309999959
0.7876447876447876,0.6381578947368421,0.5574712643678161,0.7461538461538462,0.8437648691514671,0.5934950475354226,25,128,0,0.02807802300003459,0.10282568599996011
0.7915057915057915,0.6560509554140127,0.5628415300546448,0.7862595419847328,0.8392508432451624,0.6176747319166005,25,128,1,0.026713901999983136,0.10414047200015375
0.7818532818532818,0.6270627062706271,0.5523255813953488,0.7251908396946565,0.8200781111308361,0.6194213651632399,25,128,2,0.028881812000008722,0.10037192100003267
0.7741312741312741,0.6213592233009708,0.5393258426966292,0.732824427480916,0.8166262303489358,0.6126513697133087,25,128,3,0.027984732999811968,0.1020935599999575
0.7992277992277992,0.6578947368421053,0.5780346820809249,0.7633587786259542,0.8398820443024242,0.6382586015058872,25,128,4,0.02772684499996103,0.10235747000001538
0.7799227799227799,0.6148648648648649,0.5481927710843374,0.7,0.818953211736717,0.5632816023850653,25,129,0,0.02981308700009322,0.12075161999996453
0.7683397683397684,0.6319018404907976,0.5282051282051282,0.7862595419847328,0.828776850701225,0.6115978865863112,25,129,1,0.030445903999861912,0.11529714000016611
0.7953667953667953,0.6418918918918919,0.5757575757575758,0.7251908396946565,0.8190228218632267,0.6186916686891735,25,129,2,0.030243761999827257,0.11325490500007618
0.7683397683397684,0.6103896103896104,0.5310734463276836,0.7175572519083969,0.8133420123478707,0.5984695168164186,25,129,3,0.03140495999991799,0.11459455900012472
0.7972972972972973,0.6579804560260586,0.5738636363636364,0.7709923664122137,0.845464228652583,0.6342086693842441,25,129,4,0.031700079000074766,0.11274277400002575
0.8378378378378378,0.6440677966101694,0.7169811320754716,0.5846153846153846,0.8370935765265662,0.6078706267851659,10,130,0,0.030262935000109792,0.11761837800008834
0.832046332046332,0.6448979591836734,0.6929824561403509,0.6030534351145038,0.8311734422155156,0.6093200603464468,10,130,1,0.02900917900001332,0.11449058799985323
0.8397683397683398,0.6406926406926406,0.74,0.5648854961832062,0.831992031086652,0.6687450539877802,11,130,2,0.038571163999904456,0.11788343900002474
0.8243243243243243,0.5991189427312775,0.7083333333333334,0.5190839694656488,0.8188551590823916,0.6170926148434948,11,130,3,0.029565079999883892,0.121355167000047
0.8436293436293436,0.6610878661087866,0.7314814814814815,0.6030534351145038,0.8546955441150362,0.667438966043457,10,130,4,0.029822301000194784,0.11339928799998233
0.7895752895752896,0.6354515050167224,0.5621301775147929,0.7307692307692307,0.8378766851704996,0.5796137516524413,10,131,0,0.031241902999909144,0.11949107999998887
0.7857142857142857,0.6430868167202572,0.5555555555555556,0.7633587786259542,0.8388760676174132,0.6132856266409085,10,131,1,0.029803958999991664,0.10868917799984956
0.7760617760617761,0.6209150326797386,0.5428571428571428,0.7251908396946565,0.8125234234767343,0.5984985151960172,11,131,2,0.029471735000015542,0.11095195200005037
0.7606177606177607,0.6075949367088608,0.518918918918919,0.732824427480916,0.81301654930272,0.607345463413576,11,131,3,0.030715052000005016,0.12063482500002465
0.7876447876447876,0.6451612903225806,0.5586592178770949,0.7633587786259542,0.8317947807562578,0.625730784019006,10,131,4,0.03250855900000715,0.11432291100004477
0.7837837837837838,0.6216216216216216,0.5542168674698795,0.7076923076923077,0.8133425852498019,0.5574073124247718,10,132,0,0.036421584999970946,0.12368486300010773
0.7683397683397684,0.6226415094339622,0.5294117647058824,0.7557251908396947,0.8282442748091603,0.5978941940719982,10,132,1,0.03466735300003165,0.11492057600003136
0.7972972972972973,0.6391752577319587,0.58125,0.7099236641221374,0.8176420695504665,0.6051792348986306,11,132,2,0.03657540000017434,0.11996178499998678
0.7876447876447876,0.6381578947368421,0.5606936416184971,0.7404580152671756,0.8229678284711126,0.6200375864901282,11,132,3,0.03509105300008741,0.11562827100010509
0.8185328185328186,0.678082191780822,0.6149068322981367,0.7557251908396947,0.8595380397262166,0.6581390152182389,10,132,4,0.03689609400021254,0.11750724599983187
0.8378378378378378,0.65,0.7090909090909091,0.6,0.852498017446471,0.666430560021777,10,133,0,0.19173557999988589,0.14574460999983785
0.8378378378378378,0.65,0.7155963302752294,0.5954198473282443,0.8360948379588535,0.6752916916564926,10,133,1,0.23098580500004573,0.13146879799978706
0.8378378378378378,0.625,0.7526881720430108,0.5343511450381679,0.837672840602008,0.6959242700982593,10,133,2,0.20052183600000717,0.13262657400014177
0.8378378378378378,0.6557377049180327,0.7079646017699115,0.6106870229007634,0.8307789415547272,0.62909445530353,10,133,3,0.20095479899987367,0.12882190100003754
0.8397683397683398,0.6612244897959184,0.7105263157894737,0.6183206106870229,0.8377911908002447,0.6525937326591255,10,133,4,0.19781898099995487,0.12563169999998536
0.8262548262548263,0.6830985915492958,0.6298701298701299,0.7461538461538462,0.8498909595559081,0.665223278374075,10,134,0,0.21428058700007568,0.11116486099990652
0.803088803088803,0.6506849315068494,0.5900621118012422,0.7251908396946565,0.8416277097264138,0.6430097321593881,10,134,1,0.19245277000004535,0.11129678899987994
0.8185328185328186,0.6618705035971223,0.6258503401360545,0.7022900763358778,0.8382448665601514,0.6500436675971151,10,134,2,0.19579781200013713,0.11863832299991373
0.8088803088803089,0.6666666666666666,0.5963855421686747,0.7557251908396947,0.8502475491646448,0.6252470452608117,10,134,3,0.20024945000000116,0.15356412799997088
0.8088803088803089,0.6550522648083623,0.6025641025641025,0.7175572519083969,0.8339152218079966,0.6375823044088311,10,134,4,0.1984469149999768,0.13296290300013425
0.8146718146718147,0.6712328767123288,0.6049382716049383,0.7538461538461538,0.845757335448057,0.6135367785668315,10,135,0,0.21913795599994046,0.13028348700004244
0.7818532818532818,0.6435331230283912,0.5483870967741935,0.7786259541984732,0.8246444562794644,0.6159514974193365,10,135,1,0.2036362490000556,0.13331806400015012
0.8108108108108109,0.6597222222222222,0.6050955414012739,0.7251908396946565,0.8383139041757895,0.6670778930954796,10,135,2,0.2014419810000163,0.13362448599991694
0.7972972972972973,0.6557377049180327,0.5747126436781609,0.7633587786259542,0.8154032783004912,0.5794187483994672,10,135,3,0.20037097299996276,0.128536879999956
0.7857142857142857,0.6336633663366337,0.5581395348837209,0.732824427480916,0.8332544332011755,0.6140659098756729,10,135,4,0.20339601499995297,0.1263046920000761
0.8436293436293436,0.6523605150214592,0.7378640776699029,0.5846153846153846,0.8538362410785092,0.6561392075966732,25,136,0,0.029116251000004922,0.11109744100008356
0.8416988416988417,0.672,0.7058823529411765,0.6412213740458015,0.8403948951614494,0.6441836369059672,25,136,1,0.029418294000151946,0.11137513499988927
0.833976833976834,0.6160714285714286,0.7419354838709677,0.5267175572519084,0.8338067341262797,0.666225800482901,25,136,2,0.029101586000024326,0.11242675499988763
0.832046332046332,0.6390041493775933,0.7,0.5877862595419847,0.8103043572597984,0.6037837195186675,25,136,3,0.02991483400001016,0.11264879899999869
0.8436293436293436,0.6693877551020408,0.7192982456140351,0.6259541984732825,0.8486005089058524,0.6242979560790543,25,136,4,0.030280027999879167,0.14370674399992822
0.7972972972972973,0.6601941747572816,0.5698324022346368,0.7846153846153846,0.8541038858049168,0.6503019128645011,25,137,0,0.031209248999857664,0.1049386949998734
0.7953667953667953,0.6558441558441559,0.5706214689265536,0.7709923664122137,0.857585261455313,0.631876906252204,25,137,1,0.031680480000204625,0.12720471199986605
0.7953667953667953,0.6442953020134228,0.5748502994011976,0.732824427480916,0.8334615460480896,0.6385051710444442,25,137,2,0.03070882299994082,0.10239750699997785
0.7953667953667953,0.6490066225165563,0.5730994152046783,0.7480916030534351,0.8225338777442452,0.6054211264368543,25,137,3,0.0317478619999747,0.10125030600011087
0.8108108108108109,0.6733333333333333,0.5976331360946746,0.7709923664122137,0.8366076888178787,0.6005987960085922,25,137,4,0.032391784000083135,0.10872282200011796
0.7606177606177607,0.610062893081761,0.5159574468085106,0.7461538461538462,0.8212430610626487,0.5619916366607101,25,138,0,0.03364713300015865,0.1144137999999657
0.750965250965251,0.6126126126126126,0.504950495049505,0.7786259541984732,0.8139929384381719,0.552975630532655,25,138,1,0.03710961399997359,0.11275922900017576
0.7895752895752896,0.6426229508196721,0.5632183908045977,0.7480916030534351,0.8183718957729254,0.6099440709613438,25,138,2,0.03769802600004368,0.1389008940000167
0.7702702702702703,0.631578947368421,0.53125,0.7786259541984732,0.8114089591100065,0.5841837038216663,25,138,3,0.03479005600001983,0.12352866099990933
0.777992277992278,0.6439628482972136,0.5416666666666666,0.7938931297709924,0.8419334477385249,0.603789979145002,25,138,4,0.03237790200000745,0.1072075090000908
0.8397683397683398,0.6584362139917695,0.7079646017699115,0.6153846153846154,0.8506344171292625,0.6496221472356392,9,139,0,0.03163052099989727,0.1205909719999454
0.832046332046332,0.6533864541832669,0.6833333333333333,0.6259541984732825,0.8244176183995108,0.6217731489427925,12,139,1,0.033955094000020836,0.1563584709999759
0.8359073359073359,0.6351931330472103,0.7254901960784313,0.5648854961832062,0.8374065526559757,0.6588558033486306,12,139,2,0.03358767400004581,0.15668832300002578
0.8166023166023166,0.6153846153846154,0.6551724137931034,0.5801526717557252,0.817967532595617,0.6084564702604811,11,139,3,0.04202634900002522,0.14885820899985447
0.8378378378378378,0.6585365853658537,0.7043478260869566,0.6183206106870229,0.8358482750458607,0.609518114036339,12,139,4,0.03442891100007728,0.15146372499998506
0.7953667953667953,0.6535947712418301,0.5681818181818182,0.7692307692307693,0.8572164948453609,0.6513956671997179,9,140,0,0.03795442999989973,0.11447561699992548
0.7895752895752896,0.6449511400651465,0.5625,0.7557251908396947,0.8515691263782867,0.6280825092958562,12,140,1,0.03447809299996152,0.14251477299990256
0.7934362934362934,0.6445182724252492,0.5705882352941176,0.7404580152671756,0.833067045387301,0.6362974854793358,12,140,2,0.04330325799992352,0.1288802870001291
0.7992277992277992,0.6556291390728477,0.5789473684210527,0.7557251908396947,0.8156794287630432,0.5972477278163916,11,140,3,0.03551698100000067,0.13194452899983844
0.803088803088803,0.6458333333333334,0.5923566878980892,0.7099236641221374,0.8315383553267452,0.5961104316520673,12,140,4,0.05434210900011749,0.14930860499998744
0.7895752895752896,0.6426229508196721,0.56,0.7538461538461538,0.8402656621728788,0.5804654375092102,9,141,0,0.04015472200012482,0.12837297999999464
0.7548262548262549,0.6163141993957704,0.51,0.7786259541984732,0.8128587490384047,0.5741208781562801,12,141,1,0.043273062000025675,0.1541771790000439
0.7722007722007722,0.6143790849673203,0.5371428571428571,0.7175572519083969,0.8184409333885634,0.6058630556093552,12,141,2,0.04072347499982243,0.1639436499999647
0.749034749034749,0.6130952380952381,0.5024390243902439,0.7862595419847328,0.8132335246661538,0.5983121002082981,11,141,3,0.06623764699997992,0.1717545340000015
0.7857142857142857,0.6542056074766355,0.5526315789473685,0.8015267175572519,0.8286289129534292,0.5894612208667617,12,141,4,0.04493177400013337,0.1732008820001738
0.8223938223938224,0.6101694915254238,0.6792452830188679,0.5538461538461539,0.8357057890563045,0.6376922075384894,10,142,0,0.20926240100016003,0.18151743999987957
0.8281853281853282,0.6396761133603239,0.6810344827586207,0.6030534351145038,0.8208671124524134,0.641311077457868,10,142,1,0.25096326399989266,0.16716870699997344
0.8494208494208494,0.6694915254237288,0.7523809523809524,0.6030534351145038,0.8414501844290591,0.6794713947357327,10,142,2,0.2063243559998682,0.1457545889998073
0.8281853281853282,0.6536964980544747,0.6666666666666666,0.6412213740458015,0.8224648401286073,0.6084612295199749,10,142,3,0.2096110499999213,0.13455242600002748
0.8223938223938224,0.6260162601626016,0.6695652173913044,0.5877862595419847,0.8265479219677694,0.6163605748819821,10,142,4,0.2013296929999342,0.12903381700016325
0.8166023166023166,0.6689895470383276,0.6114649681528662,0.7384615384615385,0.8409397303727201,0.648599287074959,10,143,0,0.26955208200001834,0.12376915599998028
0.7876447876447876,0.6357615894039735,0.5614035087719298,0.732824427480916,0.834211097303588,0.6307207266161188,10,143,1,0.22319786699995348,0.13800416200001564
0.8088803088803089,0.6621160409556314,0.5987654320987654,0.7404580152671756,0.8264492968025722,0.6251211252782144,10,143,2,0.21090445799995905,0.12624806299982083
0.7664092664092664,0.6206896551724138,0.526595744680851,0.7557251908396947,0.8217547389391877,0.5835516903211471,10,143,3,0.2077131000000918,0.12713927499999045
0.7857142857142857,0.6384364820846905,0.5568181818181818,0.7480916030534351,0.8299899402331499,0.5998488375120237,10,143,4,0.20179801199992653,0.12131890799992107
0.7876447876447876,0.6451612903225806,0.5555555555555556,0.7692307692307693,0.8364492466296589,0.6209017335674943,10,144,0,0.21272950299999138,0.15797635200010518
0.7683397683397684,0.6178343949044586,0.5300546448087432,0.7404580152671756,0.8064974258831883,0.5676784740106904,10,144,1,0.2077242790001037,0.17473685199979627
0.7992277992277992,0.6462585034013606,0.5828220858895705,0.7251908396946565,0.8256701579975146,0.610375087483997,10,144,2,0.23159025599989036,0.1466611760001797
0.750965250965251,0.6006191950464397,0.5052083333333334,0.7404580152671756,0.7993372388898751,0.5513732677388162,10,144,3,0.2051651640001637,0.138914646999865
0.7895752895752896,0.6402640264026402,0.563953488372093,0.7404580152671756,0.8222873148312525,0.5879523020900184,10,144,4,0.20480414899998323,0.1333243560000028
